2026-07-31 21:38:09,753 [INFO] Успешное подключение к БД. Начинается обработка директории: C:\MyDev\OliverHellwig\sanskrit\dcs\data\conllu\files\Abhidhānacintāmaṇi
2026-07-31 21:38:09,753 [INFO] Обработка файла (1): C:\MyDev\OliverHellwig\sanskrit\dcs\data\conllu\files\Abhidhānacintāmaṇi\Abhidhānacintāmaṇi-0000-AbhCint, 1-9741.conllu
2026-07-31 21:38:09,754 [ERROR] Ошибка при создании/получении Work/Chapter для файла C:\MyDev\OliverHellwig\sanskrit\dcs\data\conllu\files\Abhidhānacintāmaṇi\Abhidhānacintāmaṇi-0000-AbhCint, 1-9741.conllu: relation "sangraha.work" does not exist
LINE 1: SELECT id FROM sangraha.work WHERE title = 'Unknown_Work';
                       ^

2026-07-31 21:38:09,755 [INFO] Обработка файла (2): C:\MyDev\OliverHellwig\sanskrit\dcs\data\conllu\files\Abhidhānacintāmaṇi\Abhidhānacintāmaṇi-0001-AbhCint, 2-9744.conllu
2026-07-31 21:38:09,756 [ERROR] Ошибка при создании/получении Work/Chapter для файла C:\MyDev\OliverHellwig\sanskrit\dcs\data\conllu\files\Abhidhānacintāmaṇi\Abhidhānacintāmaṇi-0001-AbhCint, 2-9744.conllu: relation "sangraha.work" does not exist
LINE 1: SELECT id FROM sangraha.work WHERE title = 'Unknown_Work';
                       ^

2026-07-31 21:38:09,757 [INFO] Обработка файла (3): C:\MyDev\OliverHellwig\sanskrit\dcs\data\conllu\files\Abhidhānacintāmaṇi\Abhidhānacintāmaṇi-0002-AbhCint, 3-9885.conllu
2026-07-31 21:38:09,757 [ERROR] Ошибка при создании/получении Work/Chapter для файла C:\MyDev\OliverHellwig\sanskrit\dcs\data\conllu\files\Abhidhānacintāmaṇi\Abhidhānacintāmaṇi-0002-AbhCint, 3-9885.conllu: relation "sangraha.work" does not exist
LINE 1: SELECT id FROM sangraha.work WHERE title = 'Unknown_Work';
                       ^

2026-07-31 21:38:09,758 [INFO] Импорт завершен. Всего обработано файлов: 3, стихов: 0
2026-07-31 21:43:42,602 [INFO] Успешное подключение к БД. Начинается обработка директории: C:\MyDev\OliverHellwig\sanskrit\dcs\data\conllu\files\Abhidhānacintāmaṇi
2026-07-31 21:43:42,603 [INFO] Обработка файла (1): C:\MyDev\OliverHellwig\sanskrit\dcs\data\conllu\files\Abhidhānacintāmaṇi\Abhidhānacintāmaṇi-0000-AbhCint, 1-9741.conllu
2026-07-31 21:43:42,604 [ERROR] Ошибка при создании/получении Work/Chapter для файла C:\MyDev\OliverHellwig\sanskrit\dcs\data\conllu\files\Abhidhānacintāmaṇi\Abhidhānacintāmaṇi-0000-AbhCint, 1-9741.conllu: relation "sangraha.work" does not exist
LINE 1: SELECT id FROM sangraha.work WHERE title = 'Unknown_Work';
                       ^

2026-07-31 21:43:42,604 [INFO] Обработка файла (2): C:\MyDev\OliverHellwig\sanskrit\dcs\data\conllu\files\Abhidhānacintāmaṇi\Abhidhānacintāmaṇi-0001-AbhCint, 2-9744.conllu
2026-07-31 21:43:42,605 [ERROR] Ошибка при создании/получении Work/Chapter для файла C:\MyDev\OliverHellwig\sanskrit\dcs\data\conllu\files\Abhidhānacintāmaṇi\Abhidhānacintāmaṇi-0001-AbhCint, 2-9744.conllu: relation "sangraha.work" does not exist
LINE 1: SELECT id FROM sangraha.work WHERE title = 'Unknown_Work';
                       ^

2026-07-31 21:43:42,606 [INFO] Обработка файла (3): C:\MyDev\OliverHellwig\sanskrit\dcs\data\conllu\files\Abhidhānacintāmaṇi\Abhidhānacintāmaṇi-0002-AbhCint, 3-9885.conllu
2026-07-31 21:43:42,607 [ERROR] Ошибка при создании/получении Work/Chapter для файла C:\MyDev\OliverHellwig\sanskrit\dcs\data\conllu\files\Abhidhānacintāmaṇi\Abhidhānacintāmaṇi-0002-AbhCint, 3-9885.conllu: relation "sangraha.work" does not exist
LINE 1: SELECT id FROM sangraha.work WHERE title = 'Unknown_Work';
                       ^

2026-07-31 21:43:42,607 [INFO] Импорт завершен. Всего обработано файлов: 3, стихов: 0
2026-07-31 21:59:46,458 [INFO] Завершено. Импортировано стихов/предложений: 677
2026-07-31 22:02:39,485 [INFO] Завершено. Импортировано стихов/предложений: 677
2026-07-31 22:37:03,406 [INFO] Импорт завершен. Файлов обработано: 3, Стихов/предложений: 677
2026-07-31 22:58:01,645 [INFO] Импорт завершен. Файлов обработано: 2, Стихов/предложений: 147
2026-07-31 22:58:01,864 [INFO] Импорт завершен. Файлов обработано: 1, Стихов/предложений: 8
2026-07-31 22:58:07,470 [INFO] Импорт завершен. Файлов обработано: 3, Стихов/предложений: 677
2026-07-31 22:58:10,598 [INFO] Импорт завершен. Файлов обработано: 2, Стихов/предложений: 332
2026-07-31 22:58:11,749 [INFO] Импорт завершен. Файлов обработано: 1, Стихов/предложений: 119
2026-07-31 22:58:12,572 [INFO] Импорт завершен. Файлов обработано: 1, Стихов/предложений: 86
2026-07-31 22:58:23,124 [INFO] Импорт завершен. Файлов обработано: 25, Стихов/предложений: 1232
2026-07-31 22:58:35,343 [INFO] Импорт завершен. Файлов обработано: 58, Стихов/предложений: 937
2026-07-31 23:10:28,489 [INFO] Импорт завершен. Файлов обработано: 2, Стихов/предложений: 147
2026-07-31 23:10:28,693 [INFO] Импорт завершен. Файлов обработано: 1, Стихов/предложений: 8
2026-07-31 23:10:34,347 [INFO] Импорт завершен. Файлов обработано: 3, Стихов/предложений: 677
2026-07-31 23:10:37,441 [INFO] Импорт завершен. Файлов обработано: 2, Стихов/предложений: 332
2026-07-31 23:10:38,601 [INFO] Импорт завершен. Файлов обработано: 1, Стихов/предложений: 119
2026-07-31 23:10:39,431 [INFO] Импорт завершен. Файлов обработано: 1, Стихов/предложений: 86
2026-07-31 23:10:50,015 [INFO] Импорт завершен. Файлов обработано: 25, Стихов/предложений: 1232
2026-07-31 23:10:50,128 [ERROR] Сбой Work/Chapter для файла C:\MyDev\OliverHellwig\sanskrit\dcs\data\conllu\files\Aitareya-Āraṇyaka\Aitareya-Āraṇyaka-0000-AĀ, 2, 7-15179.conllu: value too long for type character varying(80)

2026-07-31 23:10:50,553 [ERROR] Сбой Work/Chapter для файла C:\MyDev\OliverHellwig\sanskrit\dcs\data\conllu\files\Aitareya-Āraṇyaka\Aitareya-Āraṇyaka-0003-AĀ, 1, 1, 3-14921.conllu: value too long for type character varying(80)

2026-07-31 23:10:50,555 [ERROR] Сбой Work/Chapter для файла C:\MyDev\OliverHellwig\sanskrit\dcs\data\conllu\files\Aitareya-Āraṇyaka\Aitareya-Āraṇyaka-0003-AĀ, 1, 1, 3-14921.conllu: value too long for type character varying(80)

2026-07-31 23:10:50,557 [ERROR] Сбой Work/Chapter для файла C:\MyDev\OliverHellwig\sanskrit\dcs\data\conllu\files\Aitareya-Āraṇyaka\Aitareya-Āraṇyaka-0003-AĀ, 1, 1, 3-14921.conllu: value too long for type character varying(80)

2026-07-31 23:10:50,559 [ERROR] Сбой Work/Chapter для файла C:\MyDev\OliverHellwig\sanskrit\dcs\data\conllu\files\Aitareya-Āraṇyaka\Aitareya-Āraṇyaka-0003-AĀ, 1, 1, 3-14921.conllu: value too long for type character varying(80)

2026-07-31 23:10:50,569 [ERROR] Сбой Work/Chapter для файла C:\MyDev\OliverHellwig\sanskrit\dcs\data\conllu\files\Aitareya-Āraṇyaka\Aitareya-Āraṇyaka-0003-AĀ, 1, 1, 3-14921.conllu: value too long for type character varying(80)

2026-07-31 23:10:50,580 [ERROR] Сбой Work/Chapter для файла C:\MyDev\OliverHellwig\sanskrit\dcs\data\conllu\files\Aitareya-Āraṇyaka\Aitareya-Āraṇyaka-0003-AĀ, 1, 1, 3-14921.conllu: value too long for type character varying(80)

2026-07-31 23:10:50,583 [ERROR] Сбой Work/Chapter для файла C:\MyDev\OliverHellwig\sanskrit\dcs\data\conllu\files\Aitareya-Āraṇyaka\Aitareya-Āraṇyaka-0003-AĀ, 1, 1, 3-14921.conllu: value too long for type character varying(80)

2026-07-31 23:10:50,585 [ERROR] Сбой Work/Chapter для файла C:\MyDev\OliverHellwig\sanskrit\dcs\data\conllu\files\Aitareya-Āraṇyaka\Aitareya-Āraṇyaka-0003-AĀ, 1, 1, 3-14921.conllu: value too long for type character varying(80)

2026-07-31 23:10:50,586 [ERROR] Сбой Work/Chapter для файла C:\MyDev\OliverHellwig\sanskrit\dcs\data\conllu\files\Aitareya-Āraṇyaka\Aitareya-Āraṇyaka-0003-AĀ, 1, 1, 3-14921.conllu: value too long for type character varying(80)

2026-07-31 23:10:50,588 [ERROR] Сбой Work/Chapter для файла C:\MyDev\OliverHellwig\sanskrit\dcs\data\conllu\files\Aitareya-Āraṇyaka\Aitareya-Āraṇyaka-0003-AĀ, 1, 1, 3-14921.conllu: value too long for type character varying(80)

2026-07-31 23:10:50,591 [ERROR] Сбой Work/Chapter для файла C:\MyDev\OliverHellwig\sanskrit\dcs\data\conllu\files\Aitareya-Āraṇyaka\Aitareya-Āraṇyaka-0003-AĀ, 1, 1, 3-14921.conllu: value too long for type character varying(80)

2026-07-31 23:10:50,592 [ERROR] Сбой Work/Chapter для файла C:\MyDev\OliverHellwig\sanskrit\dcs\data\conllu\files\Aitareya-Āraṇyaka\Aitareya-Āraṇyaka-0003-AĀ, 1, 1, 3-14921.conllu: value too long for type character varying(80)

2026-07-31 23:10:50,594 [ERROR] Сбой Work/Chapter для файла C:\MyDev\OliverHellwig\sanskrit\dcs\data\conllu\files\Aitareya-Āraṇyaka\Aitareya-Āraṇyaka-0003-AĀ, 1, 1, 3-14921.conllu: value too long for type character varying(80)

2026-07-31 23:10:50,596 [ERROR] Сбой Work/Chapter для файла C:\MyDev\OliverHellwig\sanskrit\dcs\data\conllu\files\Aitareya-Āraṇyaka\Aitareya-Āraṇyaka-0003-AĀ, 1, 1, 3-14921.conllu: value too long for type character varying(80)

2026-07-31 23:10:50,598 [ERROR] Сбой Work/Chapter для файла C:\MyDev\OliverHellwig\sanskrit\dcs\data\conllu\files\Aitareya-Āraṇyaka\Aitareya-Āraṇyaka-0003-AĀ, 1, 1, 3-14921.conllu: value too long for type character varying(80)

2026-07-31 23:10:50,599 [ERROR] Сбой Work/Chapter для файла C:\MyDev\OliverHellwig\sanskrit\dcs\data\conllu\files\Aitareya-Āraṇyaka\Aitareya-Āraṇyaka-0003-AĀ, 1, 1, 3-14921.conllu: value too long for type character varying(80)

2026-07-31 23:10:50,603 [ERROR] Сбой Work/Chapter для файла C:\MyDev\OliverHellwig\sanskrit\dcs\data\conllu\files\Aitareya-Āraṇyaka\Aitareya-Āraṇyaka-0003-AĀ, 1, 1, 3-14921.conllu: value too long for type character varying(80)

2026-07-31 23:10:50,605 [ERROR] Сбой Work/Chapter для файла C:\MyDev\OliverHellwig\sanskrit\dcs\data\conllu\files\Aitareya-Āraṇyaka\Aitareya-Āraṇyaka-0003-AĀ, 1, 1, 3-14921.conllu: value too long for type character varying(80)

2026-07-31 23:10:50,607 [ERROR] Сбой Work/Chapter для файла C:\MyDev\OliverHellwig\sanskrit\dcs\data\conllu\files\Aitareya-Āraṇyaka\Aitareya-Āraṇyaka-0003-AĀ, 1, 1, 3-14921.conllu: value too long for type character varying(80)

2026-07-31 23:10:50,609 [ERROR] Сбой Work/Chapter для файла C:\MyDev\OliverHellwig\sanskrit\dcs\data\conllu\files\Aitareya-Āraṇyaka\Aitareya-Āraṇyaka-0003-AĀ, 1, 1, 3-14921.conllu: value too long for type character varying(80)

2026-07-31 23:10:50,611 [ERROR] Сбой Work/Chapter для файла C:\MyDev\OliverHellwig\sanskrit\dcs\data\conllu\files\Aitareya-Āraṇyaka\Aitareya-Āraṇyaka-0003-AĀ, 1, 1, 3-14921.conllu: value too long for type character varying(80)

2026-07-31 23:10:50,613 [ERROR] Сбой Work/Chapter для файла C:\MyDev\OliverHellwig\sanskrit\dcs\data\conllu\files\Aitareya-Āraṇyaka\Aitareya-Āraṇyaka-0003-AĀ, 1, 1, 3-14921.conllu: value too long for type character varying(80)

2026-07-31 23:10:50,614 [ERROR] Сбой Work/Chapter для файла C:\MyDev\OliverHellwig\sanskrit\dcs\data\conllu\files\Aitareya-Āraṇyaka\Aitareya-Āraṇyaka-0003-AĀ, 1, 1, 3-14921.conllu: value too long for type character varying(80)

2026-07-31 23:10:50,616 [ERROR] Сбой Work/Chapter для файла C:\MyDev\OliverHellwig\sanskrit\dcs\data\conllu\files\Aitareya-Āraṇyaka\Aitareya-Āraṇyaka-0003-AĀ, 1, 1, 3-14921.conllu: value too long for type character varying(80)

2026-07-31 23:10:50,618 [ERROR] Сбой Work/Chapter для файла C:\MyDev\OliverHellwig\sanskrit\dcs\data\conllu\files\Aitareya-Āraṇyaka\Aitareya-Āraṇyaka-0004-AĀ, 1, 1, 4-14923.conllu: value too long for type character varying(80)

2026-07-31 23:10:50,621 [ERROR] Сбой Work/Chapter для файла C:\MyDev\OliverHellwig\sanskrit\dcs\data\conllu\files\Aitareya-Āraṇyaka\Aitareya-Āraṇyaka-0004-AĀ, 1, 1, 4-14923.conllu: value too long for type character varying(80)

2026-07-31 23:10:50,629 [ERROR] Сбой Work/Chapter для файла C:\MyDev\OliverHellwig\sanskrit\dcs\data\conllu\files\Aitareya-Āraṇyaka\Aitareya-Āraṇyaka-0004-AĀ, 1, 1, 4-14923.conllu: value too long for type character varying(80)

2026-07-31 23:10:50,642 [ERROR] Сбой Work/Chapter для файла C:\MyDev\OliverHellwig\sanskrit\dcs\data\conllu\files\Aitareya-Āraṇyaka\Aitareya-Āraṇyaka-0004-AĀ, 1, 1, 4-14923.conllu: value too long for type character varying(80)

2026-07-31 23:10:50,645 [ERROR] Сбой Work/Chapter для файла C:\MyDev\OliverHellwig\sanskrit\dcs\data\conllu\files\Aitareya-Āraṇyaka\Aitareya-Āraṇyaka-0004-AĀ, 1, 1, 4-14923.conllu: value too long for type character varying(80)

2026-07-31 23:10:50,646 [ERROR] Сбой Work/Chapter для файла C:\MyDev\OliverHellwig\sanskrit\dcs\data\conllu\files\Aitareya-Āraṇyaka\Aitareya-Āraṇyaka-0004-AĀ, 1, 1, 4-14923.conllu: value too long for type character varying(80)

2026-07-31 23:10:50,648 [ERROR] Сбой Work/Chapter для файла C:\MyDev\OliverHellwig\sanskrit\dcs\data\conllu\files\Aitareya-Āraṇyaka\Aitareya-Āraṇyaka-0004-AĀ, 1, 1, 4-14923.conllu: value too long for type character varying(80)

2026-07-31 23:10:50,650 [ERROR] Сбой Work/Chapter для файла C:\MyDev\OliverHellwig\sanskrit\dcs\data\conllu\files\Aitareya-Āraṇyaka\Aitareya-Āraṇyaka-0004-AĀ, 1, 1, 4-14923.conllu: value too long for type character varying(80)

2026-07-31 23:10:50,651 [ERROR] Сбой Work/Chapter для файла C:\MyDev\OliverHellwig\sanskrit\dcs\data\conllu\files\Aitareya-Āraṇyaka\Aitareya-Āraṇyaka-0004-AĀ, 1, 1, 4-14923.conllu: value too long for type character varying(80)

2026-07-31 23:10:50,653 [ERROR] Сбой Work/Chapter для файла C:\MyDev\OliverHellwig\sanskrit\dcs\data\conllu\files\Aitareya-Āraṇyaka\Aitareya-Āraṇyaka-0004-AĀ, 1, 1, 4-14923.conllu: value too long for type character varying(80)

2026-07-31 23:10:50,655 [ERROR] Сбой Work/Chapter для файла C:\MyDev\OliverHellwig\sanskrit\dcs\data\conllu\files\Aitareya-Āraṇyaka\Aitareya-Āraṇyaka-0004-AĀ, 1, 1, 4-14923.conllu: value too long for type character varying(80)

2026-07-31 23:10:50,657 [ERROR] Сбой Work/Chapter для файла C:\MyDev\OliverHellwig\sanskrit\dcs\data\conllu\files\Aitareya-Āraṇyaka\Aitareya-Āraṇyaka-0004-AĀ, 1, 1, 4-14923.conllu: value too long for type character varying(80)

2026-07-31 23:10:50,659 [ERROR] Сбой Work/Chapter для файла C:\MyDev\OliverHellwig\sanskrit\dcs\data\conllu\files\Aitareya-Āraṇyaka\Aitareya-Āraṇyaka-0004-AĀ, 1, 1, 4-14923.conllu: value too long for type character varying(80)

2026-07-31 23:10:50,661 [ERROR] Сбой Work/Chapter для файла C:\MyDev\OliverHellwig\sanskrit\dcs\data\conllu\files\Aitareya-Āraṇyaka\Aitareya-Āraṇyaka-0004-AĀ, 1, 1, 4-14923.conllu: value too long for type character varying(80)

2026-07-31 23:10:50,662 [ERROR] Сбой Work/Chapter для файла C:\MyDev\OliverHellwig\sanskrit\dcs\data\conllu\files\Aitareya-Āraṇyaka\Aitareya-Āraṇyaka-0004-AĀ, 1, 1, 4-14923.conllu: value too long for type character varying(80)

2026-07-31 23:10:50,672 [ERROR] Сбой Work/Chapter для файла C:\MyDev\OliverHellwig\sanskrit\dcs\data\conllu\files\Aitareya-Āraṇyaka\Aitareya-Āraṇyaka-0004-AĀ, 1, 1, 4-14923.conllu: value too long for type character varying(80)

2026-07-31 23:10:50,684 [ERROR] Сбой Work/Chapter для файла C:\MyDev\OliverHellwig\sanskrit\dcs\data\conllu\files\Aitareya-Āraṇyaka\Aitareya-Āraṇyaka-0004-AĀ, 1, 1, 4-14923.conllu: value too long for type character varying(80)

2026-07-31 23:10:50,686 [ERROR] Сбой Work/Chapter для файла C:\MyDev\OliverHellwig\sanskrit\dcs\data\conllu\files\Aitareya-Āraṇyaka\Aitareya-Āraṇyaka-0004-AĀ, 1, 1, 4-14923.conllu: value too long for type character varying(80)

2026-07-31 23:10:50,688 [ERROR] Сбой Work/Chapter для файла C:\MyDev\OliverHellwig\sanskrit\dcs\data\conllu\files\Aitareya-Āraṇyaka\Aitareya-Āraṇyaka-0004-AĀ, 1, 1, 4-14923.conllu: value too long for type character varying(80)

2026-07-31 23:10:52,904 [ERROR] Сбой Work/Chapter для файла C:\MyDev\OliverHellwig\sanskrit\dcs\data\conllu\files\Aitareya-Āraṇyaka\Aitareya-Āraṇyaka-0015-AĀ, 1, 3, 7-14982.conllu: value too long for type character varying(80)

2026-07-31 23:10:52,906 [ERROR] Сбой Work/Chapter для файла C:\MyDev\OliverHellwig\sanskrit\dcs\data\conllu\files\Aitareya-Āraṇyaka\Aitareya-Āraṇyaka-0015-AĀ, 1, 3, 7-14982.conllu: value too long for type character varying(80)

2026-07-31 23:10:52,908 [ERROR] Сбой Work/Chapter для файла C:\MyDev\OliverHellwig\sanskrit\dcs\data\conllu\files\Aitareya-Āraṇyaka\Aitareya-Āraṇyaka-0015-AĀ, 1, 3, 7-14982.conllu: value too long for type character varying(80)

2026-07-31 23:10:52,911 [ERROR] Сбой Work/Chapter для файла C:\MyDev\OliverHellwig\sanskrit\dcs\data\conllu\files\Aitareya-Āraṇyaka\Aitareya-Āraṇyaka-0015-AĀ, 1, 3, 7-14982.conllu: value too long for type character varying(80)

2026-07-31 23:10:52,912 [ERROR] Сбой Work/Chapter для файла C:\MyDev\OliverHellwig\sanskrit\dcs\data\conllu\files\Aitareya-Āraṇyaka\Aitareya-Āraṇyaka-0015-AĀ, 1, 3, 7-14982.conllu: value too long for type character varying(80)

2026-07-31 23:10:52,914 [ERROR] Сбой Work/Chapter для файла C:\MyDev\OliverHellwig\sanskrit\dcs\data\conllu\files\Aitareya-Āraṇyaka\Aitareya-Āraṇyaka-0015-AĀ, 1, 3, 7-14982.conllu: value too long for type character varying(80)

2026-07-31 23:10:52,916 [ERROR] Сбой Work/Chapter для файла C:\MyDev\OliverHellwig\sanskrit\dcs\data\conllu\files\Aitareya-Āraṇyaka\Aitareya-Āraṇyaka-0015-AĀ, 1, 3, 7-14982.conllu: value too long for type character varying(80)

2026-07-31 23:10:52,918 [ERROR] Сбой Work/Chapter для файла C:\MyDev\OliverHellwig\sanskrit\dcs\data\conllu\files\Aitareya-Āraṇyaka\Aitareya-Āraṇyaka-0015-AĀ, 1, 3, 7-14982.conllu: value too long for type character varying(80)

2026-07-31 23:10:53,643 [ERROR] Сбой Work/Chapter для файла C:\MyDev\OliverHellwig\sanskrit\dcs\data\conllu\files\Aitareya-Āraṇyaka\Aitareya-Āraṇyaka-0019-AĀ, 1, 4, 3-15024.conllu: value too long for type character varying(80)

2026-07-31 23:10:53,645 [ERROR] Сбой Work/Chapter для файла C:\MyDev\OliverHellwig\sanskrit\dcs\data\conllu\files\Aitareya-Āraṇyaka\Aitareya-Āraṇyaka-0019-AĀ, 1, 4, 3-15024.conllu: value too long for type character varying(80)

2026-07-31 23:10:53,647 [ERROR] Сбой Work/Chapter для файла C:\MyDev\OliverHellwig\sanskrit\dcs\data\conllu\files\Aitareya-Āraṇyaka\Aitareya-Āraṇyaka-0019-AĀ, 1, 4, 3-15024.conllu: value too long for type character varying(80)

2026-07-31 23:10:53,648 [ERROR] Сбой Work/Chapter для файла C:\MyDev\OliverHellwig\sanskrit\dcs\data\conllu\files\Aitareya-Āraṇyaka\Aitareya-Āraṇyaka-0019-AĀ, 1, 4, 3-15024.conllu: value too long for type character varying(80)

2026-07-31 23:10:53,650 [ERROR] Сбой Work/Chapter для файла C:\MyDev\OliverHellwig\sanskrit\dcs\data\conllu\files\Aitareya-Āraṇyaka\Aitareya-Āraṇyaka-0019-AĀ, 1, 4, 3-15024.conllu: value too long for type character varying(80)

2026-07-31 23:10:53,661 [ERROR] Сбой Work/Chapter для файла C:\MyDev\OliverHellwig\sanskrit\dcs\data\conllu\files\Aitareya-Āraṇyaka\Aitareya-Āraṇyaka-0019-AĀ, 1, 4, 3-15024.conllu: value too long for type character varying(80)

2026-07-31 23:10:53,672 [ERROR] Сбой Work/Chapter для файла C:\MyDev\OliverHellwig\sanskrit\dcs\data\conllu\files\Aitareya-Āraṇyaka\Aitareya-Āraṇyaka-0019-AĀ, 1, 4, 3-15024.conllu: value too long for type character varying(80)

2026-07-31 23:10:53,674 [ERROR] Сбой Work/Chapter для файла C:\MyDev\OliverHellwig\sanskrit\dcs\data\conllu\files\Aitareya-Āraṇyaka\Aitareya-Āraṇyaka-0019-AĀ, 1, 4, 3-15024.conllu: value too long for type character varying(80)

2026-07-31 23:10:53,676 [ERROR] Сбой Work/Chapter для файла C:\MyDev\OliverHellwig\sanskrit\dcs\data\conllu\files\Aitareya-Āraṇyaka\Aitareya-Āraṇyaka-0019-AĀ, 1, 4, 3-15024.conllu: value too long for type character varying(80)

2026-07-31 23:10:53,848 [ERROR] Сбой Work/Chapter для файла C:\MyDev\OliverHellwig\sanskrit\dcs\data\conllu\files\Aitareya-Āraṇyaka\Aitareya-Āraṇyaka-0021-AĀ, 1, 5, 2-15049.conllu: value too long for type character varying(80)

2026-07-31 23:10:53,858 [ERROR] Сбой Work/Chapter для файла C:\MyDev\OliverHellwig\sanskrit\dcs\data\conllu\files\Aitareya-Āraṇyaka\Aitareya-Āraṇyaka-0021-AĀ, 1, 5, 2-15049.conllu: value too long for type character varying(80)

2026-07-31 23:10:53,860 [ERROR] Сбой Work/Chapter для файла C:\MyDev\OliverHellwig\sanskrit\dcs\data\conllu\files\Aitareya-Āraṇyaka\Aitareya-Āraṇyaka-0021-AĀ, 1, 5, 2-15049.conllu: value too long for type character varying(80)

2026-07-31 23:10:53,862 [ERROR] Сбой Work/Chapter для файла C:\MyDev\OliverHellwig\sanskrit\dcs\data\conllu\files\Aitareya-Āraṇyaka\Aitareya-Āraṇyaka-0021-AĀ, 1, 5, 2-15049.conllu: value too long for type character varying(80)

2026-07-31 23:10:53,863 [ERROR] Сбой Work/Chapter для файла C:\MyDev\OliverHellwig\sanskrit\dcs\data\conllu\files\Aitareya-Āraṇyaka\Aitareya-Āraṇyaka-0021-AĀ, 1, 5, 2-15049.conllu: value too long for type character varying(80)

2026-07-31 23:10:53,865 [ERROR] Сбой Work/Chapter для файла C:\MyDev\OliverHellwig\sanskrit\dcs\data\conllu\files\Aitareya-Āraṇyaka\Aitareya-Āraṇyaka-0021-AĀ, 1, 5, 2-15049.conllu: value too long for type character varying(80)

2026-07-31 23:10:53,867 [ERROR] Сбой Work/Chapter для файла C:\MyDev\OliverHellwig\sanskrit\dcs\data\conllu\files\Aitareya-Āraṇyaka\Aitareya-Āraṇyaka-0021-AĀ, 1, 5, 2-15049.conllu: value too long for type character varying(80)

2026-07-31 23:10:53,869 [ERROR] Сбой Work/Chapter для файла C:\MyDev\OliverHellwig\sanskrit\dcs\data\conllu\files\Aitareya-Āraṇyaka\Aitareya-Āraṇyaka-0021-AĀ, 1, 5, 2-15049.conllu: value too long for type character varying(80)

2026-07-31 23:10:53,872 [ERROR] Сбой Work/Chapter для файла C:\MyDev\OliverHellwig\sanskrit\dcs\data\conllu\files\Aitareya-Āraṇyaka\Aitareya-Āraṇyaka-0021-AĀ, 1, 5, 2-15049.conllu: value too long for type character varying(80)

2026-07-31 23:10:53,874 [ERROR] Сбой Work/Chapter для файла C:\MyDev\OliverHellwig\sanskrit\dcs\data\conllu\files\Aitareya-Āraṇyaka\Aitareya-Āraṇyaka-0021-AĀ, 1, 5, 2-15049.conllu: value too long for type character varying(80)

2026-07-31 23:10:53,876 [ERROR] Сбой Work/Chapter для файла C:\MyDev\OliverHellwig\sanskrit\dcs\data\conllu\files\Aitareya-Āraṇyaka\Aitareya-Āraṇyaka-0021-AĀ, 1, 5, 2-15049.conllu: value too long for type character varying(80)

2026-07-31 23:10:53,877 [ERROR] Сбой Work/Chapter для файла C:\MyDev\OliverHellwig\sanskrit\dcs\data\conllu\files\Aitareya-Āraṇyaka\Aitareya-Āraṇyaka-0021-AĀ, 1, 5, 2-15049.conllu: value too long for type character varying(80)

2026-07-31 23:10:53,879 [ERROR] Сбой Work/Chapter для файла C:\MyDev\OliverHellwig\sanskrit\dcs\data\conllu\files\Aitareya-Āraṇyaka\Aitareya-Āraṇyaka-0021-AĀ, 1, 5, 2-15049.conllu: value too long for type character varying(80)

2026-07-31 23:10:53,881 [ERROR] Сбой Work/Chapter для файла C:\MyDev\OliverHellwig\sanskrit\dcs\data\conllu\files\Aitareya-Āraṇyaka\Aitareya-Āraṇyaka-0021-AĀ, 1, 5, 2-15049.conllu: value too long for type character varying(80)

2026-07-31 23:10:53,882 [ERROR] Сбой Work/Chapter для файла C:\MyDev\OliverHellwig\sanskrit\dcs\data\conllu\files\Aitareya-Āraṇyaka\Aitareya-Āraṇyaka-0021-AĀ, 1, 5, 2-15049.conllu: value too long for type character varying(80)

2026-07-31 23:10:53,884 [ERROR] Сбой Work/Chapter для файла C:\MyDev\OliverHellwig\sanskrit\dcs\data\conllu\files\Aitareya-Āraṇyaka\Aitareya-Āraṇyaka-0021-AĀ, 1, 5, 2-15049.conllu: value too long for type character varying(80)

2026-07-31 23:10:53,886 [ERROR] Сбой Work/Chapter для файла C:\MyDev\OliverHellwig\sanskrit\dcs\data\conllu\files\Aitareya-Āraṇyaka\Aitareya-Āraṇyaka-0021-AĀ, 1, 5, 2-15049.conllu: value too long for type character varying(80)

2026-07-31 23:10:53,889 [ERROR] Сбой Work/Chapter для файла C:\MyDev\OliverHellwig\sanskrit\dcs\data\conllu\files\Aitareya-Āraṇyaka\Aitareya-Āraṇyaka-0022-AĀ, 1, 5, 3-15055.conllu: value too long for type character varying(80)

2026-07-31 23:10:53,891 [ERROR] Сбой Work/Chapter для файла C:\MyDev\OliverHellwig\sanskrit\dcs\data\conllu\files\Aitareya-Āraṇyaka\Aitareya-Āraṇyaka-0022-AĀ, 1, 5, 3-15055.conllu: value too long for type character varying(80)

2026-07-31 23:10:53,893 [ERROR] Сбой Work/Chapter для файла C:\MyDev\OliverHellwig\sanskrit\dcs\data\conllu\files\Aitareya-Āraṇyaka\Aitareya-Āraṇyaka-0022-AĀ, 1, 5, 3-15055.conllu: value too long for type character varying(80)

2026-07-31 23:10:53,895 [ERROR] Сбой Work/Chapter для файла C:\MyDev\OliverHellwig\sanskrit\dcs\data\conllu\files\Aitareya-Āraṇyaka\Aitareya-Āraṇyaka-0022-AĀ, 1, 5, 3-15055.conllu: value too long for type character varying(80)

2026-07-31 23:10:53,896 [ERROR] Сбой Work/Chapter для файла C:\MyDev\OliverHellwig\sanskrit\dcs\data\conllu\files\Aitareya-Āraṇyaka\Aitareya-Āraṇyaka-0022-AĀ, 1, 5, 3-15055.conllu: value too long for type character varying(80)

2026-07-31 23:10:53,916 [ERROR] Сбой Work/Chapter для файла C:\MyDev\OliverHellwig\sanskrit\dcs\data\conllu\files\Aitareya-Āraṇyaka\Aitareya-Āraṇyaka-0022-AĀ, 1, 5, 3-15055.conllu: value too long for type character varying(80)

2026-07-31 23:10:53,921 [ERROR] Сбой Work/Chapter для файла C:\MyDev\OliverHellwig\sanskrit\dcs\data\conllu\files\Aitareya-Āraṇyaka\Aitareya-Āraṇyaka-0022-AĀ, 1, 5, 3-15055.conllu: value too long for type character varying(80)

2026-07-31 23:10:53,923 [ERROR] Сбой Work/Chapter для файла C:\MyDev\OliverHellwig\sanskrit\dcs\data\conllu\files\Aitareya-Āraṇyaka\Aitareya-Āraṇyaka-0022-AĀ, 1, 5, 3-15055.conllu: value too long for type character varying(80)

2026-07-31 23:10:53,925 [ERROR] Сбой Work/Chapter для файла C:\MyDev\OliverHellwig\sanskrit\dcs\data\conllu\files\Aitareya-Āraṇyaka\Aitareya-Āraṇyaka-0022-AĀ, 1, 5, 3-15055.conllu: value too long for type character varying(80)

2026-07-31 23:10:53,927 [ERROR] Сбой Work/Chapter для файла C:\MyDev\OliverHellwig\sanskrit\dcs\data\conllu\files\Aitareya-Āraṇyaka\Aitareya-Āraṇyaka-0022-AĀ, 1, 5, 3-15055.conllu: value too long for type character varying(80)

2026-07-31 23:10:53,928 [ERROR] Сбой Work/Chapter для файла C:\MyDev\OliverHellwig\sanskrit\dcs\data\conllu\files\Aitareya-Āraṇyaka\Aitareya-Āraṇyaka-0022-AĀ, 1, 5, 3-15055.conllu: value too long for type character varying(80)

2026-07-31 23:10:53,931 [ERROR] Сбой Work/Chapter для файла C:\MyDev\OliverHellwig\sanskrit\dcs\data\conllu\files\Aitareya-Āraṇyaka\Aitareya-Āraṇyaka-0022-AĀ, 1, 5, 3-15055.conllu: value too long for type character varying(80)

2026-07-31 23:10:53,933 [ERROR] Сбой Work/Chapter для файла C:\MyDev\OliverHellwig\sanskrit\dcs\data\conllu\files\Aitareya-Āraṇyaka\Aitareya-Āraṇyaka-0022-AĀ, 1, 5, 3-15055.conllu: value too long for type character varying(80)

2026-07-31 23:10:53,935 [ERROR] Сбой Work/Chapter для файла C:\MyDev\OliverHellwig\sanskrit\dcs\data\conllu\files\Aitareya-Āraṇyaka\Aitareya-Āraṇyaka-0022-AĀ, 1, 5, 3-15055.conllu: value too long for type character varying(80)

2026-07-31 23:10:54,066 [ERROR] Сбой Work/Chapter для файла C:\MyDev\OliverHellwig\sanskrit\dcs\data\conllu\files\Aitareya-Āraṇyaka\Aitareya-Āraṇyaka-0024-AĀ, 2, 1, 2-15066.conllu: value too long for type character varying(80)

2026-07-31 23:10:54,069 [ERROR] Сбой Work/Chapter для файла C:\MyDev\OliverHellwig\sanskrit\dcs\data\conllu\files\Aitareya-Āraṇyaka\Aitareya-Āraṇyaka-0024-AĀ, 2, 1, 2-15066.conllu: value too long for type character varying(80)

2026-07-31 23:10:54,070 [ERROR] Сбой Work/Chapter для файла C:\MyDev\OliverHellwig\sanskrit\dcs\data\conllu\files\Aitareya-Āraṇyaka\Aitareya-Āraṇyaka-0024-AĀ, 2, 1, 2-15066.conllu: value too long for type character varying(80)

2026-07-31 23:10:54,072 [ERROR] Сбой Work/Chapter для файла C:\MyDev\OliverHellwig\sanskrit\dcs\data\conllu\files\Aitareya-Āraṇyaka\Aitareya-Āraṇyaka-0024-AĀ, 2, 1, 2-15066.conllu: value too long for type character varying(80)

2026-07-31 23:10:54,073 [ERROR] Сбой Work/Chapter для файла C:\MyDev\OliverHellwig\sanskrit\dcs\data\conllu\files\Aitareya-Āraṇyaka\Aitareya-Āraṇyaka-0024-AĀ, 2, 1, 2-15066.conllu: value too long for type character varying(80)

2026-07-31 23:10:54,075 [ERROR] Сбой Work/Chapter для файла C:\MyDev\OliverHellwig\sanskrit\dcs\data\conllu\files\Aitareya-Āraṇyaka\Aitareya-Āraṇyaka-0024-AĀ, 2, 1, 2-15066.conllu: value too long for type character varying(80)

2026-07-31 23:10:54,077 [ERROR] Сбой Work/Chapter для файла C:\MyDev\OliverHellwig\sanskrit\dcs\data\conllu\files\Aitareya-Āraṇyaka\Aitareya-Āraṇyaka-0024-AĀ, 2, 1, 2-15066.conllu: value too long for type character varying(80)

2026-07-31 23:10:54,079 [ERROR] Сбой Work/Chapter для файла C:\MyDev\OliverHellwig\sanskrit\dcs\data\conllu\files\Aitareya-Āraṇyaka\Aitareya-Āraṇyaka-0024-AĀ, 2, 1, 2-15066.conllu: value too long for type character varying(80)

2026-07-31 23:10:54,080 [ERROR] Сбой Work/Chapter для файла C:\MyDev\OliverHellwig\sanskrit\dcs\data\conllu\files\Aitareya-Āraṇyaka\Aitareya-Āraṇyaka-0024-AĀ, 2, 1, 2-15066.conllu: value too long for type character varying(80)

2026-07-31 23:10:54,082 [ERROR] Сбой Work/Chapter для файла C:\MyDev\OliverHellwig\sanskrit\dcs\data\conllu\files\Aitareya-Āraṇyaka\Aitareya-Āraṇyaka-0024-AĀ, 2, 1, 2-15066.conllu: value too long for type character varying(80)

2026-07-31 23:10:54,090 [ERROR] Сбой Work/Chapter для файла C:\MyDev\OliverHellwig\sanskrit\dcs\data\conllu\files\Aitareya-Āraṇyaka\Aitareya-Āraṇyaka-0024-AĀ, 2, 1, 2-15066.conllu: value too long for type character varying(80)

2026-07-31 23:10:54,105 [ERROR] Сбой Work/Chapter для файла C:\MyDev\OliverHellwig\sanskrit\dcs\data\conllu\files\Aitareya-Āraṇyaka\Aitareya-Āraṇyaka-0024-AĀ, 2, 1, 2-15066.conllu: value too long for type character varying(80)

2026-07-31 23:10:54,107 [ERROR] Сбой Work/Chapter для файла C:\MyDev\OliverHellwig\sanskrit\dcs\data\conllu\files\Aitareya-Āraṇyaka\Aitareya-Āraṇyaka-0024-AĀ, 2, 1, 2-15066.conllu: value too long for type character varying(80)

2026-07-31 23:10:54,109 [ERROR] Сбой Work/Chapter для файла C:\MyDev\OliverHellwig\sanskrit\dcs\data\conllu\files\Aitareya-Āraṇyaka\Aitareya-Āraṇyaka-0024-AĀ, 2, 1, 2-15066.conllu: value too long for type character varying(80)

2026-07-31 23:10:54,111 [ERROR] Сбой Work/Chapter для файла C:\MyDev\OliverHellwig\sanskrit\dcs\data\conllu\files\Aitareya-Āraṇyaka\Aitareya-Āraṇyaka-0024-AĀ, 2, 1, 2-15066.conllu: value too long for type character varying(80)

2026-07-31 23:10:54,113 [ERROR] Сбой Work/Chapter для файла C:\MyDev\OliverHellwig\sanskrit\dcs\data\conllu\files\Aitareya-Āraṇyaka\Aitareya-Āraṇyaka-0024-AĀ, 2, 1, 2-15066.conllu: value too long for type character varying(80)

2026-07-31 23:10:54,115 [ERROR] Сбой Work/Chapter для файла C:\MyDev\OliverHellwig\sanskrit\dcs\data\conllu\files\Aitareya-Āraṇyaka\Aitareya-Āraṇyaka-0024-AĀ, 2, 1, 2-15066.conllu: value too long for type character varying(80)

2026-07-31 23:10:54,117 [ERROR] Сбой Work/Chapter для файла C:\MyDev\OliverHellwig\sanskrit\dcs\data\conllu\files\Aitareya-Āraṇyaka\Aitareya-Āraṇyaka-0024-AĀ, 2, 1, 2-15066.conllu: value too long for type character varying(80)

2026-07-31 23:10:54,118 [ERROR] Сбой Work/Chapter для файла C:\MyDev\OliverHellwig\sanskrit\dcs\data\conllu\files\Aitareya-Āraṇyaka\Aitareya-Āraṇyaka-0024-AĀ, 2, 1, 2-15066.conllu: value too long for type character varying(80)

2026-07-31 23:10:54,229 [ERROR] Сбой Work/Chapter для файла C:\MyDev\OliverHellwig\sanskrit\dcs\data\conllu\files\Aitareya-Āraṇyaka\Aitareya-Āraṇyaka-0026-AĀ, 2, 1, 4-15101.conllu: value too long for type character varying(80)

2026-07-31 23:10:54,231 [ERROR] Сбой Work/Chapter для файла C:\MyDev\OliverHellwig\sanskrit\dcs\data\conllu\files\Aitareya-Āraṇyaka\Aitareya-Āraṇyaka-0026-AĀ, 2, 1, 4-15101.conllu: value too long for type character varying(80)

2026-07-31 23:10:54,234 [ERROR] Сбой Work/Chapter для файла C:\MyDev\OliverHellwig\sanskrit\dcs\data\conllu\files\Aitareya-Āraṇyaka\Aitareya-Āraṇyaka-0026-AĀ, 2, 1, 4-15101.conllu: value too long for type character varying(80)

2026-07-31 23:10:54,235 [ERROR] Сбой Work/Chapter для файла C:\MyDev\OliverHellwig\sanskrit\dcs\data\conllu\files\Aitareya-Āraṇyaka\Aitareya-Āraṇyaka-0026-AĀ, 2, 1, 4-15101.conllu: value too long for type character varying(80)

2026-07-31 23:10:54,237 [ERROR] Сбой Work/Chapter для файла C:\MyDev\OliverHellwig\sanskrit\dcs\data\conllu\files\Aitareya-Āraṇyaka\Aitareya-Āraṇyaka-0026-AĀ, 2, 1, 4-15101.conllu: value too long for type character varying(80)

2026-07-31 23:10:54,239 [ERROR] Сбой Work/Chapter для файла C:\MyDev\OliverHellwig\sanskrit\dcs\data\conllu\files\Aitareya-Āraṇyaka\Aitareya-Āraṇyaka-0026-AĀ, 2, 1, 4-15101.conllu: value too long for type character varying(80)

2026-07-31 23:10:54,240 [ERROR] Сбой Work/Chapter для файла C:\MyDev\OliverHellwig\sanskrit\dcs\data\conllu\files\Aitareya-Āraṇyaka\Aitareya-Āraṇyaka-0026-AĀ, 2, 1, 4-15101.conllu: value too long for type character varying(80)

2026-07-31 23:10:54,244 [ERROR] Сбой Work/Chapter для файла C:\MyDev\OliverHellwig\sanskrit\dcs\data\conllu\files\Aitareya-Āraṇyaka\Aitareya-Āraṇyaka-0026-AĀ, 2, 1, 4-15101.conllu: value too long for type character varying(80)

2026-07-31 23:10:54,246 [ERROR] Сбой Work/Chapter для файла C:\MyDev\OliverHellwig\sanskrit\dcs\data\conllu\files\Aitareya-Āraṇyaka\Aitareya-Āraṇyaka-0026-AĀ, 2, 1, 4-15101.conllu: value too long for type character varying(80)

2026-07-31 23:10:54,248 [ERROR] Сбой Work/Chapter для файла C:\MyDev\OliverHellwig\sanskrit\dcs\data\conllu\files\Aitareya-Āraṇyaka\Aitareya-Āraṇyaka-0026-AĀ, 2, 1, 4-15101.conllu: value too long for type character varying(80)

2026-07-31 23:10:54,250 [ERROR] Сбой Work/Chapter для файла C:\MyDev\OliverHellwig\sanskrit\dcs\data\conllu\files\Aitareya-Āraṇyaka\Aitareya-Āraṇyaka-0026-AĀ, 2, 1, 4-15101.conllu: value too long for type character varying(80)

2026-07-31 23:10:54,251 [ERROR] Сбой Work/Chapter для файла C:\MyDev\OliverHellwig\sanskrit\dcs\data\conllu\files\Aitareya-Āraṇyaka\Aitareya-Āraṇyaka-0026-AĀ, 2, 1, 4-15101.conllu: value too long for type character varying(80)

2026-07-31 23:10:54,253 [ERROR] Сбой Work/Chapter для файла C:\MyDev\OliverHellwig\sanskrit\dcs\data\conllu\files\Aitareya-Āraṇyaka\Aitareya-Āraṇyaka-0026-AĀ, 2, 1, 4-15101.conllu: value too long for type character varying(80)

2026-07-31 23:10:54,255 [ERROR] Сбой Work/Chapter для файла C:\MyDev\OliverHellwig\sanskrit\dcs\data\conllu\files\Aitareya-Āraṇyaka\Aitareya-Āraṇyaka-0026-AĀ, 2, 1, 4-15101.conllu: value too long for type character varying(80)

2026-07-31 23:10:54,256 [ERROR] Сбой Work/Chapter для файла C:\MyDev\OliverHellwig\sanskrit\dcs\data\conllu\files\Aitareya-Āraṇyaka\Aitareya-Āraṇyaka-0026-AĀ, 2, 1, 4-15101.conllu: value too long for type character varying(80)

2026-07-31 23:10:54,258 [ERROR] Сбой Work/Chapter для файла C:\MyDev\OliverHellwig\sanskrit\dcs\data\conllu\files\Aitareya-Āraṇyaka\Aitareya-Āraṇyaka-0026-AĀ, 2, 1, 4-15101.conllu: value too long for type character varying(80)

2026-07-31 23:10:54,260 [ERROR] Сбой Work/Chapter для файла C:\MyDev\OliverHellwig\sanskrit\dcs\data\conllu\files\Aitareya-Āraṇyaka\Aitareya-Āraṇyaka-0026-AĀ, 2, 1, 4-15101.conllu: value too long for type character varying(80)

2026-07-31 23:10:54,261 [ERROR] Сбой Work/Chapter для файла C:\MyDev\OliverHellwig\sanskrit\dcs\data\conllu\files\Aitareya-Āraṇyaka\Aitareya-Āraṇyaka-0026-AĀ, 2, 1, 4-15101.conllu: value too long for type character varying(80)

2026-07-31 23:10:54,263 [ERROR] Сбой Work/Chapter для файла C:\MyDev\OliverHellwig\sanskrit\dcs\data\conllu\files\Aitareya-Āraṇyaka\Aitareya-Āraṇyaka-0026-AĀ, 2, 1, 4-15101.conllu: value too long for type character varying(80)

2026-07-31 23:10:54,265 [ERROR] Сбой Work/Chapter для файла C:\MyDev\OliverHellwig\sanskrit\dcs\data\conllu\files\Aitareya-Āraṇyaka\Aitareya-Āraṇyaka-0026-AĀ, 2, 1, 4-15101.conllu: value too long for type character varying(80)

2026-07-31 23:10:54,267 [ERROR] Сбой Work/Chapter для файла C:\MyDev\OliverHellwig\sanskrit\dcs\data\conllu\files\Aitareya-Āraṇyaka\Aitareya-Āraṇyaka-0026-AĀ, 2, 1, 4-15101.conllu: value too long for type character varying(80)

2026-07-31 23:10:54,279 [ERROR] Сбой Work/Chapter для файла C:\MyDev\OliverHellwig\sanskrit\dcs\data\conllu\files\Aitareya-Āraṇyaka\Aitareya-Āraṇyaka-0026-AĀ, 2, 1, 4-15101.conllu: value too long for type character varying(80)

2026-07-31 23:10:54,292 [ERROR] Сбой Work/Chapter для файла C:\MyDev\OliverHellwig\sanskrit\dcs\data\conllu\files\Aitareya-Āraṇyaka\Aitareya-Āraṇyaka-0026-AĀ, 2, 1, 4-15101.conllu: value too long for type character varying(80)

2026-07-31 23:10:54,294 [ERROR] Сбой Work/Chapter для файла C:\MyDev\OliverHellwig\sanskrit\dcs\data\conllu\files\Aitareya-Āraṇyaka\Aitareya-Āraṇyaka-0026-AĀ, 2, 1, 4-15101.conllu: value too long for type character varying(80)

2026-07-31 23:10:54,295 [ERROR] Сбой Work/Chapter для файла C:\MyDev\OliverHellwig\sanskrit\dcs\data\conllu\files\Aitareya-Āraṇyaka\Aitareya-Āraṇyaka-0026-AĀ, 2, 1, 4-15101.conllu: value too long for type character varying(80)

2026-07-31 23:10:54,297 [ERROR] Сбой Work/Chapter для файла C:\MyDev\OliverHellwig\sanskrit\dcs\data\conllu\files\Aitareya-Āraṇyaka\Aitareya-Āraṇyaka-0026-AĀ, 2, 1, 4-15101.conllu: value too long for type character varying(80)

2026-07-31 23:10:54,298 [ERROR] Сбой Work/Chapter для файла C:\MyDev\OliverHellwig\sanskrit\dcs\data\conllu\files\Aitareya-Āraṇyaka\Aitareya-Āraṇyaka-0026-AĀ, 2, 1, 4-15101.conllu: value too long for type character varying(80)

2026-07-31 23:10:54,300 [ERROR] Сбой Work/Chapter для файла C:\MyDev\OliverHellwig\sanskrit\dcs\data\conllu\files\Aitareya-Āraṇyaka\Aitareya-Āraṇyaka-0026-AĀ, 2, 1, 4-15101.conllu: value too long for type character varying(80)

2026-07-31 23:10:54,302 [ERROR] Сбой Work/Chapter для файла C:\MyDev\OliverHellwig\sanskrit\dcs\data\conllu\files\Aitareya-Āraṇyaka\Aitareya-Āraṇyaka-0026-AĀ, 2, 1, 4-15101.conllu: value too long for type character varying(80)

2026-07-31 23:10:54,304 [ERROR] Сбой Work/Chapter для файла C:\MyDev\OliverHellwig\sanskrit\dcs\data\conllu\files\Aitareya-Āraṇyaka\Aitareya-Āraṇyaka-0027-AĀ, 2, 1, 5-15103.conllu: value too long for type character varying(80)

2026-07-31 23:10:54,305 [ERROR] Сбой Work/Chapter для файла C:\MyDev\OliverHellwig\sanskrit\dcs\data\conllu\files\Aitareya-Āraṇyaka\Aitareya-Āraṇyaka-0027-AĀ, 2, 1, 5-15103.conllu: value too long for type character varying(80)

2026-07-31 23:10:54,307 [ERROR] Сбой Work/Chapter для файла C:\MyDev\OliverHellwig\sanskrit\dcs\data\conllu\files\Aitareya-Āraṇyaka\Aitareya-Āraṇyaka-0027-AĀ, 2, 1, 5-15103.conllu: value too long for type character varying(80)

2026-07-31 23:10:54,314 [ERROR] Сбой Work/Chapter для файла C:\MyDev\OliverHellwig\sanskrit\dcs\data\conllu\files\Aitareya-Āraṇyaka\Aitareya-Āraṇyaka-0027-AĀ, 2, 1, 5-15103.conllu: value too long for type character varying(80)

2026-07-31 23:10:54,316 [ERROR] Сбой Work/Chapter для файла C:\MyDev\OliverHellwig\sanskrit\dcs\data\conllu\files\Aitareya-Āraṇyaka\Aitareya-Āraṇyaka-0027-AĀ, 2, 1, 5-15103.conllu: value too long for type character varying(80)

2026-07-31 23:10:54,318 [ERROR] Сбой Work/Chapter для файла C:\MyDev\OliverHellwig\sanskrit\dcs\data\conllu\files\Aitareya-Āraṇyaka\Aitareya-Āraṇyaka-0027-AĀ, 2, 1, 5-15103.conllu: value too long for type character varying(80)

2026-07-31 23:10:54,320 [ERROR] Сбой Work/Chapter для файла C:\MyDev\OliverHellwig\sanskrit\dcs\data\conllu\files\Aitareya-Āraṇyaka\Aitareya-Āraṇyaka-0028-AĀ, 2, 1, 6-15106.conllu: value too long for type character varying(80)

2026-07-31 23:10:54,322 [ERROR] Сбой Work/Chapter для файла C:\MyDev\OliverHellwig\sanskrit\dcs\data\conllu\files\Aitareya-Āraṇyaka\Aitareya-Āraṇyaka-0028-AĀ, 2, 1, 6-15106.conllu: value too long for type character varying(80)

2026-07-31 23:10:54,323 [ERROR] Сбой Work/Chapter для файла C:\MyDev\OliverHellwig\sanskrit\dcs\data\conllu\files\Aitareya-Āraṇyaka\Aitareya-Āraṇyaka-0028-AĀ, 2, 1, 6-15106.conllu: value too long for type character varying(80)

2026-07-31 23:10:54,327 [ERROR] Сбой Work/Chapter для файла C:\MyDev\OliverHellwig\sanskrit\dcs\data\conllu\files\Aitareya-Āraṇyaka\Aitareya-Āraṇyaka-0028-AĀ, 2, 1, 6-15106.conllu: value too long for type character varying(80)

2026-07-31 23:10:54,328 [ERROR] Сбой Work/Chapter для файла C:\MyDev\OliverHellwig\sanskrit\dcs\data\conllu\files\Aitareya-Āraṇyaka\Aitareya-Āraṇyaka-0028-AĀ, 2, 1, 6-15106.conllu: value too long for type character varying(80)

2026-07-31 23:10:54,330 [ERROR] Сбой Work/Chapter для файла C:\MyDev\OliverHellwig\sanskrit\dcs\data\conllu\files\Aitareya-Āraṇyaka\Aitareya-Āraṇyaka-0028-AĀ, 2, 1, 6-15106.conllu: value too long for type character varying(80)

2026-07-31 23:10:54,332 [ERROR] Сбой Work/Chapter для файла C:\MyDev\OliverHellwig\sanskrit\dcs\data\conllu\files\Aitareya-Āraṇyaka\Aitareya-Āraṇyaka-0028-AĀ, 2, 1, 6-15106.conllu: value too long for type character varying(80)

2026-07-31 23:10:54,333 [ERROR] Сбой Work/Chapter для файла C:\MyDev\OliverHellwig\sanskrit\dcs\data\conllu\files\Aitareya-Āraṇyaka\Aitareya-Āraṇyaka-0028-AĀ, 2, 1, 6-15106.conllu: value too long for type character varying(80)

2026-07-31 23:10:54,346 [ERROR] Сбой Work/Chapter для файла C:\MyDev\OliverHellwig\sanskrit\dcs\data\conllu\files\Aitareya-Āraṇyaka\Aitareya-Āraṇyaka-0028-AĀ, 2, 1, 6-15106.conllu: value too long for type character varying(80)

2026-07-31 23:10:54,355 [ERROR] Сбой Work/Chapter для файла C:\MyDev\OliverHellwig\sanskrit\dcs\data\conllu\files\Aitareya-Āraṇyaka\Aitareya-Āraṇyaka-0028-AĀ, 2, 1, 6-15106.conllu: value too long for type character varying(80)

2026-07-31 23:10:54,356 [ERROR] Сбой Work/Chapter для файла C:\MyDev\OliverHellwig\sanskrit\dcs\data\conllu\files\Aitareya-Āraṇyaka\Aitareya-Āraṇyaka-0028-AĀ, 2, 1, 6-15106.conllu: value too long for type character varying(80)

2026-07-31 23:10:54,358 [ERROR] Сбой Work/Chapter для файла C:\MyDev\OliverHellwig\sanskrit\dcs\data\conllu\files\Aitareya-Āraṇyaka\Aitareya-Āraṇyaka-0028-AĀ, 2, 1, 6-15106.conllu: value too long for type character varying(80)

2026-07-31 23:10:54,668 [ERROR] Сбой Work/Chapter для файла C:\MyDev\OliverHellwig\sanskrit\dcs\data\conllu\files\Aitareya-Āraṇyaka\Aitareya-Āraṇyaka-0030-AĀ, 2, 1, 8-15110.conllu: value too long for type character varying(80)

2026-07-31 23:10:54,669 [ERROR] Сбой Work/Chapter для файла C:\MyDev\OliverHellwig\sanskrit\dcs\data\conllu\files\Aitareya-Āraṇyaka\Aitareya-Āraṇyaka-0030-AĀ, 2, 1, 8-15110.conllu: value too long for type character varying(80)

2026-07-31 23:10:54,671 [ERROR] Сбой Work/Chapter для файла C:\MyDev\OliverHellwig\sanskrit\dcs\data\conllu\files\Aitareya-Āraṇyaka\Aitareya-Āraṇyaka-0030-AĀ, 2, 1, 8-15110.conllu: value too long for type character varying(80)

2026-07-31 23:10:54,673 [ERROR] Сбой Work/Chapter для файла C:\MyDev\OliverHellwig\sanskrit\dcs\data\conllu\files\Aitareya-Āraṇyaka\Aitareya-Āraṇyaka-0030-AĀ, 2, 1, 8-15110.conllu: value too long for type character varying(80)

2026-07-31 23:10:54,674 [ERROR] Сбой Work/Chapter для файла C:\MyDev\OliverHellwig\sanskrit\dcs\data\conllu\files\Aitareya-Āraṇyaka\Aitareya-Āraṇyaka-0030-AĀ, 2, 1, 8-15110.conllu: value too long for type character varying(80)

2026-07-31 23:10:54,676 [ERROR] Сбой Work/Chapter для файла C:\MyDev\OliverHellwig\sanskrit\dcs\data\conllu\files\Aitareya-Āraṇyaka\Aitareya-Āraṇyaka-0030-AĀ, 2, 1, 8-15110.conllu: value too long for type character varying(80)

2026-07-31 23:10:54,678 [ERROR] Сбой Work/Chapter для файла C:\MyDev\OliverHellwig\sanskrit\dcs\data\conllu\files\Aitareya-Āraṇyaka\Aitareya-Āraṇyaka-0030-AĀ, 2, 1, 8-15110.conllu: value too long for type character varying(80)

2026-07-31 23:10:54,679 [ERROR] Сбой Work/Chapter для файла C:\MyDev\OliverHellwig\sanskrit\dcs\data\conllu\files\Aitareya-Āraṇyaka\Aitareya-Āraṇyaka-0030-AĀ, 2, 1, 8-15110.conllu: value too long for type character varying(80)

2026-07-31 23:10:54,681 [ERROR] Сбой Work/Chapter для файла C:\MyDev\OliverHellwig\sanskrit\dcs\data\conllu\files\Aitareya-Āraṇyaka\Aitareya-Āraṇyaka-0030-AĀ, 2, 1, 8-15110.conllu: value too long for type character varying(80)

2026-07-31 23:10:54,695 [ERROR] Сбой Work/Chapter для файла C:\MyDev\OliverHellwig\sanskrit\dcs\data\conllu\files\Aitareya-Āraṇyaka\Aitareya-Āraṇyaka-0030-AĀ, 2, 1, 8-15110.conllu: value too long for type character varying(80)

2026-07-31 23:10:54,704 [ERROR] Сбой Work/Chapter для файла C:\MyDev\OliverHellwig\sanskrit\dcs\data\conllu\files\Aitareya-Āraṇyaka\Aitareya-Āraṇyaka-0030-AĀ, 2, 1, 8-15110.conllu: value too long for type character varying(80)

2026-07-31 23:10:54,706 [ERROR] Сбой Work/Chapter для файла C:\MyDev\OliverHellwig\sanskrit\dcs\data\conllu\files\Aitareya-Āraṇyaka\Aitareya-Āraṇyaka-0030-AĀ, 2, 1, 8-15110.conllu: value too long for type character varying(80)

2026-07-31 23:10:54,708 [ERROR] Сбой Work/Chapter для файла C:\MyDev\OliverHellwig\sanskrit\dcs\data\conllu\files\Aitareya-Āraṇyaka\Aitareya-Āraṇyaka-0030-AĀ, 2, 1, 8-15110.conllu: value too long for type character varying(80)

2026-07-31 23:10:54,712 [ERROR] Сбой Work/Chapter для файла C:\MyDev\OliverHellwig\sanskrit\dcs\data\conllu\files\Aitareya-Āraṇyaka\Aitareya-Āraṇyaka-0030-AĀ, 2, 1, 8-15110.conllu: value too long for type character varying(80)

2026-07-31 23:10:54,714 [ERROR] Сбой Work/Chapter для файла C:\MyDev\OliverHellwig\sanskrit\dcs\data\conllu\files\Aitareya-Āraṇyaka\Aitareya-Āraṇyaka-0031-AĀ, 2, 2, 1-15114.conllu: value too long for type character varying(80)

2026-07-31 23:10:54,716 [ERROR] Сбой Work/Chapter для файла C:\MyDev\OliverHellwig\sanskrit\dcs\data\conllu\files\Aitareya-Āraṇyaka\Aitareya-Āraṇyaka-0031-AĀ, 2, 2, 1-15114.conllu: value too long for type character varying(80)

2026-07-31 23:10:54,717 [ERROR] Сбой Work/Chapter для файла C:\MyDev\OliverHellwig\sanskrit\dcs\data\conllu\files\Aitareya-Āraṇyaka\Aitareya-Āraṇyaka-0031-AĀ, 2, 2, 1-15114.conllu: value too long for type character varying(80)

2026-07-31 23:10:54,720 [ERROR] Сбой Work/Chapter для файла C:\MyDev\OliverHellwig\sanskrit\dcs\data\conllu\files\Aitareya-Āraṇyaka\Aitareya-Āraṇyaka-0031-AĀ, 2, 2, 1-15114.conllu: value too long for type character varying(80)

2026-07-31 23:10:54,726 [ERROR] Сбой Work/Chapter для файла C:\MyDev\OliverHellwig\sanskrit\dcs\data\conllu\files\Aitareya-Āraṇyaka\Aitareya-Āraṇyaka-0031-AĀ, 2, 2, 1-15114.conllu: value too long for type character varying(80)

2026-07-31 23:10:54,728 [ERROR] Сбой Work/Chapter для файла C:\MyDev\OliverHellwig\sanskrit\dcs\data\conllu\files\Aitareya-Āraṇyaka\Aitareya-Āraṇyaka-0031-AĀ, 2, 2, 1-15114.conllu: value too long for type character varying(80)

2026-07-31 23:10:54,730 [ERROR] Сбой Work/Chapter для файла C:\MyDev\OliverHellwig\sanskrit\dcs\data\conllu\files\Aitareya-Āraṇyaka\Aitareya-Āraṇyaka-0031-AĀ, 2, 2, 1-15114.conllu: value too long for type character varying(80)

2026-07-31 23:10:54,732 [ERROR] Сбой Work/Chapter для файла C:\MyDev\OliverHellwig\sanskrit\dcs\data\conllu\files\Aitareya-Āraṇyaka\Aitareya-Āraṇyaka-0032-AĀ, 2, 2, 2-15117.conllu: value too long for type character varying(80)

2026-07-31 23:10:54,734 [ERROR] Сбой Work/Chapter для файла C:\MyDev\OliverHellwig\sanskrit\dcs\data\conllu\files\Aitareya-Āraṇyaka\Aitareya-Āraṇyaka-0032-AĀ, 2, 2, 2-15117.conllu: value too long for type character varying(80)

2026-07-31 23:10:54,736 [ERROR] Сбой Work/Chapter для файла C:\MyDev\OliverHellwig\sanskrit\dcs\data\conllu\files\Aitareya-Āraṇyaka\Aitareya-Āraṇyaka-0032-AĀ, 2, 2, 2-15117.conllu: value too long for type character varying(80)

2026-07-31 23:10:54,738 [ERROR] Сбой Work/Chapter для файла C:\MyDev\OliverHellwig\sanskrit\dcs\data\conllu\files\Aitareya-Āraṇyaka\Aitareya-Āraṇyaka-0032-AĀ, 2, 2, 2-15117.conllu: value too long for type character varying(80)

2026-07-31 23:10:54,740 [ERROR] Сбой Work/Chapter для файла C:\MyDev\OliverHellwig\sanskrit\dcs\data\conllu\files\Aitareya-Āraṇyaka\Aitareya-Āraṇyaka-0032-AĀ, 2, 2, 2-15117.conllu: value too long for type character varying(80)

2026-07-31 23:10:54,741 [ERROR] Сбой Work/Chapter для файла C:\MyDev\OliverHellwig\sanskrit\dcs\data\conllu\files\Aitareya-Āraṇyaka\Aitareya-Āraṇyaka-0032-AĀ, 2, 2, 2-15117.conllu: value too long for type character varying(80)

2026-07-31 23:10:54,743 [ERROR] Сбой Work/Chapter для файла C:\MyDev\OliverHellwig\sanskrit\dcs\data\conllu\files\Aitareya-Āraṇyaka\Aitareya-Āraṇyaka-0032-AĀ, 2, 2, 2-15117.conllu: value too long for type character varying(80)

2026-07-31 23:10:54,748 [ERROR] Сбой Work/Chapter для файла C:\MyDev\OliverHellwig\sanskrit\dcs\data\conllu\files\Aitareya-Āraṇyaka\Aitareya-Āraṇyaka-0032-AĀ, 2, 2, 2-15117.conllu: value too long for type character varying(80)

2026-07-31 23:10:54,758 [ERROR] Сбой Work/Chapter для файла C:\MyDev\OliverHellwig\sanskrit\dcs\data\conllu\files\Aitareya-Āraṇyaka\Aitareya-Āraṇyaka-0032-AĀ, 2, 2, 2-15117.conllu: value too long for type character varying(80)

2026-07-31 23:10:54,767 [ERROR] Сбой Work/Chapter для файла C:\MyDev\OliverHellwig\sanskrit\dcs\data\conllu\files\Aitareya-Āraṇyaka\Aitareya-Āraṇyaka-0032-AĀ, 2, 2, 2-15117.conllu: value too long for type character varying(80)

2026-07-31 23:10:54,769 [ERROR] Сбой Work/Chapter для файла C:\MyDev\OliverHellwig\sanskrit\dcs\data\conllu\files\Aitareya-Āraṇyaka\Aitareya-Āraṇyaka-0032-AĀ, 2, 2, 2-15117.conllu: value too long for type character varying(80)

2026-07-31 23:10:54,921 [ERROR] Сбой Work/Chapter для файла C:\MyDev\OliverHellwig\sanskrit\dcs\data\conllu\files\Aitareya-Āraṇyaka\Aitareya-Āraṇyaka-0034-AĀ, 2, 2, 4-15127.conllu: value too long for type character varying(80)

2026-07-31 23:10:54,923 [ERROR] Сбой Work/Chapter для файла C:\MyDev\OliverHellwig\sanskrit\dcs\data\conllu\files\Aitareya-Āraṇyaka\Aitareya-Āraṇyaka-0034-AĀ, 2, 2, 4-15127.conllu: value too long for type character varying(80)

2026-07-31 23:10:54,925 [ERROR] Сбой Work/Chapter для файла C:\MyDev\OliverHellwig\sanskrit\dcs\data\conllu\files\Aitareya-Āraṇyaka\Aitareya-Āraṇyaka-0034-AĀ, 2, 2, 4-15127.conllu: value too long for type character varying(80)

2026-07-31 23:10:54,931 [ERROR] Сбой Work/Chapter для файла C:\MyDev\OliverHellwig\sanskrit\dcs\data\conllu\files\Aitareya-Āraṇyaka\Aitareya-Āraṇyaka-0034-AĀ, 2, 2, 4-15127.conllu: value too long for type character varying(80)

2026-07-31 23:10:54,944 [ERROR] Сбой Work/Chapter для файла C:\MyDev\OliverHellwig\sanskrit\dcs\data\conllu\files\Aitareya-Āraṇyaka\Aitareya-Āraṇyaka-0034-AĀ, 2, 2, 4-15127.conllu: value too long for type character varying(80)

2026-07-31 23:10:54,952 [ERROR] Сбой Work/Chapter для файла C:\MyDev\OliverHellwig\sanskrit\dcs\data\conllu\files\Aitareya-Āraṇyaka\Aitareya-Āraṇyaka-0034-AĀ, 2, 2, 4-15127.conllu: value too long for type character varying(80)

2026-07-31 23:10:54,954 [ERROR] Сбой Work/Chapter для файла C:\MyDev\OliverHellwig\sanskrit\dcs\data\conllu\files\Aitareya-Āraṇyaka\Aitareya-Āraṇyaka-0034-AĀ, 2, 2, 4-15127.conllu: value too long for type character varying(80)

2026-07-31 23:10:54,955 [ERROR] Сбой Work/Chapter для файла C:\MyDev\OliverHellwig\sanskrit\dcs\data\conllu\files\Aitareya-Āraṇyaka\Aitareya-Āraṇyaka-0034-AĀ, 2, 2, 4-15127.conllu: value too long for type character varying(80)

2026-07-31 23:10:54,957 [ERROR] Сбой Work/Chapter для файла C:\MyDev\OliverHellwig\sanskrit\dcs\data\conllu\files\Aitareya-Āraṇyaka\Aitareya-Āraṇyaka-0034-AĀ, 2, 2, 4-15127.conllu: value too long for type character varying(80)

2026-07-31 23:10:55,710 [ERROR] Сбой Work/Chapter для файла C:\MyDev\OliverHellwig\sanskrit\dcs\data\conllu\files\Aitareya-Āraṇyaka\Aitareya-Āraṇyaka-0040-AĀ, 2, 3, 6-15143.conllu: value too long for type character varying(80)

2026-07-31 23:10:55,725 [ERROR] Сбой Work/Chapter для файла C:\MyDev\OliverHellwig\sanskrit\dcs\data\conllu\files\Aitareya-Āraṇyaka\Aitareya-Āraṇyaka-0040-AĀ, 2, 3, 6-15143.conllu: value too long for type character varying(80)

2026-07-31 23:10:55,731 [ERROR] Сбой Work/Chapter для файла C:\MyDev\OliverHellwig\sanskrit\dcs\data\conllu\files\Aitareya-Āraṇyaka\Aitareya-Āraṇyaka-0040-AĀ, 2, 3, 6-15143.conllu: value too long for type character varying(80)

2026-07-31 23:10:55,733 [ERROR] Сбой Work/Chapter для файла C:\MyDev\OliverHellwig\sanskrit\dcs\data\conllu\files\Aitareya-Āraṇyaka\Aitareya-Āraṇyaka-0040-AĀ, 2, 3, 6-15143.conllu: value too long for type character varying(80)

2026-07-31 23:10:55,735 [ERROR] Сбой Work/Chapter для файла C:\MyDev\OliverHellwig\sanskrit\dcs\data\conllu\files\Aitareya-Āraṇyaka\Aitareya-Āraṇyaka-0040-AĀ, 2, 3, 6-15143.conllu: value too long for type character varying(80)

2026-07-31 23:10:55,739 [ERROR] Сбой Work/Chapter для файла C:\MyDev\OliverHellwig\sanskrit\dcs\data\conllu\files\Aitareya-Āraṇyaka\Aitareya-Āraṇyaka-0040-AĀ, 2, 3, 6-15143.conllu: value too long for type character varying(80)

2026-07-31 23:10:55,741 [ERROR] Сбой Work/Chapter для файла C:\MyDev\OliverHellwig\sanskrit\dcs\data\conllu\files\Aitareya-Āraṇyaka\Aitareya-Āraṇyaka-0040-AĀ, 2, 3, 6-15143.conllu: value too long for type character varying(80)

2026-07-31 23:10:55,742 [ERROR] Сбой Work/Chapter для файла C:\MyDev\OliverHellwig\sanskrit\dcs\data\conllu\files\Aitareya-Āraṇyaka\Aitareya-Āraṇyaka-0040-AĀ, 2, 3, 6-15143.conllu: value too long for type character varying(80)

2026-07-31 23:10:55,745 [ERROR] Сбой Work/Chapter для файла C:\MyDev\OliverHellwig\sanskrit\dcs\data\conllu\files\Aitareya-Āraṇyaka\Aitareya-Āraṇyaka-0040-AĀ, 2, 3, 6-15143.conllu: value too long for type character varying(80)

2026-07-31 23:10:55,747 [ERROR] Сбой Work/Chapter для файла C:\MyDev\OliverHellwig\sanskrit\dcs\data\conllu\files\Aitareya-Āraṇyaka\Aitareya-Āraṇyaka-0040-AĀ, 2, 3, 6-15143.conllu: value too long for type character varying(80)

2026-07-31 23:10:55,752 [ERROR] Сбой Work/Chapter для файла C:\MyDev\OliverHellwig\sanskrit\dcs\data\conllu\files\Aitareya-Āraṇyaka\Aitareya-Āraṇyaka-0040-AĀ, 2, 3, 6-15143.conllu: value too long for type character varying(80)

2026-07-31 23:10:55,754 [ERROR] Сбой Work/Chapter для файла C:\MyDev\OliverHellwig\sanskrit\dcs\data\conllu\files\Aitareya-Āraṇyaka\Aitareya-Āraṇyaka-0040-AĀ, 2, 3, 6-15143.conllu: value too long for type character varying(80)

2026-07-31 23:10:55,755 [ERROR] Сбой Work/Chapter для файла C:\MyDev\OliverHellwig\sanskrit\dcs\data\conllu\files\Aitareya-Āraṇyaka\Aitareya-Āraṇyaka-0040-AĀ, 2, 3, 6-15143.conllu: value too long for type character varying(80)

2026-07-31 23:10:55,757 [ERROR] Сбой Work/Chapter для файла C:\MyDev\OliverHellwig\sanskrit\dcs\data\conllu\files\Aitareya-Āraṇyaka\Aitareya-Āraṇyaka-0040-AĀ, 2, 3, 6-15143.conllu: value too long for type character varying(80)

2026-07-31 23:10:55,758 [ERROR] Сбой Work/Chapter для файла C:\MyDev\OliverHellwig\sanskrit\dcs\data\conllu\files\Aitareya-Āraṇyaka\Aitareya-Āraṇyaka-0040-AĀ, 2, 3, 6-15143.conllu: value too long for type character varying(80)

2026-07-31 23:10:55,761 [ERROR] Сбой Work/Chapter для файла C:\MyDev\OliverHellwig\sanskrit\dcs\data\conllu\files\Aitareya-Āraṇyaka\Aitareya-Āraṇyaka-0040-AĀ, 2, 3, 6-15143.conllu: value too long for type character varying(80)

2026-07-31 23:10:55,762 [ERROR] Сбой Work/Chapter для файла C:\MyDev\OliverHellwig\sanskrit\dcs\data\conllu\files\Aitareya-Āraṇyaka\Aitareya-Āraṇyaka-0040-AĀ, 2, 3, 6-15143.conllu: value too long for type character varying(80)

2026-07-31 23:10:55,764 [ERROR] Сбой Work/Chapter для файла C:\MyDev\OliverHellwig\sanskrit\dcs\data\conllu\files\Aitareya-Āraṇyaka\Aitareya-Āraṇyaka-0040-AĀ, 2, 3, 6-15143.conllu: value too long for type character varying(80)

2026-07-31 23:10:56,926 [ERROR] Сбой Work/Chapter для файла C:\MyDev\OliverHellwig\sanskrit\dcs\data\conllu\files\Aitareya-Āraṇyaka\Aitareya-Āraṇyaka-0047-AĀ, 5, 1, 4-15198.conllu: value too long for type character varying(80)

2026-07-31 23:10:56,927 [ERROR] Сбой Work/Chapter для файла C:\MyDev\OliverHellwig\sanskrit\dcs\data\conllu\files\Aitareya-Āraṇyaka\Aitareya-Āraṇyaka-0047-AĀ, 5, 1, 4-15198.conllu: value too long for type character varying(80)

2026-07-31 23:10:56,929 [ERROR] Сбой Work/Chapter для файла C:\MyDev\OliverHellwig\sanskrit\dcs\data\conllu\files\Aitareya-Āraṇyaka\Aitareya-Āraṇyaka-0047-AĀ, 5, 1, 4-15198.conllu: value too long for type character varying(80)

2026-07-31 23:10:56,935 [ERROR] Сбой Work/Chapter для файла C:\MyDev\OliverHellwig\sanskrit\dcs\data\conllu\files\Aitareya-Āraṇyaka\Aitareya-Āraṇyaka-0047-AĀ, 5, 1, 4-15198.conllu: value too long for type character varying(80)

2026-07-31 23:10:56,945 [ERROR] Сбой Work/Chapter для файла C:\MyDev\OliverHellwig\sanskrit\dcs\data\conllu\files\Aitareya-Āraṇyaka\Aitareya-Āraṇyaka-0047-AĀ, 5, 1, 4-15198.conllu: value too long for type character varying(80)

2026-07-31 23:10:56,953 [ERROR] Сбой Work/Chapter для файла C:\MyDev\OliverHellwig\sanskrit\dcs\data\conllu\files\Aitareya-Āraṇyaka\Aitareya-Āraṇyaka-0047-AĀ, 5, 1, 4-15198.conllu: value too long for type character varying(80)

2026-07-31 23:10:56,954 [ERROR] Сбой Work/Chapter для файла C:\MyDev\OliverHellwig\sanskrit\dcs\data\conllu\files\Aitareya-Āraṇyaka\Aitareya-Āraṇyaka-0047-AĀ, 5, 1, 4-15198.conllu: value too long for type character varying(80)

2026-07-31 23:10:56,956 [ERROR] Сбой Work/Chapter для файла C:\MyDev\OliverHellwig\sanskrit\dcs\data\conllu\files\Aitareya-Āraṇyaka\Aitareya-Āraṇyaka-0047-AĀ, 5, 1, 4-15198.conllu: value too long for type character varying(80)

2026-07-31 23:10:56,958 [ERROR] Сбой Work/Chapter для файла C:\MyDev\OliverHellwig\sanskrit\dcs\data\conllu\files\Aitareya-Āraṇyaka\Aitareya-Āraṇyaka-0047-AĀ, 5, 1, 4-15198.conllu: value too long for type character varying(80)

2026-07-31 23:10:56,960 [ERROR] Сбой Work/Chapter для файла C:\MyDev\OliverHellwig\sanskrit\dcs\data\conllu\files\Aitareya-Āraṇyaka\Aitareya-Āraṇyaka-0047-AĀ, 5, 1, 4-15198.conllu: value too long for type character varying(80)

2026-07-31 23:10:56,962 [ERROR] Сбой Work/Chapter для файла C:\MyDev\OliverHellwig\sanskrit\dcs\data\conllu\files\Aitareya-Āraṇyaka\Aitareya-Āraṇyaka-0047-AĀ, 5, 1, 4-15198.conllu: value too long for type character varying(80)

2026-07-31 23:10:56,963 [ERROR] Сбой Work/Chapter для файла C:\MyDev\OliverHellwig\sanskrit\dcs\data\conllu\files\Aitareya-Āraṇyaka\Aitareya-Āraṇyaka-0047-AĀ, 5, 1, 4-15198.conllu: value too long for type character varying(80)

2026-07-31 23:10:56,965 [ERROR] Сбой Work/Chapter для файла C:\MyDev\OliverHellwig\sanskrit\dcs\data\conllu\files\Aitareya-Āraṇyaka\Aitareya-Āraṇyaka-0047-AĀ, 5, 1, 4-15198.conllu: value too long for type character varying(80)

2026-07-31 23:10:56,967 [ERROR] Сбой Work/Chapter для файла C:\MyDev\OliverHellwig\sanskrit\dcs\data\conllu\files\Aitareya-Āraṇyaka\Aitareya-Āraṇyaka-0047-AĀ, 5, 1, 4-15198.conllu: value too long for type character varying(80)

2026-07-31 23:10:56,969 [ERROR] Сбой Work/Chapter для файла C:\MyDev\OliverHellwig\sanskrit\dcs\data\conllu\files\Aitareya-Āraṇyaka\Aitareya-Āraṇyaka-0047-AĀ, 5, 1, 4-15198.conllu: value too long for type character varying(80)

2026-07-31 23:10:56,971 [ERROR] Сбой Work/Chapter для файла C:\MyDev\OliverHellwig\sanskrit\dcs\data\conllu\files\Aitareya-Āraṇyaka\Aitareya-Āraṇyaka-0047-AĀ, 5, 1, 4-15198.conllu: value too long for type character varying(80)

2026-07-31 23:10:56,975 [ERROR] Сбой Work/Chapter для файла C:\MyDev\OliverHellwig\sanskrit\dcs\data\conllu\files\Aitareya-Āraṇyaka\Aitareya-Āraṇyaka-0047-AĀ, 5, 1, 4-15198.conllu: value too long for type character varying(80)

2026-07-31 23:10:56,990 [ERROR] Сбой Work/Chapter для файла C:\MyDev\OliverHellwig\sanskrit\dcs\data\conllu\files\Aitareya-Āraṇyaka\Aitareya-Āraṇyaka-0047-AĀ, 5, 1, 4-15198.conllu: value too long for type character varying(80)

2026-07-31 23:10:56,996 [ERROR] Сбой Work/Chapter для файла C:\MyDev\OliverHellwig\sanskrit\dcs\data\conllu\files\Aitareya-Āraṇyaka\Aitareya-Āraṇyaka-0047-AĀ, 5, 1, 4-15198.conllu: value too long for type character varying(80)

2026-07-31 23:10:56,999 [ERROR] Сбой Work/Chapter для файла C:\MyDev\OliverHellwig\sanskrit\dcs\data\conllu\files\Aitareya-Āraṇyaka\Aitareya-Āraṇyaka-0048-AĀ, 5, 1, 5-15200.conllu: value too long for type character varying(80)

2026-07-31 23:10:57,001 [ERROR] Сбой Work/Chapter для файла C:\MyDev\OliverHellwig\sanskrit\dcs\data\conllu\files\Aitareya-Āraṇyaka\Aitareya-Āraṇyaka-0048-AĀ, 5, 1, 5-15200.conllu: value too long for type character varying(80)

2026-07-31 23:10:57,003 [ERROR] Сбой Work/Chapter для файла C:\MyDev\OliverHellwig\sanskrit\dcs\data\conllu\files\Aitareya-Āraṇyaka\Aitareya-Āraṇyaka-0048-AĀ, 5, 1, 5-15200.conllu: value too long for type character varying(80)

2026-07-31 23:10:57,004 [ERROR] Сбой Work/Chapter для файла C:\MyDev\OliverHellwig\sanskrit\dcs\data\conllu\files\Aitareya-Āraṇyaka\Aitareya-Āraṇyaka-0048-AĀ, 5, 1, 5-15200.conllu: value too long for type character varying(80)

2026-07-31 23:10:57,008 [ERROR] Сбой Work/Chapter для файла C:\MyDev\OliverHellwig\sanskrit\dcs\data\conllu\files\Aitareya-Āraṇyaka\Aitareya-Āraṇyaka-0048-AĀ, 5, 1, 5-15200.conllu: value too long for type character varying(80)

2026-07-31 23:10:57,009 [ERROR] Сбой Work/Chapter для файла C:\MyDev\OliverHellwig\sanskrit\dcs\data\conllu\files\Aitareya-Āraṇyaka\Aitareya-Āraṇyaka-0048-AĀ, 5, 1, 5-15200.conllu: value too long for type character varying(80)

2026-07-31 23:10:57,011 [ERROR] Сбой Work/Chapter для файла C:\MyDev\OliverHellwig\sanskrit\dcs\data\conllu\files\Aitareya-Āraṇyaka\Aitareya-Āraṇyaka-0048-AĀ, 5, 1, 5-15200.conllu: value too long for type character varying(80)

2026-07-31 23:10:57,013 [ERROR] Сбой Work/Chapter для файла C:\MyDev\OliverHellwig\sanskrit\dcs\data\conllu\files\Aitareya-Āraṇyaka\Aitareya-Āraṇyaka-0048-AĀ, 5, 1, 5-15200.conllu: value too long for type character varying(80)

2026-07-31 23:10:57,015 [ERROR] Сбой Work/Chapter для файла C:\MyDev\OliverHellwig\sanskrit\dcs\data\conllu\files\Aitareya-Āraṇyaka\Aitareya-Āraṇyaka-0048-AĀ, 5, 1, 5-15200.conllu: value too long for type character varying(80)

2026-07-31 23:10:57,016 [ERROR] Сбой Work/Chapter для файла C:\MyDev\OliverHellwig\sanskrit\dcs\data\conllu\files\Aitareya-Āraṇyaka\Aitareya-Āraṇyaka-0048-AĀ, 5, 1, 5-15200.conllu: value too long for type character varying(80)

2026-07-31 23:10:57,018 [ERROR] Сбой Work/Chapter для файла C:\MyDev\OliverHellwig\sanskrit\dcs\data\conllu\files\Aitareya-Āraṇyaka\Aitareya-Āraṇyaka-0048-AĀ, 5, 1, 5-15200.conllu: value too long for type character varying(80)

2026-07-31 23:10:57,021 [ERROR] Сбой Work/Chapter для файла C:\MyDev\OliverHellwig\sanskrit\dcs\data\conllu\files\Aitareya-Āraṇyaka\Aitareya-Āraṇyaka-0048-AĀ, 5, 1, 5-15200.conllu: value too long for type character varying(80)

2026-07-31 23:10:57,023 [ERROR] Сбой Work/Chapter для файла C:\MyDev\OliverHellwig\sanskrit\dcs\data\conllu\files\Aitareya-Āraṇyaka\Aitareya-Āraṇyaka-0049-AĀ, 5, 1, 6-15202.conllu: value too long for type character varying(80)

2026-07-31 23:10:57,025 [ERROR] Сбой Work/Chapter для файла C:\MyDev\OliverHellwig\sanskrit\dcs\data\conllu\files\Aitareya-Āraṇyaka\Aitareya-Āraṇyaka-0049-AĀ, 5, 1, 6-15202.conllu: value too long for type character varying(80)

2026-07-31 23:10:57,026 [ERROR] Сбой Work/Chapter для файла C:\MyDev\OliverHellwig\sanskrit\dcs\data\conllu\files\Aitareya-Āraṇyaka\Aitareya-Āraṇyaka-0049-AĀ, 5, 1, 6-15202.conllu: value too long for type character varying(80)

2026-07-31 23:10:57,028 [ERROR] Сбой Work/Chapter для файла C:\MyDev\OliverHellwig\sanskrit\dcs\data\conllu\files\Aitareya-Āraṇyaka\Aitareya-Āraṇyaka-0049-AĀ, 5, 1, 6-15202.conllu: value too long for type character varying(80)

2026-07-31 23:10:57,033 [ERROR] Сбой Work/Chapter для файла C:\MyDev\OliverHellwig\sanskrit\dcs\data\conllu\files\Aitareya-Āraṇyaka\Aitareya-Āraṇyaka-0049-AĀ, 5, 1, 6-15202.conllu: value too long for type character varying(80)

2026-07-31 23:10:57,034 [ERROR] Сбой Work/Chapter для файла C:\MyDev\OliverHellwig\sanskrit\dcs\data\conllu\files\Aitareya-Āraṇyaka\Aitareya-Āraṇyaka-0049-AĀ, 5, 1, 6-15202.conllu: value too long for type character varying(80)

2026-07-31 23:10:57,043 [ERROR] Сбой Work/Chapter для файла C:\MyDev\OliverHellwig\sanskrit\dcs\data\conllu\files\Aitareya-Āraṇyaka\Aitareya-Āraṇyaka-0049-AĀ, 5, 1, 6-15202.conllu: value too long for type character varying(80)

2026-07-31 23:10:57,056 [ERROR] Сбой Work/Chapter для файла C:\MyDev\OliverHellwig\sanskrit\dcs\data\conllu\files\Aitareya-Āraṇyaka\Aitareya-Āraṇyaka-0049-AĀ, 5, 1, 6-15202.conllu: value too long for type character varying(80)

2026-07-31 23:10:57,058 [ERROR] Сбой Work/Chapter для файла C:\MyDev\OliverHellwig\sanskrit\dcs\data\conllu\files\Aitareya-Āraṇyaka\Aitareya-Āraṇyaka-0049-AĀ, 5, 1, 6-15202.conllu: value too long for type character varying(80)

2026-07-31 23:10:57,060 [ERROR] Сбой Work/Chapter для файла C:\MyDev\OliverHellwig\sanskrit\dcs\data\conllu\files\Aitareya-Āraṇyaka\Aitareya-Āraṇyaka-0049-AĀ, 5, 1, 6-15202.conllu: value too long for type character varying(80)

2026-07-31 23:10:57,062 [ERROR] Сбой Work/Chapter для файла C:\MyDev\OliverHellwig\sanskrit\dcs\data\conllu\files\Aitareya-Āraṇyaka\Aitareya-Āraṇyaka-0049-AĀ, 5, 1, 6-15202.conllu: value too long for type character varying(80)

2026-07-31 23:10:57,063 [ERROR] Сбой Work/Chapter для файла C:\MyDev\OliverHellwig\sanskrit\dcs\data\conllu\files\Aitareya-Āraṇyaka\Aitareya-Āraṇyaka-0049-AĀ, 5, 1, 6-15202.conllu: value too long for type character varying(80)

2026-07-31 23:10:57,065 [ERROR] Сбой Work/Chapter для файла C:\MyDev\OliverHellwig\sanskrit\dcs\data\conllu\files\Aitareya-Āraṇyaka\Aitareya-Āraṇyaka-0049-AĀ, 5, 1, 6-15202.conllu: value too long for type character varying(80)

2026-07-31 23:10:57,067 [ERROR] Сбой Work/Chapter для файла C:\MyDev\OliverHellwig\sanskrit\dcs\data\conllu\files\Aitareya-Āraṇyaka\Aitareya-Āraṇyaka-0049-AĀ, 5, 1, 6-15202.conllu: value too long for type character varying(80)

2026-07-31 23:10:57,068 [ERROR] Сбой Work/Chapter для файла C:\MyDev\OliverHellwig\sanskrit\dcs\data\conllu\files\Aitareya-Āraṇyaka\Aitareya-Āraṇyaka-0049-AĀ, 5, 1, 6-15202.conllu: value too long for type character varying(80)

2026-07-31 23:10:57,070 [ERROR] Сбой Work/Chapter для файла C:\MyDev\OliverHellwig\sanskrit\dcs\data\conllu\files\Aitareya-Āraṇyaka\Aitareya-Āraṇyaka-0049-AĀ, 5, 1, 6-15202.conllu: value too long for type character varying(80)

2026-07-31 23:10:57,072 [ERROR] Сбой Work/Chapter для файла C:\MyDev\OliverHellwig\sanskrit\dcs\data\conllu\files\Aitareya-Āraṇyaka\Aitareya-Āraṇyaka-0049-AĀ, 5, 1, 6-15202.conllu: value too long for type character varying(80)

2026-07-31 23:10:57,073 [ERROR] Сбой Work/Chapter для файла C:\MyDev\OliverHellwig\sanskrit\dcs\data\conllu\files\Aitareya-Āraṇyaka\Aitareya-Āraṇyaka-0049-AĀ, 5, 1, 6-15202.conllu: value too long for type character varying(80)

2026-07-31 23:10:57,075 [ERROR] Сбой Work/Chapter для файла C:\MyDev\OliverHellwig\sanskrit\dcs\data\conllu\files\Aitareya-Āraṇyaka\Aitareya-Āraṇyaka-0049-AĀ, 5, 1, 6-15202.conllu: value too long for type character varying(80)

2026-07-31 23:10:57,083 [ERROR] Сбой Work/Chapter для файла C:\MyDev\OliverHellwig\sanskrit\dcs\data\conllu\files\Aitareya-Āraṇyaka\Aitareya-Āraṇyaka-0049-AĀ, 5, 1, 6-15202.conllu: value too long for type character varying(80)

2026-07-31 23:10:57,096 [ERROR] Сбой Work/Chapter для файла C:\MyDev\OliverHellwig\sanskrit\dcs\data\conllu\files\Aitareya-Āraṇyaka\Aitareya-Āraṇyaka-0049-AĀ, 5, 1, 6-15202.conllu: value too long for type character varying(80)

2026-07-31 23:10:58,537 [ERROR] Сбой Work/Chapter для файла C:\MyDev\OliverHellwig\sanskrit\dcs\data\conllu\files\Aitareya-Āraṇyaka\Aitareya-Āraṇyaka-0057-AĀ, 5, 3, 3-15237.conllu: value too long for type character varying(80)

2026-07-31 23:10:58,539 [ERROR] Сбой Work/Chapter для файла C:\MyDev\OliverHellwig\sanskrit\dcs\data\conllu\files\Aitareya-Āraṇyaka\Aitareya-Āraṇyaka-0057-AĀ, 5, 3, 3-15237.conllu: value too long for type character varying(80)

2026-07-31 23:10:58,541 [ERROR] Сбой Work/Chapter для файла C:\MyDev\OliverHellwig\sanskrit\dcs\data\conllu\files\Aitareya-Āraṇyaka\Aitareya-Āraṇyaka-0057-AĀ, 5, 3, 3-15237.conllu: value too long for type character varying(80)

2026-07-31 23:10:58,546 [ERROR] Сбой Work/Chapter для файла C:\MyDev\OliverHellwig\sanskrit\dcs\data\conllu\files\Aitareya-Āraṇyaka\Aitareya-Āraṇyaka-0057-AĀ, 5, 3, 3-15237.conllu: value too long for type character varying(80)

2026-07-31 23:10:58,561 [ERROR] Сбой Work/Chapter для файла C:\MyDev\OliverHellwig\sanskrit\dcs\data\conllu\files\Aitareya-Āraṇyaka\Aitareya-Āraṇyaka-0057-AĀ, 5, 3, 3-15237.conllu: value too long for type character varying(80)

2026-07-31 23:10:58,566 [ERROR] Сбой Work/Chapter для файла C:\MyDev\OliverHellwig\sanskrit\dcs\data\conllu\files\Aitareya-Āraṇyaka\Aitareya-Āraṇyaka-0057-AĀ, 5, 3, 3-15237.conllu: value too long for type character varying(80)

2026-07-31 23:10:58,568 [ERROR] Сбой Work/Chapter для файла C:\MyDev\OliverHellwig\sanskrit\dcs\data\conllu\files\Aitareya-Āraṇyaka\Aitareya-Āraṇyaka-0057-AĀ, 5, 3, 3-15237.conllu: value too long for type character varying(80)

2026-07-31 23:10:58,569 [ERROR] Сбой Work/Chapter для файла C:\MyDev\OliverHellwig\sanskrit\dcs\data\conllu\files\Aitareya-Āraṇyaka\Aitareya-Āraṇyaka-0057-AĀ, 5, 3, 3-15237.conllu: value too long for type character varying(80)

2026-07-31 23:10:58,571 [ERROR] Сбой Work/Chapter для файла C:\MyDev\OliverHellwig\sanskrit\dcs\data\conllu\files\Aitareya-Āraṇyaka\Aitareya-Āraṇyaka-0057-AĀ, 5, 3, 3-15237.conllu: value too long for type character varying(80)

2026-07-31 23:10:58,573 [ERROR] Сбой Work/Chapter для файла C:\MyDev\OliverHellwig\sanskrit\dcs\data\conllu\files\Aitareya-Āraṇyaka\Aitareya-Āraṇyaka-0057-AĀ, 5, 3, 3-15237.conllu: value too long for type character varying(80)

2026-07-31 23:10:58,575 [ERROR] Сбой Work/Chapter для файла C:\MyDev\OliverHellwig\sanskrit\dcs\data\conllu\files\Aitareya-Āraṇyaka\Aitareya-Āraṇyaka-0057-AĀ, 5, 3, 3-15237.conllu: value too long for type character varying(80)

2026-07-31 23:10:58,576 [ERROR] Сбой Work/Chapter для файла C:\MyDev\OliverHellwig\sanskrit\dcs\data\conllu\files\Aitareya-Āraṇyaka\Aitareya-Āraṇyaka-0057-AĀ, 5, 3, 3-15237.conllu: value too long for type character varying(80)

2026-07-31 23:10:58,578 [ERROR] Сбой Work/Chapter для файла C:\MyDev\OliverHellwig\sanskrit\dcs\data\conllu\files\Aitareya-Āraṇyaka\Aitareya-Āraṇyaka-0057-AĀ, 5, 3, 3-15237.conllu: value too long for type character varying(80)

2026-07-31 23:10:58,580 [ERROR] Сбой Work/Chapter для файла C:\MyDev\OliverHellwig\sanskrit\dcs\data\conllu\files\Aitareya-Āraṇyaka\Aitareya-Āraṇyaka-0057-AĀ, 5, 3, 3-15237.conllu: value too long for type character varying(80)

2026-07-31 23:10:58,581 [ERROR] Сбой Work/Chapter для файла C:\MyDev\OliverHellwig\sanskrit\dcs\data\conllu\files\Aitareya-Āraṇyaka\Aitareya-Āraṇyaka-0057-AĀ, 5, 3, 3-15237.conllu: value too long for type character varying(80)

2026-07-31 23:10:58,583 [ERROR] Сбой Work/Chapter для файла C:\MyDev\OliverHellwig\sanskrit\dcs\data\conllu\files\Aitareya-Āraṇyaka\Aitareya-Āraṇyaka-0057-AĀ, 5, 3, 3-15237.conllu: value too long for type character varying(80)

2026-07-31 23:10:58,598 [ERROR] Сбой Work/Chapter для файла C:\MyDev\OliverHellwig\sanskrit\dcs\data\conllu\files\Aitareya-Āraṇyaka\Aitareya-Āraṇyaka-0057-AĀ, 5, 3, 3-15237.conllu: value too long for type character varying(80)

2026-07-31 23:10:58,607 [ERROR] Сбой Work/Chapter для файла C:\MyDev\OliverHellwig\sanskrit\dcs\data\conllu\files\Aitareya-Āraṇyaka\Aitareya-Āraṇyaka-0057-AĀ, 5, 3, 3-15237.conllu: value too long for type character varying(80)

2026-07-31 23:10:58,608 [INFO] Импорт завершен. Файлов обработано: 58, Стихов/предложений: 650
2026-07-31 23:10:59,407 [ERROR] Сбой Work/Chapter для файла C:\MyDev\OliverHellwig\sanskrit\dcs\data\conllu\files\Aitareyabrāhmaṇa\Aitareyabrāhmaṇa-0003-AB, 1, 4-10839.conllu: value too long for type character varying(80)

2026-07-31 23:10:59,409 [ERROR] Сбой Work/Chapter для файла C:\MyDev\OliverHellwig\sanskrit\dcs\data\conllu\files\Aitareyabrāhmaṇa\Aitareyabrāhmaṇa-0003-AB, 1, 4-10839.conllu: value too long for type character varying(80)

2026-07-31 23:10:59,411 [ERROR] Сбой Work/Chapter для файла C:\MyDev\OliverHellwig\sanskrit\dcs\data\conllu\files\Aitareyabrāhmaṇa\Aitareyabrāhmaṇa-0003-AB, 1, 4-10839.conllu: value too long for type character varying(80)

2026-07-31 23:10:59,412 [ERROR] Сбой Work/Chapter для файла C:\MyDev\OliverHellwig\sanskrit\dcs\data\conllu\files\Aitareyabrāhmaṇa\Aitareyabrāhmaṇa-0003-AB, 1, 4-10839.conllu: value too long for type character varying(80)

2026-07-31 23:10:59,414 [ERROR] Сбой Work/Chapter для файла C:\MyDev\OliverHellwig\sanskrit\dcs\data\conllu\files\Aitareyabrāhmaṇa\Aitareyabrāhmaṇa-0003-AB, 1, 4-10839.conllu: value too long for type character varying(80)

2026-07-31 23:10:59,416 [ERROR] Сбой Work/Chapter для файла C:\MyDev\OliverHellwig\sanskrit\dcs\data\conllu\files\Aitareyabrāhmaṇa\Aitareyabrāhmaṇa-0003-AB, 1, 4-10839.conllu: value too long for type character varying(80)

2026-07-31 23:10:59,417 [ERROR] Сбой Work/Chapter для файла C:\MyDev\OliverHellwig\sanskrit\dcs\data\conllu\files\Aitareyabrāhmaṇa\Aitareyabrāhmaṇa-0003-AB, 1, 4-10839.conllu: value too long for type character varying(80)

2026-07-31 23:10:59,419 [ERROR] Сбой Work/Chapter для файла C:\MyDev\OliverHellwig\sanskrit\dcs\data\conllu\files\Aitareyabrāhmaṇa\Aitareyabrāhmaṇa-0003-AB, 1, 4-10839.conllu: value too long for type character varying(80)

2026-07-31 23:10:59,421 [ERROR] Сбой Work/Chapter для файла C:\MyDev\OliverHellwig\sanskrit\dcs\data\conllu\files\Aitareyabrāhmaṇa\Aitareyabrāhmaṇa-0003-AB, 1, 4-10839.conllu: value too long for type character varying(80)

2026-07-31 23:10:59,422 [ERROR] Сбой Work/Chapter для файла C:\MyDev\OliverHellwig\sanskrit\dcs\data\conllu\files\Aitareyabrāhmaṇa\Aitareyabrāhmaṇa-0003-AB, 1, 4-10839.conllu: value too long for type character varying(80)

2026-07-31 23:10:59,424 [ERROR] Сбой Work/Chapter для файла C:\MyDev\OliverHellwig\sanskrit\dcs\data\conllu\files\Aitareyabrāhmaṇa\Aitareyabrāhmaṇa-0003-AB, 1, 4-10839.conllu: value too long for type character varying(80)

2026-07-31 23:10:59,436 [ERROR] Сбой Work/Chapter для файла C:\MyDev\OliverHellwig\sanskrit\dcs\data\conllu\files\Aitareyabrāhmaṇa\Aitareyabrāhmaṇa-0003-AB, 1, 4-10839.conllu: value too long for type character varying(80)

2026-07-31 23:10:59,445 [ERROR] Сбой Work/Chapter для файла C:\MyDev\OliverHellwig\sanskrit\dcs\data\conllu\files\Aitareyabrāhmaṇa\Aitareyabrāhmaṇa-0003-AB, 1, 4-10839.conllu: value too long for type character varying(80)

2026-07-31 23:10:59,447 [ERROR] Сбой Work/Chapter для файла C:\MyDev\OliverHellwig\sanskrit\dcs\data\conllu\files\Aitareyabrāhmaṇa\Aitareyabrāhmaṇa-0003-AB, 1, 4-10839.conllu: value too long for type character varying(80)

2026-07-31 23:10:59,448 [ERROR] Сбой Work/Chapter для файла C:\MyDev\OliverHellwig\sanskrit\dcs\data\conllu\files\Aitareyabrāhmaṇa\Aitareyabrāhmaṇa-0003-AB, 1, 4-10839.conllu: value too long for type character varying(80)

2026-07-31 23:11:00,903 [ERROR] Сбой Work/Chapter для файла C:\MyDev\OliverHellwig\sanskrit\dcs\data\conllu\files\Aitareyabrāhmaṇa\Aitareyabrāhmaṇa-0010-AB, 1, 11-10858.conllu: value too long for type character varying(80)

2026-07-31 23:11:00,905 [ERROR] Сбой Work/Chapter для файла C:\MyDev\OliverHellwig\sanskrit\dcs\data\conllu\files\Aitareyabrāhmaṇa\Aitareyabrāhmaṇa-0010-AB, 1, 11-10858.conllu: value too long for type character varying(80)

2026-07-31 23:11:00,906 [ERROR] Сбой Work/Chapter для файла C:\MyDev\OliverHellwig\sanskrit\dcs\data\conllu\files\Aitareyabrāhmaṇa\Aitareyabrāhmaṇa-0010-AB, 1, 11-10858.conllu: value too long for type character varying(80)

2026-07-31 23:11:00,908 [ERROR] Сбой Work/Chapter для файла C:\MyDev\OliverHellwig\sanskrit\dcs\data\conllu\files\Aitareyabrāhmaṇa\Aitareyabrāhmaṇa-0010-AB, 1, 11-10858.conllu: value too long for type character varying(80)

2026-07-31 23:11:00,910 [ERROR] Сбой Work/Chapter для файла C:\MyDev\OliverHellwig\sanskrit\dcs\data\conllu\files\Aitareyabrāhmaṇa\Aitareyabrāhmaṇa-0010-AB, 1, 11-10858.conllu: value too long for type character varying(80)

2026-07-31 23:11:00,911 [ERROR] Сбой Work/Chapter для файла C:\MyDev\OliverHellwig\sanskrit\dcs\data\conllu\files\Aitareyabrāhmaṇa\Aitareyabrāhmaṇa-0010-AB, 1, 11-10858.conllu: value too long for type character varying(80)

2026-07-31 23:11:00,913 [ERROR] Сбой Work/Chapter для файла C:\MyDev\OliverHellwig\sanskrit\dcs\data\conllu\files\Aitareyabrāhmaṇa\Aitareyabrāhmaṇa-0010-AB, 1, 11-10858.conllu: value too long for type character varying(80)

2026-07-31 23:11:00,915 [ERROR] Сбой Work/Chapter для файла C:\MyDev\OliverHellwig\sanskrit\dcs\data\conllu\files\Aitareyabrāhmaṇa\Aitareyabrāhmaṇa-0010-AB, 1, 11-10858.conllu: value too long for type character varying(80)

2026-07-31 23:11:00,916 [ERROR] Сбой Work/Chapter для файла C:\MyDev\OliverHellwig\sanskrit\dcs\data\conllu\files\Aitareyabrāhmaṇa\Aitareyabrāhmaṇa-0010-AB, 1, 11-10858.conllu: value too long for type character varying(80)

2026-07-31 23:11:00,918 [ERROR] Сбой Work/Chapter для файла C:\MyDev\OliverHellwig\sanskrit\dcs\data\conllu\files\Aitareyabrāhmaṇa\Aitareyabrāhmaṇa-0010-AB, 1, 11-10858.conllu: value too long for type character varying(80)

2026-07-31 23:11:00,920 [ERROR] Сбой Work/Chapter для файла C:\MyDev\OliverHellwig\sanskrit\dcs\data\conllu\files\Aitareyabrāhmaṇa\Aitareyabrāhmaṇa-0010-AB, 1, 11-10858.conllu: value too long for type character varying(80)

2026-07-31 23:11:00,921 [ERROR] Сбой Work/Chapter для файла C:\MyDev\OliverHellwig\sanskrit\dcs\data\conllu\files\Aitareyabrāhmaṇa\Aitareyabrāhmaṇa-0010-AB, 1, 11-10858.conllu: value too long for type character varying(80)

2026-07-31 23:11:00,923 [ERROR] Сбой Work/Chapter для файла C:\MyDev\OliverHellwig\sanskrit\dcs\data\conllu\files\Aitareyabrāhmaṇa\Aitareyabrāhmaṇa-0010-AB, 1, 11-10858.conllu: value too long for type character varying(80)

2026-07-31 23:11:00,925 [ERROR] Сбой Work/Chapter для файла C:\MyDev\OliverHellwig\sanskrit\dcs\data\conllu\files\Aitareyabrāhmaṇa\Aitareyabrāhmaṇa-0010-AB, 1, 11-10858.conllu: value too long for type character varying(80)

2026-07-31 23:11:00,927 [ERROR] Сбой Work/Chapter для файла C:\MyDev\OliverHellwig\sanskrit\dcs\data\conllu\files\Aitareyabrāhmaṇa\Aitareyabrāhmaṇa-0010-AB, 1, 11-10858.conllu: value too long for type character varying(80)

2026-07-31 23:11:00,928 [ERROR] Сбой Work/Chapter для файла C:\MyDev\OliverHellwig\sanskrit\dcs\data\conllu\files\Aitareyabrāhmaṇa\Aitareyabrāhmaṇa-0010-AB, 1, 11-10858.conllu: value too long for type character varying(80)

2026-07-31 23:11:00,930 [ERROR] Сбой Work/Chapter для файла C:\MyDev\OliverHellwig\sanskrit\dcs\data\conllu\files\Aitareyabrāhmaṇa\Aitareyabrāhmaṇa-0010-AB, 1, 11-10858.conllu: value too long for type character varying(80)

2026-07-31 23:11:00,932 [ERROR] Сбой Work/Chapter для файла C:\MyDev\OliverHellwig\sanskrit\dcs\data\conllu\files\Aitareyabrāhmaṇa\Aitareyabrāhmaṇa-0010-AB, 1, 11-10858.conllu: value too long for type character varying(80)

2026-07-31 23:11:00,933 [ERROR] Сбой Work/Chapter для файла C:\MyDev\OliverHellwig\sanskrit\dcs\data\conllu\files\Aitareyabrāhmaṇa\Aitareyabrāhmaṇa-0010-AB, 1, 11-10858.conllu: value too long for type character varying(80)

2026-07-31 23:11:00,941 [ERROR] Сбой Work/Chapter для файла C:\MyDev\OliverHellwig\sanskrit\dcs\data\conllu\files\Aitareyabrāhmaṇa\Aitareyabrāhmaṇa-0010-AB, 1, 11-10858.conllu: value too long for type character varying(80)

2026-07-31 23:11:00,952 [ERROR] Сбой Work/Chapter для файла C:\MyDev\OliverHellwig\sanskrit\dcs\data\conllu\files\Aitareyabrāhmaṇa\Aitareyabrāhmaṇa-0010-AB, 1, 11-10858.conllu: value too long for type character varying(80)

2026-07-31 23:11:00,957 [ERROR] Сбой Work/Chapter для файла C:\MyDev\OliverHellwig\sanskrit\dcs\data\conllu\files\Aitareyabrāhmaṇa\Aitareyabrāhmaṇa-0010-AB, 1, 11-10858.conllu: value too long for type character varying(80)

2026-07-31 23:11:00,958 [ERROR] Сбой Work/Chapter для файла C:\MyDev\OliverHellwig\sanskrit\dcs\data\conllu\files\Aitareyabrāhmaṇa\Aitareyabrāhmaṇa-0010-AB, 1, 11-10858.conllu: value too long for type character varying(80)

2026-07-31 23:11:00,960 [ERROR] Сбой Work/Chapter для файла C:\MyDev\OliverHellwig\sanskrit\dcs\data\conllu\files\Aitareyabrāhmaṇa\Aitareyabrāhmaṇa-0010-AB, 1, 11-10858.conllu: value too long for type character varying(80)

2026-07-31 23:11:00,961 [ERROR] Сбой Work/Chapter для файла C:\MyDev\OliverHellwig\sanskrit\dcs\data\conllu\files\Aitareyabrāhmaṇa\Aitareyabrāhmaṇa-0010-AB, 1, 11-10858.conllu: value too long for type character varying(80)

2026-07-31 23:11:00,963 [ERROR] Сбой Work/Chapter для файла C:\MyDev\OliverHellwig\sanskrit\dcs\data\conllu\files\Aitareyabrāhmaṇa\Aitareyabrāhmaṇa-0010-AB, 1, 11-10858.conllu: value too long for type character varying(80)

2026-07-31 23:11:00,965 [ERROR] Сбой Work/Chapter для файла C:\MyDev\OliverHellwig\sanskrit\dcs\data\conllu\files\Aitareyabrāhmaṇa\Aitareyabrāhmaṇa-0010-AB, 1, 11-10858.conllu: value too long for type character varying(80)

2026-07-31 23:11:00,966 [ERROR] Сбой Work/Chapter для файла C:\MyDev\OliverHellwig\sanskrit\dcs\data\conllu\files\Aitareyabrāhmaṇa\Aitareyabrāhmaṇa-0010-AB, 1, 11-10858.conllu: value too long for type character varying(80)

2026-07-31 23:11:00,968 [ERROR] Сбой Work/Chapter для файла C:\MyDev\OliverHellwig\sanskrit\dcs\data\conllu\files\Aitareyabrāhmaṇa\Aitareyabrāhmaṇa-0010-AB, 1, 11-10858.conllu: value too long for type character varying(80)

2026-07-31 23:11:00,971 [ERROR] Сбой Work/Chapter для файла C:\MyDev\OliverHellwig\sanskrit\dcs\data\conllu\files\Aitareyabrāhmaṇa\Aitareyabrāhmaṇa-0010-AB, 1, 11-10858.conllu: value too long for type character varying(80)

2026-07-31 23:11:00,972 [ERROR] Сбой Work/Chapter для файла C:\MyDev\OliverHellwig\sanskrit\dcs\data\conllu\files\Aitareyabrāhmaṇa\Aitareyabrāhmaṇa-0010-AB, 1, 11-10858.conllu: value too long for type character varying(80)

2026-07-31 23:11:00,974 [ERROR] Сбой Work/Chapter для файла C:\MyDev\OliverHellwig\sanskrit\dcs\data\conllu\files\Aitareyabrāhmaṇa\Aitareyabrāhmaṇa-0010-AB, 1, 11-10858.conllu: value too long for type character varying(80)

2026-07-31 23:11:00,976 [ERROR] Сбой Work/Chapter для файла C:\MyDev\OliverHellwig\sanskrit\dcs\data\conllu\files\Aitareyabrāhmaṇa\Aitareyabrāhmaṇa-0010-AB, 1, 11-10858.conllu: value too long for type character varying(80)

2026-07-31 23:11:00,983 [ERROR] Сбой Work/Chapter для файла C:\MyDev\OliverHellwig\sanskrit\dcs\data\conllu\files\Aitareyabrāhmaṇa\Aitareyabrāhmaṇa-0010-AB, 1, 11-10858.conllu: value too long for type character varying(80)

2026-07-31 23:11:02,726 [ERROR] Сбой Work/Chapter для файла C:\MyDev\OliverHellwig\sanskrit\dcs\data\conllu\files\Aitareyabrāhmaṇa\Aitareyabrāhmaṇa-0016-AB, 1, 17-10869.conllu: value too long for type character varying(80)

2026-07-31 23:11:02,728 [ERROR] Сбой Work/Chapter для файла C:\MyDev\OliverHellwig\sanskrit\dcs\data\conllu\files\Aitareyabrāhmaṇa\Aitareyabrāhmaṇa-0016-AB, 1, 17-10869.conllu: value too long for type character varying(80)

2026-07-31 23:11:02,730 [ERROR] Сбой Work/Chapter для файла C:\MyDev\OliverHellwig\sanskrit\dcs\data\conllu\files\Aitareyabrāhmaṇa\Aitareyabrāhmaṇa-0016-AB, 1, 17-10869.conllu: value too long for type character varying(80)

2026-07-31 23:11:02,732 [ERROR] Сбой Work/Chapter для файла C:\MyDev\OliverHellwig\sanskrit\dcs\data\conllu\files\Aitareyabrāhmaṇa\Aitareyabrāhmaṇa-0016-AB, 1, 17-10869.conllu: value too long for type character varying(80)

2026-07-31 23:11:02,733 [ERROR] Сбой Work/Chapter для файла C:\MyDev\OliverHellwig\sanskrit\dcs\data\conllu\files\Aitareyabrāhmaṇa\Aitareyabrāhmaṇa-0016-AB, 1, 17-10869.conllu: value too long for type character varying(80)

2026-07-31 23:11:02,735 [ERROR] Сбой Work/Chapter для файла C:\MyDev\OliverHellwig\sanskrit\dcs\data\conllu\files\Aitareyabrāhmaṇa\Aitareyabrāhmaṇa-0016-AB, 1, 17-10869.conllu: value too long for type character varying(80)

2026-07-31 23:11:02,737 [ERROR] Сбой Work/Chapter для файла C:\MyDev\OliverHellwig\sanskrit\dcs\data\conllu\files\Aitareyabrāhmaṇa\Aitareyabrāhmaṇa-0016-AB, 1, 17-10869.conllu: value too long for type character varying(80)

2026-07-31 23:11:02,738 [ERROR] Сбой Work/Chapter для файла C:\MyDev\OliverHellwig\sanskrit\dcs\data\conllu\files\Aitareyabrāhmaṇa\Aitareyabrāhmaṇa-0016-AB, 1, 17-10869.conllu: value too long for type character varying(80)

2026-07-31 23:11:02,740 [ERROR] Сбой Work/Chapter для файла C:\MyDev\OliverHellwig\sanskrit\dcs\data\conllu\files\Aitareyabrāhmaṇa\Aitareyabrāhmaṇa-0016-AB, 1, 17-10869.conllu: value too long for type character varying(80)

2026-07-31 23:11:02,742 [ERROR] Сбой Work/Chapter для файла C:\MyDev\OliverHellwig\sanskrit\dcs\data\conllu\files\Aitareyabrāhmaṇa\Aitareyabrāhmaṇa-0016-AB, 1, 17-10869.conllu: value too long for type character varying(80)

2026-07-31 23:11:02,744 [ERROR] Сбой Work/Chapter для файла C:\MyDev\OliverHellwig\sanskrit\dcs\data\conllu\files\Aitareyabrāhmaṇa\Aitareyabrāhmaṇa-0016-AB, 1, 17-10869.conllu: value too long for type character varying(80)

2026-07-31 23:11:02,745 [ERROR] Сбой Work/Chapter для файла C:\MyDev\OliverHellwig\sanskrit\dcs\data\conllu\files\Aitareyabrāhmaṇa\Aitareyabrāhmaṇa-0016-AB, 1, 17-10869.conllu: value too long for type character varying(80)

2026-07-31 23:11:02,756 [ERROR] Сбой Work/Chapter для файла C:\MyDev\OliverHellwig\sanskrit\dcs\data\conllu\files\Aitareyabrāhmaṇa\Aitareyabrāhmaṇa-0016-AB, 1, 17-10869.conllu: value too long for type character varying(80)

2026-07-31 23:11:02,766 [ERROR] Сбой Work/Chapter для файла C:\MyDev\OliverHellwig\sanskrit\dcs\data\conllu\files\Aitareyabrāhmaṇa\Aitareyabrāhmaṇa-0016-AB, 1, 17-10869.conllu: value too long for type character varying(80)

2026-07-31 23:11:02,768 [ERROR] Сбой Work/Chapter для файла C:\MyDev\OliverHellwig\sanskrit\dcs\data\conllu\files\Aitareyabrāhmaṇa\Aitareyabrāhmaṇa-0016-AB, 1, 17-10869.conllu: value too long for type character varying(80)

2026-07-31 23:11:02,769 [ERROR] Сбой Work/Chapter для файла C:\MyDev\OliverHellwig\sanskrit\dcs\data\conllu\files\Aitareyabrāhmaṇa\Aitareyabrāhmaṇa-0016-AB, 1, 17-10869.conllu: value too long for type character varying(80)

2026-07-31 23:11:02,771 [ERROR] Сбой Work/Chapter для файла C:\MyDev\OliverHellwig\sanskrit\dcs\data\conllu\files\Aitareyabrāhmaṇa\Aitareyabrāhmaṇa-0016-AB, 1, 17-10869.conllu: value too long for type character varying(80)

2026-07-31 23:11:02,773 [ERROR] Сбой Work/Chapter для файла C:\MyDev\OliverHellwig\sanskrit\dcs\data\conllu\files\Aitareyabrāhmaṇa\Aitareyabrāhmaṇa-0016-AB, 1, 17-10869.conllu: value too long for type character varying(80)

2026-07-31 23:11:02,775 [ERROR] Сбой Work/Chapter для файла C:\MyDev\OliverHellwig\sanskrit\dcs\data\conllu\files\Aitareyabrāhmaṇa\Aitareyabrāhmaṇa-0016-AB, 1, 17-10869.conllu: value too long for type character varying(80)

2026-07-31 23:11:02,777 [ERROR] Сбой Work/Chapter для файла C:\MyDev\OliverHellwig\sanskrit\dcs\data\conllu\files\Aitareyabrāhmaṇa\Aitareyabrāhmaṇa-0016-AB, 1, 17-10869.conllu: value too long for type character varying(80)

2026-07-31 23:11:02,778 [ERROR] Сбой Work/Chapter для файла C:\MyDev\OliverHellwig\sanskrit\dcs\data\conllu\files\Aitareyabrāhmaṇa\Aitareyabrāhmaṇa-0016-AB, 1, 17-10869.conllu: value too long for type character varying(80)

2026-07-31 23:11:02,780 [ERROR] Сбой Work/Chapter для файла C:\MyDev\OliverHellwig\sanskrit\dcs\data\conllu\files\Aitareyabrāhmaṇa\Aitareyabrāhmaṇa-0016-AB, 1, 17-10869.conllu: value too long for type character varying(80)

2026-07-31 23:11:02,781 [ERROR] Сбой Work/Chapter для файла C:\MyDev\OliverHellwig\sanskrit\dcs\data\conllu\files\Aitareyabrāhmaṇa\Aitareyabrāhmaṇa-0016-AB, 1, 17-10869.conllu: value too long for type character varying(80)

2026-07-31 23:11:02,783 [ERROR] Сбой Work/Chapter для файла C:\MyDev\OliverHellwig\sanskrit\dcs\data\conllu\files\Aitareyabrāhmaṇa\Aitareyabrāhmaṇa-0016-AB, 1, 17-10869.conllu: value too long for type character varying(80)

2026-07-31 23:11:02,785 [ERROR] Сбой Work/Chapter для файла C:\MyDev\OliverHellwig\sanskrit\dcs\data\conllu\files\Aitareyabrāhmaṇa\Aitareyabrāhmaṇa-0016-AB, 1, 17-10869.conllu: value too long for type character varying(80)

2026-07-31 23:11:02,796 [ERROR] Сбой Work/Chapter для файла C:\MyDev\OliverHellwig\sanskrit\dcs\data\conllu\files\Aitareyabrāhmaṇa\Aitareyabrāhmaṇa-0016-AB, 1, 17-10869.conllu: value too long for type character varying(80)

2026-07-31 23:11:02,808 [ERROR] Сбой Work/Chapter для файла C:\MyDev\OliverHellwig\sanskrit\dcs\data\conllu\files\Aitareyabrāhmaṇa\Aitareyabrāhmaṇa-0016-AB, 1, 17-10869.conllu: value too long for type character varying(80)

2026-07-31 23:11:02,810 [ERROR] Сбой Work/Chapter для файла C:\MyDev\OliverHellwig\sanskrit\dcs\data\conllu\files\Aitareyabrāhmaṇa\Aitareyabrāhmaṇa-0016-AB, 1, 17-10869.conllu: value too long for type character varying(80)

2026-07-31 23:16:53,702 [INFO] Импорт завершен. Файлов обработано: 2, Стихов/предложений: 147
2026-07-31 23:16:53,914 [INFO] Импорт завершен. Файлов обработано: 1, Стихов/предложений: 8
2026-07-31 23:17:06,208 [INFO] Импорт завершен. Файлов обработано: 2, Стихов/предложений: 147
2026-07-31 23:17:06,422 [INFO] Импорт завершен. Файлов обработано: 1, Стихов/предложений: 8
2026-07-31 23:17:12,091 [INFO] Импорт завершен. Файлов обработано: 3, Стихов/предложений: 677
2026-07-31 23:17:15,461 [INFO] Импорт завершен. Файлов обработано: 2, Стихов/предложений: 332
2026-07-31 23:17:16,599 [INFO] Импорт завершен. Файлов обработано: 1, Стихов/предложений: 119
2026-07-31 23:17:17,429 [INFO] Импорт завершен. Файлов обработано: 1, Стихов/предложений: 86
2026-07-31 23:17:28,033 [INFO] Импорт завершен. Файлов обработано: 25, Стихов/предложений: 1232
2026-07-31 23:19:56,963 [INFO] Импорт завершен. Файлов обработано: 2, Стихов/предложений: 147
2026-07-31 23:19:57,184 [INFO] Импорт завершен. Файлов обработано: 1, Стихов/предложений: 8
2026-07-31 23:20:02,901 [INFO] Импорт завершен. Файлов обработано: 3, Стихов/предложений: 677
2026-07-31 23:20:06,097 [INFO] Импорт завершен. Файлов обработано: 2, Стихов/предложений: 332
2026-07-31 23:20:07,231 [INFO] Импорт завершен. Файлов обработано: 1, Стихов/предложений: 119
2026-07-31 23:20:08,068 [INFO] Импорт завершен. Файлов обработано: 1, Стихов/предложений: 86
2026-07-31 23:20:18,633 [INFO] Импорт завершен. Файлов обработано: 25, Стихов/предложений: 1232
2026-07-31 23:22:03,586 [INFO] Импорт завершен. Файлов обработано: 2, Стихов/предложений: 147
2026-07-31 23:22:03,826 [INFO] Импорт завершен. Файлов обработано: 1, Стихов/предложений: 8
2026-07-31 23:22:09,481 [INFO] Импорт завершен. Файлов обработано: 3, Стихов/предложений: 677
2026-07-31 23:22:12,567 [INFO] Импорт завершен. Файлов обработано: 2, Стихов/предложений: 332
2026-07-31 23:22:13,694 [INFO] Импорт завершен. Файлов обработано: 1, Стихов/предложений: 119
2026-07-31 23:22:14,532 [INFO] Импорт завершен. Файлов обработано: 1, Стихов/предложений: 86
2026-07-31 23:22:24,976 [INFO] Импорт завершен. Файлов обработано: 25, Стихов/предложений: 1232
2026-07-31 23:22:37,320 [INFO] Импорт завершен. Файлов обработано: 58, Стихов/предложений: 937
2026-07-31 23:23:41,245 [INFO] Импорт завершен. Файлов обработано: 285, Стихов/предложений: 4200
2026-07-31 23:23:42,552 [INFO] Импорт завершен. Файлов обработано: 13, Стихов/предложений: 141
2026-07-31 23:23:50,298 [ERROR] Сбой стиха 343 в файле C:\MyDev\OliverHellwig\sanskrit\dcs\data\conllu\files\Amarakośa\Amarakośa-0001-AKośa, 2-491.conllu: insert or update on table "verses" violates foreign key constraint "verses_chapter_id_fkey"
DETAIL:  Key (chapter_id)=(956418b0-cdaa-405a-91f7-063f52c2283d) is not present in table "chapters".

2026-07-31 23:23:50,300 [ERROR] Сбой стиха 343 в файле C:\MyDev\OliverHellwig\sanskrit\dcs\data\conllu\files\Amarakośa\Amarakośa-0001-AKośa, 2-491.conllu: insert or update on table "verses" violates foreign key constraint "verses_chapter_id_fkey"
DETAIL:  Key (chapter_id)=(956418b0-cdaa-405a-91f7-063f52c2283d) is not present in table "chapters".

2026-07-31 23:23:50,303 [ERROR] Сбой стиха 343 в файле C:\MyDev\OliverHellwig\sanskrit\dcs\data\conllu\files\Amarakośa\Amarakośa-0001-AKośa, 2-491.conllu: insert or update on table "verses" violates foreign key constraint "verses_chapter_id_fkey"
DETAIL:  Key (chapter_id)=(956418b0-cdaa-405a-91f7-063f52c2283d) is not present in table "chapters".

2026-07-31 23:23:50,305 [ERROR] Сбой стиха 343 в файле C:\MyDev\OliverHellwig\sanskrit\dcs\data\conllu\files\Amarakośa\Amarakośa-0001-AKośa, 2-491.conllu: insert or update on table "verses" violates foreign key constraint "verses_chapter_id_fkey"
DETAIL:  Key (chapter_id)=(956418b0-cdaa-405a-91f7-063f52c2283d) is not present in table "chapters".

2026-07-31 23:23:50,307 [ERROR] Сбой стиха 343 в файле C:\MyDev\OliverHellwig\sanskrit\dcs\data\conllu\files\Amarakośa\Amarakośa-0001-AKośa, 2-491.conllu: insert or update on table "verses" violates foreign key constraint "verses_chapter_id_fkey"
DETAIL:  Key (chapter_id)=(956418b0-cdaa-405a-91f7-063f52c2283d) is not present in table "chapters".

2026-07-31 23:23:50,309 [ERROR] Сбой стиха 343 в файле C:\MyDev\OliverHellwig\sanskrit\dcs\data\conllu\files\Amarakośa\Amarakośa-0001-AKośa, 2-491.conllu: insert or update on table "verses" violates foreign key constraint "verses_chapter_id_fkey"
DETAIL:  Key (chapter_id)=(956418b0-cdaa-405a-91f7-063f52c2283d) is not present in table "chapters".

2026-07-31 23:23:50,311 [ERROR] Сбой стиха 343 в файле C:\MyDev\OliverHellwig\sanskrit\dcs\data\conllu\files\Amarakośa\Amarakośa-0001-AKośa, 2-491.conllu: insert or update on table "verses" violates foreign key constraint "verses_chapter_id_fkey"
DETAIL:  Key (chapter_id)=(956418b0-cdaa-405a-91f7-063f52c2283d) is not present in table "chapters".

2026-07-31 23:23:50,316 [ERROR] Сбой стиха 343 в файле C:\MyDev\OliverHellwig\sanskrit\dcs\data\conllu\files\Amarakośa\Amarakośa-0001-AKośa, 2-491.conllu: insert or update on table "verses" violates foreign key constraint "verses_chapter_id_fkey"
DETAIL:  Key (chapter_id)=(956418b0-cdaa-405a-91f7-063f52c2283d) is not present in table "chapters".

2026-07-31 23:23:50,319 [ERROR] Сбой стиха 343 в файле C:\MyDev\OliverHellwig\sanskrit\dcs\data\conllu\files\Amarakośa\Amarakośa-0001-AKośa, 2-491.conllu: insert or update on table "verses" violates foreign key constraint "verses_chapter_id_fkey"
DETAIL:  Key (chapter_id)=(956418b0-cdaa-405a-91f7-063f52c2283d) is not present in table "chapters".

2026-07-31 23:23:50,321 [ERROR] Сбой стиха 343 в файле C:\MyDev\OliverHellwig\sanskrit\dcs\data\conllu\files\Amarakośa\Amarakośa-0001-AKośa, 2-491.conllu: insert or update on table "verses" violates foreign key constraint "verses_chapter_id_fkey"
DETAIL:  Key (chapter_id)=(956418b0-cdaa-405a-91f7-063f52c2283d) is not present in table "chapters".

2026-07-31 23:23:50,323 [ERROR] Сбой стиха 343 в файле C:\MyDev\OliverHellwig\sanskrit\dcs\data\conllu\files\Amarakośa\Amarakośa-0001-AKośa, 2-491.conllu: insert or update on table "verses" violates foreign key constraint "verses_chapter_id_fkey"
DETAIL:  Key (chapter_id)=(956418b0-cdaa-405a-91f7-063f52c2283d) is not present in table "chapters".

2026-07-31 23:23:50,328 [ERROR] Сбой стиха 343 в файле C:\MyDev\OliverHellwig\sanskrit\dcs\data\conllu\files\Amarakośa\Amarakośa-0001-AKośa, 2-491.conllu: insert or update on table "verses" violates foreign key constraint "verses_chapter_id_fkey"
DETAIL:  Key (chapter_id)=(956418b0-cdaa-405a-91f7-063f52c2283d) is not present in table "chapters".

2026-07-31 23:23:50,330 [ERROR] Сбой стиха 343 в файле C:\MyDev\OliverHellwig\sanskrit\dcs\data\conllu\files\Amarakośa\Amarakośa-0001-AKośa, 2-491.conllu: insert or update on table "verses" violates foreign key constraint "verses_chapter_id_fkey"
DETAIL:  Key (chapter_id)=(956418b0-cdaa-405a-91f7-063f52c2283d) is not present in table "chapters".

2026-07-31 23:23:50,334 [ERROR] Сбой стиха 343 в файле C:\MyDev\OliverHellwig\sanskrit\dcs\data\conllu\files\Amarakośa\Amarakośa-0001-AKośa, 2-491.conllu: insert or update on table "verses" violates foreign key constraint "verses_chapter_id_fkey"
DETAIL:  Key (chapter_id)=(956418b0-cdaa-405a-91f7-063f52c2283d) is not present in table "chapters".

2026-07-31 23:23:50,335 [ERROR] Сбой стиха 343 в файле C:\MyDev\OliverHellwig\sanskrit\dcs\data\conllu\files\Amarakośa\Amarakośa-0001-AKośa, 2-491.conllu: insert or update on table "verses" violates foreign key constraint "verses_chapter_id_fkey"
DETAIL:  Key (chapter_id)=(956418b0-cdaa-405a-91f7-063f52c2283d) is not present in table "chapters".

2026-07-31 23:23:50,341 [ERROR] Сбой стиха 343 в файле C:\MyDev\OliverHellwig\sanskrit\dcs\data\conllu\files\Amarakośa\Amarakośa-0001-AKośa, 2-491.conllu: insert or update on table "verses" violates foreign key constraint "verses_chapter_id_fkey"
DETAIL:  Key (chapter_id)=(956418b0-cdaa-405a-91f7-063f52c2283d) is not present in table "chapters".

2026-07-31 23:23:50,343 [ERROR] Сбой стиха 343 в файле C:\MyDev\OliverHellwig\sanskrit\dcs\data\conllu\files\Amarakośa\Amarakośa-0001-AKośa, 2-491.conllu: insert or update on table "verses" violates foreign key constraint "verses_chapter_id_fkey"
DETAIL:  Key (chapter_id)=(956418b0-cdaa-405a-91f7-063f52c2283d) is not present in table "chapters".

2026-07-31 23:23:50,346 [ERROR] Сбой стиха 343 в файле C:\MyDev\OliverHellwig\sanskrit\dcs\data\conllu\files\Amarakośa\Amarakośa-0001-AKośa, 2-491.conllu: insert or update on table "verses" violates foreign key constraint "verses_chapter_id_fkey"
DETAIL:  Key (chapter_id)=(956418b0-cdaa-405a-91f7-063f52c2283d) is not present in table "chapters".

2026-07-31 23:23:50,349 [ERROR] Сбой стиха 343 в файле C:\MyDev\OliverHellwig\sanskrit\dcs\data\conllu\files\Amarakośa\Amarakośa-0001-AKośa, 2-491.conllu: insert or update on table "verses" violates foreign key constraint "verses_chapter_id_fkey"
DETAIL:  Key (chapter_id)=(956418b0-cdaa-405a-91f7-063f52c2283d) is not present in table "chapters".

2026-07-31 23:23:50,351 [ERROR] Сбой стиха 343 в файле C:\MyDev\OliverHellwig\sanskrit\dcs\data\conllu\files\Amarakośa\Amarakośa-0001-AKośa, 2-491.conllu: insert or update on table "verses" violates foreign key constraint "verses_chapter_id_fkey"
DETAIL:  Key (chapter_id)=(956418b0-cdaa-405a-91f7-063f52c2283d) is not present in table "chapters".

2026-07-31 23:23:50,353 [ERROR] Сбой стиха 343 в файле C:\MyDev\OliverHellwig\sanskrit\dcs\data\conllu\files\Amarakośa\Amarakośa-0001-AKośa, 2-491.conllu: insert or update on table "verses" violates foreign key constraint "verses_chapter_id_fkey"
DETAIL:  Key (chapter_id)=(956418b0-cdaa-405a-91f7-063f52c2283d) is not present in table "chapters".

2026-07-31 23:23:50,356 [ERROR] Сбой стиха 343 в файле C:\MyDev\OliverHellwig\sanskrit\dcs\data\conllu\files\Amarakośa\Amarakośa-0001-AKośa, 2-491.conllu: insert or update on table "verses" violates foreign key constraint "verses_chapter_id_fkey"
DETAIL:  Key (chapter_id)=(956418b0-cdaa-405a-91f7-063f52c2283d) is not present in table "chapters".

2026-07-31 23:23:50,358 [ERROR] Сбой стиха 343 в файле C:\MyDev\OliverHellwig\sanskrit\dcs\data\conllu\files\Amarakośa\Amarakośa-0001-AKośa, 2-491.conllu: insert or update on table "verses" violates foreign key constraint "verses_chapter_id_fkey"
DETAIL:  Key (chapter_id)=(956418b0-cdaa-405a-91f7-063f52c2283d) is not present in table "chapters".

2026-07-31 23:23:50,360 [ERROR] Сбой стиха 343 в файле C:\MyDev\OliverHellwig\sanskrit\dcs\data\conllu\files\Amarakośa\Amarakośa-0001-AKośa, 2-491.conllu: insert or update on table "verses" violates foreign key constraint "verses_chapter_id_fkey"
DETAIL:  Key (chapter_id)=(956418b0-cdaa-405a-91f7-063f52c2283d) is not present in table "chapters".

2026-07-31 23:23:50,362 [ERROR] Сбой стиха 343 в файле C:\MyDev\OliverHellwig\sanskrit\dcs\data\conllu\files\Amarakośa\Amarakośa-0001-AKośa, 2-491.conllu: insert or update on table "verses" violates foreign key constraint "verses_chapter_id_fkey"
DETAIL:  Key (chapter_id)=(956418b0-cdaa-405a-91f7-063f52c2283d) is not present in table "chapters".

2026-07-31 23:23:50,368 [ERROR] Сбой стиха 343 в файле C:\MyDev\OliverHellwig\sanskrit\dcs\data\conllu\files\Amarakośa\Amarakośa-0001-AKośa, 2-491.conllu: insert or update on table "verses" violates foreign key constraint "verses_chapter_id_fkey"
DETAIL:  Key (chapter_id)=(956418b0-cdaa-405a-91f7-063f52c2283d) is not present in table "chapters".

2026-07-31 23:23:50,370 [ERROR] Сбой стиха 343 в файле C:\MyDev\OliverHellwig\sanskrit\dcs\data\conllu\files\Amarakośa\Amarakośa-0001-AKośa, 2-491.conllu: insert or update on table "verses" violates foreign key constraint "verses_chapter_id_fkey"
DETAIL:  Key (chapter_id)=(956418b0-cdaa-405a-91f7-063f52c2283d) is not present in table "chapters".

2026-07-31 23:23:50,372 [ERROR] Сбой стиха 343 в файле C:\MyDev\OliverHellwig\sanskrit\dcs\data\conllu\files\Amarakośa\Amarakośa-0001-AKośa, 2-491.conllu: insert or update on table "verses" violates foreign key constraint "verses_chapter_id_fkey"
DETAIL:  Key (chapter_id)=(956418b0-cdaa-405a-91f7-063f52c2283d) is not present in table "chapters".

2026-07-31 23:23:50,373 [ERROR] Сбой стиха 343 в файле C:\MyDev\OliverHellwig\sanskrit\dcs\data\conllu\files\Amarakośa\Amarakośa-0001-AKośa, 2-491.conllu: insert or update on table "verses" violates foreign key constraint "verses_chapter_id_fkey"
DETAIL:  Key (chapter_id)=(956418b0-cdaa-405a-91f7-063f52c2283d) is not present in table "chapters".

2026-07-31 23:23:50,376 [ERROR] Сбой стиха 343 в файле C:\MyDev\OliverHellwig\sanskrit\dcs\data\conllu\files\Amarakośa\Amarakośa-0001-AKośa, 2-491.conllu: insert or update on table "verses" violates foreign key constraint "verses_chapter_id_fkey"
DETAIL:  Key (chapter_id)=(956418b0-cdaa-405a-91f7-063f52c2283d) is not present in table "chapters".

2026-07-31 23:23:50,382 [ERROR] Сбой стиха 343 в файле C:\MyDev\OliverHellwig\sanskrit\dcs\data\conllu\files\Amarakośa\Amarakośa-0001-AKośa, 2-491.conllu: insert or update on table "verses" violates foreign key constraint "verses_chapter_id_fkey"
DETAIL:  Key (chapter_id)=(956418b0-cdaa-405a-91f7-063f52c2283d) is not present in table "chapters".

2026-07-31 23:23:50,384 [ERROR] Сбой стиха 343 в файле C:\MyDev\OliverHellwig\sanskrit\dcs\data\conllu\files\Amarakośa\Amarakośa-0001-AKośa, 2-491.conllu: insert or update on table "verses" violates foreign key constraint "verses_chapter_id_fkey"
DETAIL:  Key (chapter_id)=(956418b0-cdaa-405a-91f7-063f52c2283d) is not present in table "chapters".

2026-07-31 23:23:50,386 [ERROR] Сбой стиха 343 в файле C:\MyDev\OliverHellwig\sanskrit\dcs\data\conllu\files\Amarakośa\Amarakośa-0001-AKośa, 2-491.conllu: insert or update on table "verses" violates foreign key constraint "verses_chapter_id_fkey"
DETAIL:  Key (chapter_id)=(956418b0-cdaa-405a-91f7-063f52c2283d) is not present in table "chapters".

2026-07-31 23:23:50,389 [ERROR] Сбой стиха 343 в файле C:\MyDev\OliverHellwig\sanskrit\dcs\data\conllu\files\Amarakośa\Amarakośa-0001-AKośa, 2-491.conllu: insert or update on table "verses" violates foreign key constraint "verses_chapter_id_fkey"
DETAIL:  Key (chapter_id)=(956418b0-cdaa-405a-91f7-063f52c2283d) is not present in table "chapters".

2026-07-31 23:23:50,395 [ERROR] Сбой стиха 343 в файле C:\MyDev\OliverHellwig\sanskrit\dcs\data\conllu\files\Amarakośa\Amarakośa-0001-AKośa, 2-491.conllu: insert or update on table "verses" violates foreign key constraint "verses_chapter_id_fkey"
DETAIL:  Key (chapter_id)=(956418b0-cdaa-405a-91f7-063f52c2283d) is not present in table "chapters".

2026-07-31 23:23:50,398 [ERROR] Сбой стиха 343 в файле C:\MyDev\OliverHellwig\sanskrit\dcs\data\conllu\files\Amarakośa\Amarakośa-0001-AKośa, 2-491.conllu: insert or update on table "verses" violates foreign key constraint "verses_chapter_id_fkey"
DETAIL:  Key (chapter_id)=(956418b0-cdaa-405a-91f7-063f52c2283d) is not present in table "chapters".

2026-07-31 23:23:50,400 [ERROR] Сбой стиха 343 в файле C:\MyDev\OliverHellwig\sanskrit\dcs\data\conllu\files\Amarakośa\Amarakośa-0001-AKośa, 2-491.conllu: insert or update on table "verses" violates foreign key constraint "verses_chapter_id_fkey"
DETAIL:  Key (chapter_id)=(956418b0-cdaa-405a-91f7-063f52c2283d) is not present in table "chapters".

2026-07-31 23:23:50,402 [ERROR] Сбой стиха 343 в файле C:\MyDev\OliverHellwig\sanskrit\dcs\data\conllu\files\Amarakośa\Amarakośa-0001-AKośa, 2-491.conllu: insert or update on table "verses" violates foreign key constraint "verses_chapter_id_fkey"
DETAIL:  Key (chapter_id)=(956418b0-cdaa-405a-91f7-063f52c2283d) is not present in table "chapters".

2026-07-31 23:23:50,408 [ERROR] Сбой стиха 343 в файле C:\MyDev\OliverHellwig\sanskrit\dcs\data\conllu\files\Amarakośa\Amarakośa-0001-AKośa, 2-491.conllu: insert or update on table "verses" violates foreign key constraint "verses_chapter_id_fkey"
DETAIL:  Key (chapter_id)=(956418b0-cdaa-405a-91f7-063f52c2283d) is not present in table "chapters".

2026-07-31 23:23:50,412 [ERROR] Сбой стиха 343 в файле C:\MyDev\OliverHellwig\sanskrit\dcs\data\conllu\files\Amarakośa\Amarakośa-0001-AKośa, 2-491.conllu: insert or update on table "verses" violates foreign key constraint "verses_chapter_id_fkey"
DETAIL:  Key (chapter_id)=(956418b0-cdaa-405a-91f7-063f52c2283d) is not present in table "chapters".

2026-07-31 23:23:50,413 [ERROR] Сбой стиха 343 в файле C:\MyDev\OliverHellwig\sanskrit\dcs\data\conllu\files\Amarakośa\Amarakośa-0001-AKośa, 2-491.conllu: insert or update on table "verses" violates foreign key constraint "verses_chapter_id_fkey"
DETAIL:  Key (chapter_id)=(956418b0-cdaa-405a-91f7-063f52c2283d) is not present in table "chapters".

2026-07-31 23:23:50,416 [ERROR] Сбой стиха 343 в файле C:\MyDev\OliverHellwig\sanskrit\dcs\data\conllu\files\Amarakośa\Amarakośa-0001-AKośa, 2-491.conllu: insert or update on table "verses" violates foreign key constraint "verses_chapter_id_fkey"
DETAIL:  Key (chapter_id)=(956418b0-cdaa-405a-91f7-063f52c2283d) is not present in table "chapters".

2026-07-31 23:23:50,418 [ERROR] Сбой стиха 343 в файле C:\MyDev\OliverHellwig\sanskrit\dcs\data\conllu\files\Amarakośa\Amarakośa-0001-AKośa, 2-491.conllu: insert or update on table "verses" violates foreign key constraint "verses_chapter_id_fkey"
DETAIL:  Key (chapter_id)=(956418b0-cdaa-405a-91f7-063f52c2283d) is not present in table "chapters".

2026-07-31 23:23:50,421 [ERROR] Сбой стиха 343 в файле C:\MyDev\OliverHellwig\sanskrit\dcs\data\conllu\files\Amarakośa\Amarakośa-0001-AKośa, 2-491.conllu: insert or update on table "verses" violates foreign key constraint "verses_chapter_id_fkey"
DETAIL:  Key (chapter_id)=(956418b0-cdaa-405a-91f7-063f52c2283d) is not present in table "chapters".

2026-07-31 23:23:50,424 [ERROR] Сбой стиха 343 в файле C:\MyDev\OliverHellwig\sanskrit\dcs\data\conllu\files\Amarakośa\Amarakośa-0001-AKośa, 2-491.conllu: insert or update on table "verses" violates foreign key constraint "verses_chapter_id_fkey"
DETAIL:  Key (chapter_id)=(956418b0-cdaa-405a-91f7-063f52c2283d) is not present in table "chapters".

2026-07-31 23:23:50,427 [ERROR] Сбой стиха 343 в файле C:\MyDev\OliverHellwig\sanskrit\dcs\data\conllu\files\Amarakośa\Amarakośa-0001-AKośa, 2-491.conllu: insert or update on table "verses" violates foreign key constraint "verses_chapter_id_fkey"
DETAIL:  Key (chapter_id)=(956418b0-cdaa-405a-91f7-063f52c2283d) is not present in table "chapters".

2026-07-31 23:23:50,429 [ERROR] Сбой стиха 343 в файле C:\MyDev\OliverHellwig\sanskrit\dcs\data\conllu\files\Amarakośa\Amarakośa-0001-AKośa, 2-491.conllu: insert or update on table "verses" violates foreign key constraint "verses_chapter_id_fkey"
DETAIL:  Key (chapter_id)=(956418b0-cdaa-405a-91f7-063f52c2283d) is not present in table "chapters".

2026-07-31 23:23:50,431 [ERROR] Сбой стиха 343 в файле C:\MyDev\OliverHellwig\sanskrit\dcs\data\conllu\files\Amarakośa\Amarakośa-0001-AKośa, 2-491.conllu: insert or update on table "verses" violates foreign key constraint "verses_chapter_id_fkey"
DETAIL:  Key (chapter_id)=(956418b0-cdaa-405a-91f7-063f52c2283d) is not present in table "chapters".

2026-07-31 23:23:50,433 [ERROR] Сбой стиха 343 в файле C:\MyDev\OliverHellwig\sanskrit\dcs\data\conllu\files\Amarakośa\Amarakośa-0001-AKośa, 2-491.conllu: insert or update on table "verses" violates foreign key constraint "verses_chapter_id_fkey"
DETAIL:  Key (chapter_id)=(956418b0-cdaa-405a-91f7-063f52c2283d) is not present in table "chapters".

2026-07-31 23:23:50,438 [ERROR] Сбой стиха 343 в файле C:\MyDev\OliverHellwig\sanskrit\dcs\data\conllu\files\Amarakośa\Amarakośa-0001-AKośa, 2-491.conllu: insert or update on table "verses" violates foreign key constraint "verses_chapter_id_fkey"
DETAIL:  Key (chapter_id)=(956418b0-cdaa-405a-91f7-063f52c2283d) is not present in table "chapters".

2026-07-31 23:23:50,440 [ERROR] Сбой стиха 343 в файле C:\MyDev\OliverHellwig\sanskrit\dcs\data\conllu\files\Amarakośa\Amarakośa-0001-AKośa, 2-491.conllu: insert or update on table "verses" violates foreign key constraint "verses_chapter_id_fkey"
DETAIL:  Key (chapter_id)=(956418b0-cdaa-405a-91f7-063f52c2283d) is not present in table "chapters".

2026-07-31 23:23:50,442 [ERROR] Сбой стиха 343 в файле C:\MyDev\OliverHellwig\sanskrit\dcs\data\conllu\files\Amarakośa\Amarakośa-0001-AKośa, 2-491.conllu: insert or update on table "verses" violates foreign key constraint "verses_chapter_id_fkey"
DETAIL:  Key (chapter_id)=(956418b0-cdaa-405a-91f7-063f52c2283d) is not present in table "chapters".

2026-07-31 23:23:50,449 [ERROR] Сбой стиха 343 в файле C:\MyDev\OliverHellwig\sanskrit\dcs\data\conllu\files\Amarakośa\Amarakośa-0001-AKośa, 2-491.conllu: insert or update on table "verses" violates foreign key constraint "verses_chapter_id_fkey"
DETAIL:  Key (chapter_id)=(956418b0-cdaa-405a-91f7-063f52c2283d) is not present in table "chapters".

2026-07-31 23:23:50,451 [ERROR] Сбой стиха 343 в файле C:\MyDev\OliverHellwig\sanskrit\dcs\data\conllu\files\Amarakośa\Amarakośa-0001-AKośa, 2-491.conllu: insert or update on table "verses" violates foreign key constraint "verses_chapter_id_fkey"
DETAIL:  Key (chapter_id)=(956418b0-cdaa-405a-91f7-063f52c2283d) is not present in table "chapters".

2026-07-31 23:23:50,453 [ERROR] Сбой стиха 343 в файле C:\MyDev\OliverHellwig\sanskrit\dcs\data\conllu\files\Amarakośa\Amarakośa-0001-AKośa, 2-491.conllu: insert or update on table "verses" violates foreign key constraint "verses_chapter_id_fkey"
DETAIL:  Key (chapter_id)=(956418b0-cdaa-405a-91f7-063f52c2283d) is not present in table "chapters".

2026-07-31 23:23:50,456 [ERROR] Сбой стиха 343 в файле C:\MyDev\OliverHellwig\sanskrit\dcs\data\conllu\files\Amarakośa\Amarakośa-0001-AKośa, 2-491.conllu: insert or update on table "verses" violates foreign key constraint "verses_chapter_id_fkey"
DETAIL:  Key (chapter_id)=(956418b0-cdaa-405a-91f7-063f52c2283d) is not present in table "chapters".

2026-07-31 23:23:50,458 [ERROR] Сбой стиха 343 в файле C:\MyDev\OliverHellwig\sanskrit\dcs\data\conllu\files\Amarakośa\Amarakośa-0001-AKośa, 2-491.conllu: insert or update on table "verses" violates foreign key constraint "verses_chapter_id_fkey"
DETAIL:  Key (chapter_id)=(956418b0-cdaa-405a-91f7-063f52c2283d) is not present in table "chapters".

2026-07-31 23:23:50,460 [ERROR] Сбой стиха 343 в файле C:\MyDev\OliverHellwig\sanskrit\dcs\data\conllu\files\Amarakośa\Amarakośa-0001-AKośa, 2-491.conllu: insert or update on table "verses" violates foreign key constraint "verses_chapter_id_fkey"
DETAIL:  Key (chapter_id)=(956418b0-cdaa-405a-91f7-063f52c2283d) is not present in table "chapters".

2026-07-31 23:23:50,466 [ERROR] Сбой стиха 343 в файле C:\MyDev\OliverHellwig\sanskrit\dcs\data\conllu\files\Amarakośa\Amarakośa-0001-AKośa, 2-491.conllu: insert or update on table "verses" violates foreign key constraint "verses_chapter_id_fkey"
DETAIL:  Key (chapter_id)=(956418b0-cdaa-405a-91f7-063f52c2283d) is not present in table "chapters".

2026-07-31 23:23:50,468 [ERROR] Сбой стиха 343 в файле C:\MyDev\OliverHellwig\sanskrit\dcs\data\conllu\files\Amarakośa\Amarakośa-0001-AKośa, 2-491.conllu: insert or update on table "verses" violates foreign key constraint "verses_chapter_id_fkey"
DETAIL:  Key (chapter_id)=(956418b0-cdaa-405a-91f7-063f52c2283d) is not present in table "chapters".

2026-07-31 23:23:50,476 [ERROR] Сбой стиха 343 в файле C:\MyDev\OliverHellwig\sanskrit\dcs\data\conllu\files\Amarakośa\Amarakośa-0001-AKośa, 2-491.conllu: insert or update on table "verses" violates foreign key constraint "verses_chapter_id_fkey"
DETAIL:  Key (chapter_id)=(956418b0-cdaa-405a-91f7-063f52c2283d) is not present in table "chapters".

2026-07-31 23:23:50,478 [ERROR] Сбой стиха 343 в файле C:\MyDev\OliverHellwig\sanskrit\dcs\data\conllu\files\Amarakośa\Amarakośa-0001-AKośa, 2-491.conllu: insert or update on table "verses" violates foreign key constraint "verses_chapter_id_fkey"
DETAIL:  Key (chapter_id)=(956418b0-cdaa-405a-91f7-063f52c2283d) is not present in table "chapters".

2026-07-31 23:23:50,479 [ERROR] Сбой стиха 343 в файле C:\MyDev\OliverHellwig\sanskrit\dcs\data\conllu\files\Amarakośa\Amarakośa-0001-AKośa, 2-491.conllu: insert or update on table "verses" violates foreign key constraint "verses_chapter_id_fkey"
DETAIL:  Key (chapter_id)=(956418b0-cdaa-405a-91f7-063f52c2283d) is not present in table "chapters".

2026-07-31 23:23:50,481 [ERROR] Сбой стиха 343 в файле C:\MyDev\OliverHellwig\sanskrit\dcs\data\conllu\files\Amarakośa\Amarakośa-0001-AKośa, 2-491.conllu: insert or update on table "verses" violates foreign key constraint "verses_chapter_id_fkey"
DETAIL:  Key (chapter_id)=(956418b0-cdaa-405a-91f7-063f52c2283d) is not present in table "chapters".

2026-07-31 23:23:50,482 [ERROR] Сбой стиха 343 в файле C:\MyDev\OliverHellwig\sanskrit\dcs\data\conllu\files\Amarakośa\Amarakośa-0001-AKośa, 2-491.conllu: insert or update on table "verses" violates foreign key constraint "verses_chapter_id_fkey"
DETAIL:  Key (chapter_id)=(956418b0-cdaa-405a-91f7-063f52c2283d) is not present in table "chapters".

2026-07-31 23:23:50,483 [ERROR] Сбой стиха 343 в файле C:\MyDev\OliverHellwig\sanskrit\dcs\data\conllu\files\Amarakośa\Amarakośa-0001-AKośa, 2-491.conllu: insert or update on table "verses" violates foreign key constraint "verses_chapter_id_fkey"
DETAIL:  Key (chapter_id)=(956418b0-cdaa-405a-91f7-063f52c2283d) is not present in table "chapters".

2026-07-31 23:23:50,485 [ERROR] Сбой стиха 343 в файле C:\MyDev\OliverHellwig\sanskrit\dcs\data\conllu\files\Amarakośa\Amarakośa-0001-AKośa, 2-491.conllu: insert or update on table "verses" violates foreign key constraint "verses_chapter_id_fkey"
DETAIL:  Key (chapter_id)=(956418b0-cdaa-405a-91f7-063f52c2283d) is not present in table "chapters".

2026-07-31 23:23:50,489 [ERROR] Сбой стиха 343 в файле C:\MyDev\OliverHellwig\sanskrit\dcs\data\conllu\files\Amarakośa\Amarakośa-0001-AKośa, 2-491.conllu: insert or update on table "verses" violates foreign key constraint "verses_chapter_id_fkey"
DETAIL:  Key (chapter_id)=(956418b0-cdaa-405a-91f7-063f52c2283d) is not present in table "chapters".

2026-07-31 23:23:50,491 [ERROR] Сбой стиха 343 в файле C:\MyDev\OliverHellwig\sanskrit\dcs\data\conllu\files\Amarakośa\Amarakośa-0001-AKośa, 2-491.conllu: insert or update on table "verses" violates foreign key constraint "verses_chapter_id_fkey"
DETAIL:  Key (chapter_id)=(956418b0-cdaa-405a-91f7-063f52c2283d) is not present in table "chapters".

2026-07-31 23:23:50,492 [ERROR] Сбой стиха 343 в файле C:\MyDev\OliverHellwig\sanskrit\dcs\data\conllu\files\Amarakośa\Amarakośa-0001-AKośa, 2-491.conllu: insert or update on table "verses" violates foreign key constraint "verses_chapter_id_fkey"
DETAIL:  Key (chapter_id)=(956418b0-cdaa-405a-91f7-063f52c2283d) is not present in table "chapters".

2026-07-31 23:23:50,493 [ERROR] Сбой стиха 343 в файле C:\MyDev\OliverHellwig\sanskrit\dcs\data\conllu\files\Amarakośa\Amarakośa-0001-AKośa, 2-491.conllu: insert or update on table "verses" violates foreign key constraint "verses_chapter_id_fkey"
DETAIL:  Key (chapter_id)=(956418b0-cdaa-405a-91f7-063f52c2283d) is not present in table "chapters".

2026-07-31 23:23:50,495 [ERROR] Сбой стиха 343 в файле C:\MyDev\OliverHellwig\sanskrit\dcs\data\conllu\files\Amarakośa\Amarakośa-0001-AKośa, 2-491.conllu: insert or update on table "verses" violates foreign key constraint "verses_chapter_id_fkey"
DETAIL:  Key (chapter_id)=(956418b0-cdaa-405a-91f7-063f52c2283d) is not present in table "chapters".

2026-07-31 23:23:50,496 [ERROR] Сбой стиха 343 в файле C:\MyDev\OliverHellwig\sanskrit\dcs\data\conllu\files\Amarakośa\Amarakośa-0001-AKośa, 2-491.conllu: insert or update on table "verses" violates foreign key constraint "verses_chapter_id_fkey"
DETAIL:  Key (chapter_id)=(956418b0-cdaa-405a-91f7-063f52c2283d) is not present in table "chapters".

2026-07-31 23:23:50,498 [ERROR] Сбой стиха 343 в файле C:\MyDev\OliverHellwig\sanskrit\dcs\data\conllu\files\Amarakośa\Amarakośa-0001-AKośa, 2-491.conllu: insert or update on table "verses" violates foreign key constraint "verses_chapter_id_fkey"
DETAIL:  Key (chapter_id)=(956418b0-cdaa-405a-91f7-063f52c2283d) is not present in table "chapters".

2026-07-31 23:23:50,499 [ERROR] Сбой стиха 343 в файле C:\MyDev\OliverHellwig\sanskrit\dcs\data\conllu\files\Amarakośa\Amarakośa-0001-AKośa, 2-491.conllu: insert or update on table "verses" violates foreign key constraint "verses_chapter_id_fkey"
DETAIL:  Key (chapter_id)=(956418b0-cdaa-405a-91f7-063f52c2283d) is not present in table "chapters".

2026-07-31 23:23:50,502 [ERROR] Сбой стиха 343 в файле C:\MyDev\OliverHellwig\sanskrit\dcs\data\conllu\files\Amarakośa\Amarakośa-0001-AKośa, 2-491.conllu: insert or update on table "verses" violates foreign key constraint "verses_chapter_id_fkey"
DETAIL:  Key (chapter_id)=(956418b0-cdaa-405a-91f7-063f52c2283d) is not present in table "chapters".

2026-07-31 23:23:50,503 [ERROR] Сбой стиха 343 в файле C:\MyDev\OliverHellwig\sanskrit\dcs\data\conllu\files\Amarakośa\Amarakośa-0001-AKośa, 2-491.conllu: insert or update on table "verses" violates foreign key constraint "verses_chapter_id_fkey"
DETAIL:  Key (chapter_id)=(956418b0-cdaa-405a-91f7-063f52c2283d) is not present in table "chapters".

2026-07-31 23:23:50,504 [ERROR] Сбой стиха 343 в файле C:\MyDev\OliverHellwig\sanskrit\dcs\data\conllu\files\Amarakośa\Amarakośa-0001-AKośa, 2-491.conllu: insert or update on table "verses" violates foreign key constraint "verses_chapter_id_fkey"
DETAIL:  Key (chapter_id)=(956418b0-cdaa-405a-91f7-063f52c2283d) is not present in table "chapters".

2026-07-31 23:23:50,506 [ERROR] Сбой стиха 343 в файле C:\MyDev\OliverHellwig\sanskrit\dcs\data\conllu\files\Amarakośa\Amarakośa-0001-AKośa, 2-491.conllu: insert or update on table "verses" violates foreign key constraint "verses_chapter_id_fkey"
DETAIL:  Key (chapter_id)=(956418b0-cdaa-405a-91f7-063f52c2283d) is not present in table "chapters".

2026-07-31 23:23:50,507 [ERROR] Сбой стиха 343 в файле C:\MyDev\OliverHellwig\sanskrit\dcs\data\conllu\files\Amarakośa\Amarakośa-0001-AKośa, 2-491.conllu: insert or update on table "verses" violates foreign key constraint "verses_chapter_id_fkey"
DETAIL:  Key (chapter_id)=(956418b0-cdaa-405a-91f7-063f52c2283d) is not present in table "chapters".

2026-07-31 23:23:50,509 [ERROR] Сбой стиха 343 в файле C:\MyDev\OliverHellwig\sanskrit\dcs\data\conllu\files\Amarakośa\Amarakośa-0001-AKośa, 2-491.conllu: insert or update on table "verses" violates foreign key constraint "verses_chapter_id_fkey"
DETAIL:  Key (chapter_id)=(956418b0-cdaa-405a-91f7-063f52c2283d) is not present in table "chapters".

2026-07-31 23:23:50,511 [ERROR] Сбой стиха 343 в файле C:\MyDev\OliverHellwig\sanskrit\dcs\data\conllu\files\Amarakośa\Amarakośa-0001-AKośa, 2-491.conllu: insert or update on table "verses" violates foreign key constraint "verses_chapter_id_fkey"
DETAIL:  Key (chapter_id)=(956418b0-cdaa-405a-91f7-063f52c2283d) is not present in table "chapters".

2026-07-31 23:23:50,514 [ERROR] Сбой стиха 343 в файле C:\MyDev\OliverHellwig\sanskrit\dcs\data\conllu\files\Amarakośa\Amarakośa-0001-AKośa, 2-491.conllu: insert or update on table "verses" violates foreign key constraint "verses_chapter_id_fkey"
DETAIL:  Key (chapter_id)=(956418b0-cdaa-405a-91f7-063f52c2283d) is not present in table "chapters".

2026-07-31 23:23:50,526 [ERROR] Сбой стиха 343 в файле C:\MyDev\OliverHellwig\sanskrit\dcs\data\conllu\files\Amarakośa\Amarakośa-0001-AKośa, 2-491.conllu: insert or update on table "verses" violates foreign key constraint "verses_chapter_id_fkey"
DETAIL:  Key (chapter_id)=(956418b0-cdaa-405a-91f7-063f52c2283d) is not present in table "chapters".

2026-07-31 23:23:50,534 [ERROR] Сбой стиха 343 в файле C:\MyDev\OliverHellwig\sanskrit\dcs\data\conllu\files\Amarakośa\Amarakośa-0001-AKośa, 2-491.conllu: insert or update on table "verses" violates foreign key constraint "verses_chapter_id_fkey"
DETAIL:  Key (chapter_id)=(956418b0-cdaa-405a-91f7-063f52c2283d) is not present in table "chapters".

2026-07-31 23:23:50,536 [ERROR] Сбой стиха 343 в файле C:\MyDev\OliverHellwig\sanskrit\dcs\data\conllu\files\Amarakośa\Amarakośa-0001-AKośa, 2-491.conllu: insert or update on table "verses" violates foreign key constraint "verses_chapter_id_fkey"
DETAIL:  Key (chapter_id)=(956418b0-cdaa-405a-91f7-063f52c2283d) is not present in table "chapters".

2026-07-31 23:23:50,537 [ERROR] Сбой стиха 343 в файле C:\MyDev\OliverHellwig\sanskrit\dcs\data\conllu\files\Amarakośa\Amarakośa-0001-AKośa, 2-491.conllu: insert or update on table "verses" violates foreign key constraint "verses_chapter_id_fkey"
DETAIL:  Key (chapter_id)=(956418b0-cdaa-405a-91f7-063f52c2283d) is not present in table "chapters".

2026-07-31 23:23:50,538 [ERROR] Сбой стиха 343 в файле C:\MyDev\OliverHellwig\sanskrit\dcs\data\conllu\files\Amarakośa\Amarakośa-0001-AKośa, 2-491.conllu: insert or update on table "verses" violates foreign key constraint "verses_chapter_id_fkey"
DETAIL:  Key (chapter_id)=(956418b0-cdaa-405a-91f7-063f52c2283d) is not present in table "chapters".

2026-07-31 23:23:50,540 [ERROR] Сбой стиха 343 в файле C:\MyDev\OliverHellwig\sanskrit\dcs\data\conllu\files\Amarakośa\Amarakośa-0001-AKośa, 2-491.conllu: insert or update on table "verses" violates foreign key constraint "verses_chapter_id_fkey"
DETAIL:  Key (chapter_id)=(956418b0-cdaa-405a-91f7-063f52c2283d) is not present in table "chapters".

2026-07-31 23:23:50,542 [ERROR] Сбой стиха 343 в файле C:\MyDev\OliverHellwig\sanskrit\dcs\data\conllu\files\Amarakośa\Amarakośa-0001-AKośa, 2-491.conllu: insert or update on table "verses" violates foreign key constraint "verses_chapter_id_fkey"
DETAIL:  Key (chapter_id)=(956418b0-cdaa-405a-91f7-063f52c2283d) is not present in table "chapters".

2026-07-31 23:23:50,543 [ERROR] Сбой стиха 343 в файле C:\MyDev\OliverHellwig\sanskrit\dcs\data\conllu\files\Amarakośa\Amarakośa-0001-AKośa, 2-491.conllu: insert or update on table "verses" violates foreign key constraint "verses_chapter_id_fkey"
DETAIL:  Key (chapter_id)=(956418b0-cdaa-405a-91f7-063f52c2283d) is not present in table "chapters".

2026-07-31 23:23:50,545 [ERROR] Сбой стиха 343 в файле C:\MyDev\OliverHellwig\sanskrit\dcs\data\conllu\files\Amarakośa\Amarakośa-0001-AKośa, 2-491.conllu: insert or update on table "verses" violates foreign key constraint "verses_chapter_id_fkey"
DETAIL:  Key (chapter_id)=(956418b0-cdaa-405a-91f7-063f52c2283d) is not present in table "chapters".

2026-07-31 23:23:50,547 [ERROR] Сбой стиха 343 в файле C:\MyDev\OliverHellwig\sanskrit\dcs\data\conllu\files\Amarakośa\Amarakośa-0001-AKośa, 2-491.conllu: insert or update on table "verses" violates foreign key constraint "verses_chapter_id_fkey"
DETAIL:  Key (chapter_id)=(956418b0-cdaa-405a-91f7-063f52c2283d) is not present in table "chapters".

2026-07-31 23:23:50,549 [ERROR] Сбой стиха 343 в файле C:\MyDev\OliverHellwig\sanskrit\dcs\data\conllu\files\Amarakośa\Amarakośa-0001-AKośa, 2-491.conllu: insert or update on table "verses" violates foreign key constraint "verses_chapter_id_fkey"
DETAIL:  Key (chapter_id)=(956418b0-cdaa-405a-91f7-063f52c2283d) is not present in table "chapters".

2026-07-31 23:23:50,551 [ERROR] Сбой стиха 343 в файле C:\MyDev\OliverHellwig\sanskrit\dcs\data\conllu\files\Amarakośa\Amarakośa-0001-AKośa, 2-491.conllu: insert or update on table "verses" violates foreign key constraint "verses_chapter_id_fkey"
DETAIL:  Key (chapter_id)=(956418b0-cdaa-405a-91f7-063f52c2283d) is not present in table "chapters".

2026-07-31 23:23:50,552 [ERROR] Сбой стиха 343 в файле C:\MyDev\OliverHellwig\sanskrit\dcs\data\conllu\files\Amarakośa\Amarakośa-0001-AKośa, 2-491.conllu: insert or update on table "verses" violates foreign key constraint "verses_chapter_id_fkey"
DETAIL:  Key (chapter_id)=(956418b0-cdaa-405a-91f7-063f52c2283d) is not present in table "chapters".

2026-07-31 23:23:50,553 [ERROR] Сбой стиха 343 в файле C:\MyDev\OliverHellwig\sanskrit\dcs\data\conllu\files\Amarakośa\Amarakośa-0001-AKośa, 2-491.conllu: insert or update on table "verses" violates foreign key constraint "verses_chapter_id_fkey"
DETAIL:  Key (chapter_id)=(956418b0-cdaa-405a-91f7-063f52c2283d) is not present in table "chapters".

2026-07-31 23:23:50,555 [ERROR] Сбой стиха 343 в файле C:\MyDev\OliverHellwig\sanskrit\dcs\data\conllu\files\Amarakośa\Amarakośa-0001-AKośa, 2-491.conllu: insert or update on table "verses" violates foreign key constraint "verses_chapter_id_fkey"
DETAIL:  Key (chapter_id)=(956418b0-cdaa-405a-91f7-063f52c2283d) is not present in table "chapters".

2026-07-31 23:23:50,557 [ERROR] Сбой стиха 343 в файле C:\MyDev\OliverHellwig\sanskrit\dcs\data\conllu\files\Amarakośa\Amarakośa-0001-AKośa, 2-491.conllu: insert or update on table "verses" violates foreign key constraint "verses_chapter_id_fkey"
DETAIL:  Key (chapter_id)=(956418b0-cdaa-405a-91f7-063f52c2283d) is not present in table "chapters".

2026-07-31 23:23:50,558 [ERROR] Сбой стиха 343 в файле C:\MyDev\OliverHellwig\sanskrit\dcs\data\conllu\files\Amarakośa\Amarakośa-0001-AKośa, 2-491.conllu: insert or update on table "verses" violates foreign key constraint "verses_chapter_id_fkey"
DETAIL:  Key (chapter_id)=(956418b0-cdaa-405a-91f7-063f52c2283d) is not present in table "chapters".

2026-07-31 23:23:50,559 [ERROR] Сбой стиха 343 в файле C:\MyDev\OliverHellwig\sanskrit\dcs\data\conllu\files\Amarakośa\Amarakośa-0001-AKośa, 2-491.conllu: insert or update on table "verses" violates foreign key constraint "verses_chapter_id_fkey"
DETAIL:  Key (chapter_id)=(956418b0-cdaa-405a-91f7-063f52c2283d) is not present in table "chapters".

2026-07-31 23:23:50,561 [ERROR] Сбой стиха 343 в файле C:\MyDev\OliverHellwig\sanskrit\dcs\data\conllu\files\Amarakośa\Amarakośa-0001-AKośa, 2-491.conllu: insert or update on table "verses" violates foreign key constraint "verses_chapter_id_fkey"
DETAIL:  Key (chapter_id)=(956418b0-cdaa-405a-91f7-063f52c2283d) is not present in table "chapters".

2026-07-31 23:23:50,564 [ERROR] Сбой стиха 343 в файле C:\MyDev\OliverHellwig\sanskrit\dcs\data\conllu\files\Amarakośa\Amarakośa-0001-AKośa, 2-491.conllu: insert or update on table "verses" violates foreign key constraint "verses_chapter_id_fkey"
DETAIL:  Key (chapter_id)=(956418b0-cdaa-405a-91f7-063f52c2283d) is not present in table "chapters".

2026-07-31 23:23:50,565 [ERROR] Сбой стиха 343 в файле C:\MyDev\OliverHellwig\sanskrit\dcs\data\conllu\files\Amarakośa\Amarakośa-0001-AKośa, 2-491.conllu: insert or update on table "verses" violates foreign key constraint "verses_chapter_id_fkey"
DETAIL:  Key (chapter_id)=(956418b0-cdaa-405a-91f7-063f52c2283d) is not present in table "chapters".

2026-07-31 23:23:50,566 [ERROR] Сбой стиха 343 в файле C:\MyDev\OliverHellwig\sanskrit\dcs\data\conllu\files\Amarakośa\Amarakośa-0001-AKośa, 2-491.conllu: insert or update on table "verses" violates foreign key constraint "verses_chapter_id_fkey"
DETAIL:  Key (chapter_id)=(956418b0-cdaa-405a-91f7-063f52c2283d) is not present in table "chapters".

2026-07-31 23:23:50,568 [ERROR] Сбой стиха 343 в файле C:\MyDev\OliverHellwig\sanskrit\dcs\data\conllu\files\Amarakośa\Amarakośa-0001-AKośa, 2-491.conllu: insert or update on table "verses" violates foreign key constraint "verses_chapter_id_fkey"
DETAIL:  Key (chapter_id)=(956418b0-cdaa-405a-91f7-063f52c2283d) is not present in table "chapters".

2026-07-31 23:23:50,569 [ERROR] Сбой стиха 343 в файле C:\MyDev\OliverHellwig\sanskrit\dcs\data\conllu\files\Amarakośa\Amarakośa-0001-AKośa, 2-491.conllu: insert or update on table "verses" violates foreign key constraint "verses_chapter_id_fkey"
DETAIL:  Key (chapter_id)=(956418b0-cdaa-405a-91f7-063f52c2283d) is not present in table "chapters".

2026-07-31 23:23:50,571 [ERROR] Сбой стиха 343 в файле C:\MyDev\OliverHellwig\sanskrit\dcs\data\conllu\files\Amarakośa\Amarakośa-0001-AKośa, 2-491.conllu: insert or update on table "verses" violates foreign key constraint "verses_chapter_id_fkey"
DETAIL:  Key (chapter_id)=(956418b0-cdaa-405a-91f7-063f52c2283d) is not present in table "chapters".

2026-07-31 23:23:50,572 [ERROR] Сбой стиха 343 в файле C:\MyDev\OliverHellwig\sanskrit\dcs\data\conllu\files\Amarakośa\Amarakośa-0001-AKośa, 2-491.conllu: insert or update on table "verses" violates foreign key constraint "verses_chapter_id_fkey"
DETAIL:  Key (chapter_id)=(956418b0-cdaa-405a-91f7-063f52c2283d) is not present in table "chapters".

2026-07-31 23:23:50,574 [ERROR] Сбой стиха 343 в файле C:\MyDev\OliverHellwig\sanskrit\dcs\data\conllu\files\Amarakośa\Amarakośa-0001-AKośa, 2-491.conllu: insert or update on table "verses" violates foreign key constraint "verses_chapter_id_fkey"
DETAIL:  Key (chapter_id)=(956418b0-cdaa-405a-91f7-063f52c2283d) is not present in table "chapters".

2026-07-31 23:23:50,580 [ERROR] Сбой стиха 343 в файле C:\MyDev\OliverHellwig\sanskrit\dcs\data\conllu\files\Amarakośa\Amarakośa-0001-AKośa, 2-491.conllu: insert or update on table "verses" violates foreign key constraint "verses_chapter_id_fkey"
DETAIL:  Key (chapter_id)=(956418b0-cdaa-405a-91f7-063f52c2283d) is not present in table "chapters".

2026-07-31 23:23:50,590 [ERROR] Сбой стиха 343 в файле C:\MyDev\OliverHellwig\sanskrit\dcs\data\conllu\files\Amarakośa\Amarakośa-0001-AKośa, 2-491.conllu: insert or update on table "verses" violates foreign key constraint "verses_chapter_id_fkey"
DETAIL:  Key (chapter_id)=(956418b0-cdaa-405a-91f7-063f52c2283d) is not present in table "chapters".

2026-07-31 23:23:50,596 [ERROR] Сбой стиха 343 в файле C:\MyDev\OliverHellwig\sanskrit\dcs\data\conllu\files\Amarakośa\Amarakośa-0001-AKośa, 2-491.conllu: insert or update on table "verses" violates foreign key constraint "verses_chapter_id_fkey"
DETAIL:  Key (chapter_id)=(956418b0-cdaa-405a-91f7-063f52c2283d) is not present in table "chapters".

2026-07-31 23:23:50,597 [ERROR] Сбой стиха 343 в файле C:\MyDev\OliverHellwig\sanskrit\dcs\data\conllu\files\Amarakośa\Amarakośa-0001-AKośa, 2-491.conllu: insert or update on table "verses" violates foreign key constraint "verses_chapter_id_fkey"
DETAIL:  Key (chapter_id)=(956418b0-cdaa-405a-91f7-063f52c2283d) is not present in table "chapters".

2026-07-31 23:23:50,599 [ERROR] Сбой стиха 343 в файле C:\MyDev\OliverHellwig\sanskrit\dcs\data\conllu\files\Amarakośa\Amarakośa-0001-AKośa, 2-491.conllu: insert or update on table "verses" violates foreign key constraint "verses_chapter_id_fkey"
DETAIL:  Key (chapter_id)=(956418b0-cdaa-405a-91f7-063f52c2283d) is not present in table "chapters".

2026-07-31 23:23:50,600 [ERROR] Сбой стиха 343 в файле C:\MyDev\OliverHellwig\sanskrit\dcs\data\conllu\files\Amarakośa\Amarakośa-0001-AKośa, 2-491.conllu: insert or update on table "verses" violates foreign key constraint "verses_chapter_id_fkey"
DETAIL:  Key (chapter_id)=(956418b0-cdaa-405a-91f7-063f52c2283d) is not present in table "chapters".

2026-07-31 23:23:50,602 [ERROR] Сбой стиха 343 в файле C:\MyDev\OliverHellwig\sanskrit\dcs\data\conllu\files\Amarakośa\Amarakośa-0001-AKośa, 2-491.conllu: insert or update on table "verses" violates foreign key constraint "verses_chapter_id_fkey"
DETAIL:  Key (chapter_id)=(956418b0-cdaa-405a-91f7-063f52c2283d) is not present in table "chapters".

2026-07-31 23:23:50,603 [ERROR] Сбой стиха 343 в файле C:\MyDev\OliverHellwig\sanskrit\dcs\data\conllu\files\Amarakośa\Amarakośa-0001-AKośa, 2-491.conllu: insert or update on table "verses" violates foreign key constraint "verses_chapter_id_fkey"
DETAIL:  Key (chapter_id)=(956418b0-cdaa-405a-91f7-063f52c2283d) is not present in table "chapters".

2026-07-31 23:23:50,606 [ERROR] Сбой стиха 343 в файле C:\MyDev\OliverHellwig\sanskrit\dcs\data\conllu\files\Amarakośa\Amarakośa-0001-AKośa, 2-491.conllu: insert or update on table "verses" violates foreign key constraint "verses_chapter_id_fkey"
DETAIL:  Key (chapter_id)=(956418b0-cdaa-405a-91f7-063f52c2283d) is not present in table "chapters".

2026-07-31 23:23:50,608 [ERROR] Сбой стиха 343 в файле C:\MyDev\OliverHellwig\sanskrit\dcs\data\conllu\files\Amarakośa\Amarakośa-0001-AKośa, 2-491.conllu: insert or update on table "verses" violates foreign key constraint "verses_chapter_id_fkey"
DETAIL:  Key (chapter_id)=(956418b0-cdaa-405a-91f7-063f52c2283d) is not present in table "chapters".

2026-07-31 23:23:50,610 [ERROR] Сбой стиха 343 в файле C:\MyDev\OliverHellwig\sanskrit\dcs\data\conllu\files\Amarakośa\Amarakośa-0001-AKośa, 2-491.conllu: insert or update on table "verses" violates foreign key constraint "verses_chapter_id_fkey"
DETAIL:  Key (chapter_id)=(956418b0-cdaa-405a-91f7-063f52c2283d) is not present in table "chapters".

2026-07-31 23:23:50,611 [ERROR] Сбой стиха 343 в файле C:\MyDev\OliverHellwig\sanskrit\dcs\data\conllu\files\Amarakośa\Amarakośa-0001-AKośa, 2-491.conllu: insert or update on table "verses" violates foreign key constraint "verses_chapter_id_fkey"
DETAIL:  Key (chapter_id)=(956418b0-cdaa-405a-91f7-063f52c2283d) is not present in table "chapters".

2026-07-31 23:23:50,612 [ERROR] Сбой стиха 343 в файле C:\MyDev\OliverHellwig\sanskrit\dcs\data\conllu\files\Amarakośa\Amarakośa-0001-AKośa, 2-491.conllu: insert or update on table "verses" violates foreign key constraint "verses_chapter_id_fkey"
DETAIL:  Key (chapter_id)=(956418b0-cdaa-405a-91f7-063f52c2283d) is not present in table "chapters".

2026-07-31 23:23:50,614 [ERROR] Сбой стиха 343 в файле C:\MyDev\OliverHellwig\sanskrit\dcs\data\conllu\files\Amarakośa\Amarakośa-0001-AKośa, 2-491.conllu: insert or update on table "verses" violates foreign key constraint "verses_chapter_id_fkey"
DETAIL:  Key (chapter_id)=(956418b0-cdaa-405a-91f7-063f52c2283d) is not present in table "chapters".

2026-07-31 23:23:50,615 [ERROR] Сбой стиха 343 в файле C:\MyDev\OliverHellwig\sanskrit\dcs\data\conllu\files\Amarakośa\Amarakośa-0001-AKośa, 2-491.conllu: insert or update on table "verses" violates foreign key constraint "verses_chapter_id_fkey"
DETAIL:  Key (chapter_id)=(956418b0-cdaa-405a-91f7-063f52c2283d) is not present in table "chapters".

2026-07-31 23:23:50,617 [ERROR] Сбой стиха 343 в файле C:\MyDev\OliverHellwig\sanskrit\dcs\data\conllu\files\Amarakośa\Amarakośa-0001-AKośa, 2-491.conllu: insert or update on table "verses" violates foreign key constraint "verses_chapter_id_fkey"
DETAIL:  Key (chapter_id)=(956418b0-cdaa-405a-91f7-063f52c2283d) is not present in table "chapters".

2026-07-31 23:23:50,618 [ERROR] Сбой стиха 343 в файле C:\MyDev\OliverHellwig\sanskrit\dcs\data\conllu\files\Amarakośa\Amarakośa-0001-AKośa, 2-491.conllu: insert or update on table "verses" violates foreign key constraint "verses_chapter_id_fkey"
DETAIL:  Key (chapter_id)=(956418b0-cdaa-405a-91f7-063f52c2283d) is not present in table "chapters".

2026-07-31 23:23:50,620 [ERROR] Сбой стиха 343 в файле C:\MyDev\OliverHellwig\sanskrit\dcs\data\conllu\files\Amarakośa\Amarakośa-0001-AKośa, 2-491.conllu: insert or update on table "verses" violates foreign key constraint "verses_chapter_id_fkey"
DETAIL:  Key (chapter_id)=(956418b0-cdaa-405a-91f7-063f52c2283d) is not present in table "chapters".

2026-07-31 23:23:50,621 [ERROR] Сбой стиха 343 в файле C:\MyDev\OliverHellwig\sanskrit\dcs\data\conllu\files\Amarakośa\Amarakośa-0001-AKośa, 2-491.conllu: insert or update on table "verses" violates foreign key constraint "verses_chapter_id_fkey"
DETAIL:  Key (chapter_id)=(956418b0-cdaa-405a-91f7-063f52c2283d) is not present in table "chapters".

2026-07-31 23:23:50,624 [ERROR] Сбой стиха 343 в файле C:\MyDev\OliverHellwig\sanskrit\dcs\data\conllu\files\Amarakośa\Amarakośa-0001-AKośa, 2-491.conllu: insert or update on table "verses" violates foreign key constraint "verses_chapter_id_fkey"
DETAIL:  Key (chapter_id)=(956418b0-cdaa-405a-91f7-063f52c2283d) is not present in table "chapters".

2026-07-31 23:23:50,625 [ERROR] Сбой стиха 343 в файле C:\MyDev\OliverHellwig\sanskrit\dcs\data\conllu\files\Amarakośa\Amarakośa-0001-AKośa, 2-491.conllu: insert or update on table "verses" violates foreign key constraint "verses_chapter_id_fkey"
DETAIL:  Key (chapter_id)=(956418b0-cdaa-405a-91f7-063f52c2283d) is not present in table "chapters".

2026-07-31 23:23:50,627 [ERROR] Сбой стиха 343 в файле C:\MyDev\OliverHellwig\sanskrit\dcs\data\conllu\files\Amarakośa\Amarakośa-0001-AKośa, 2-491.conllu: insert or update on table "verses" violates foreign key constraint "verses_chapter_id_fkey"
DETAIL:  Key (chapter_id)=(956418b0-cdaa-405a-91f7-063f52c2283d) is not present in table "chapters".

2026-07-31 23:23:50,628 [ERROR] Сбой стиха 343 в файле C:\MyDev\OliverHellwig\sanskrit\dcs\data\conllu\files\Amarakośa\Amarakośa-0001-AKośa, 2-491.conllu: insert or update on table "verses" violates foreign key constraint "verses_chapter_id_fkey"
DETAIL:  Key (chapter_id)=(956418b0-cdaa-405a-91f7-063f52c2283d) is not present in table "chapters".

2026-07-31 23:23:50,630 [ERROR] Сбой стиха 343 в файле C:\MyDev\OliverHellwig\sanskrit\dcs\data\conllu\files\Amarakośa\Amarakośa-0001-AKośa, 2-491.conllu: insert or update on table "verses" violates foreign key constraint "verses_chapter_id_fkey"
DETAIL:  Key (chapter_id)=(956418b0-cdaa-405a-91f7-063f52c2283d) is not present in table "chapters".

2026-07-31 23:23:50,631 [ERROR] Сбой стиха 343 в файле C:\MyDev\OliverHellwig\sanskrit\dcs\data\conllu\files\Amarakośa\Amarakośa-0001-AKośa, 2-491.conllu: insert or update on table "verses" violates foreign key constraint "verses_chapter_id_fkey"
DETAIL:  Key (chapter_id)=(956418b0-cdaa-405a-91f7-063f52c2283d) is not present in table "chapters".

2026-07-31 23:23:50,632 [ERROR] Сбой стиха 343 в файле C:\MyDev\OliverHellwig\sanskrit\dcs\data\conllu\files\Amarakośa\Amarakośa-0001-AKośa, 2-491.conllu: insert or update on table "verses" violates foreign key constraint "verses_chapter_id_fkey"
DETAIL:  Key (chapter_id)=(956418b0-cdaa-405a-91f7-063f52c2283d) is not present in table "chapters".

2026-07-31 23:23:50,634 [ERROR] Сбой стиха 343 в файле C:\MyDev\OliverHellwig\sanskrit\dcs\data\conllu\files\Amarakośa\Amarakośa-0001-AKośa, 2-491.conllu: insert or update on table "verses" violates foreign key constraint "verses_chapter_id_fkey"
DETAIL:  Key (chapter_id)=(956418b0-cdaa-405a-91f7-063f52c2283d) is not present in table "chapters".

2026-07-31 23:23:50,635 [ERROR] Сбой стиха 343 в файле C:\MyDev\OliverHellwig\sanskrit\dcs\data\conllu\files\Amarakośa\Amarakośa-0001-AKośa, 2-491.conllu: insert or update on table "verses" violates foreign key constraint "verses_chapter_id_fkey"
DETAIL:  Key (chapter_id)=(956418b0-cdaa-405a-91f7-063f52c2283d) is not present in table "chapters".

2026-07-31 23:23:50,636 [ERROR] Сбой стиха 343 в файле C:\MyDev\OliverHellwig\sanskrit\dcs\data\conllu\files\Amarakośa\Amarakośa-0001-AKośa, 2-491.conllu: insert or update on table "verses" violates foreign key constraint "verses_chapter_id_fkey"
DETAIL:  Key (chapter_id)=(956418b0-cdaa-405a-91f7-063f52c2283d) is not present in table "chapters".

2026-07-31 23:23:50,646 [ERROR] Сбой стиха 343 в файле C:\MyDev\OliverHellwig\sanskrit\dcs\data\conllu\files\Amarakośa\Amarakośa-0001-AKośa, 2-491.conllu: insert or update on table "verses" violates foreign key constraint "verses_chapter_id_fkey"
DETAIL:  Key (chapter_id)=(956418b0-cdaa-405a-91f7-063f52c2283d) is not present in table "chapters".

2026-07-31 23:23:50,656 [ERROR] Сбой стиха 343 в файле C:\MyDev\OliverHellwig\sanskrit\dcs\data\conllu\files\Amarakośa\Amarakośa-0001-AKośa, 2-491.conllu: insert or update on table "verses" violates foreign key constraint "verses_chapter_id_fkey"
DETAIL:  Key (chapter_id)=(956418b0-cdaa-405a-91f7-063f52c2283d) is not present in table "chapters".

2026-07-31 23:23:50,660 [ERROR] Сбой стиха 343 в файле C:\MyDev\OliverHellwig\sanskrit\dcs\data\conllu\files\Amarakośa\Amarakośa-0001-AKośa, 2-491.conllu: insert or update on table "verses" violates foreign key constraint "verses_chapter_id_fkey"
DETAIL:  Key (chapter_id)=(956418b0-cdaa-405a-91f7-063f52c2283d) is not present in table "chapters".

2026-07-31 23:23:50,661 [ERROR] Сбой стиха 343 в файле C:\MyDev\OliverHellwig\sanskrit\dcs\data\conllu\files\Amarakośa\Amarakośa-0001-AKośa, 2-491.conllu: insert or update on table "verses" violates foreign key constraint "verses_chapter_id_fkey"
DETAIL:  Key (chapter_id)=(956418b0-cdaa-405a-91f7-063f52c2283d) is not present in table "chapters".

2026-07-31 23:23:50,663 [ERROR] Сбой стиха 343 в файле C:\MyDev\OliverHellwig\sanskrit\dcs\data\conllu\files\Amarakośa\Amarakośa-0001-AKośa, 2-491.conllu: insert or update on table "verses" violates foreign key constraint "verses_chapter_id_fkey"
DETAIL:  Key (chapter_id)=(956418b0-cdaa-405a-91f7-063f52c2283d) is not present in table "chapters".

2026-07-31 23:23:50,664 [ERROR] Сбой стиха 343 в файле C:\MyDev\OliverHellwig\sanskrit\dcs\data\conllu\files\Amarakośa\Amarakośa-0001-AKośa, 2-491.conllu: insert or update on table "verses" violates foreign key constraint "verses_chapter_id_fkey"
DETAIL:  Key (chapter_id)=(956418b0-cdaa-405a-91f7-063f52c2283d) is not present in table "chapters".

2026-07-31 23:23:50,665 [ERROR] Сбой стиха 343 в файле C:\MyDev\OliverHellwig\sanskrit\dcs\data\conllu\files\Amarakośa\Amarakośa-0001-AKośa, 2-491.conllu: insert or update on table "verses" violates foreign key constraint "verses_chapter_id_fkey"
DETAIL:  Key (chapter_id)=(956418b0-cdaa-405a-91f7-063f52c2283d) is not present in table "chapters".

2026-07-31 23:23:50,667 [ERROR] Сбой стиха 343 в файле C:\MyDev\OliverHellwig\sanskrit\dcs\data\conllu\files\Amarakośa\Amarakośa-0001-AKośa, 2-491.conllu: insert or update on table "verses" violates foreign key constraint "verses_chapter_id_fkey"
DETAIL:  Key (chapter_id)=(956418b0-cdaa-405a-91f7-063f52c2283d) is not present in table "chapters".

2026-07-31 23:23:50,670 [ERROR] Сбой стиха 343 в файле C:\MyDev\OliverHellwig\sanskrit\dcs\data\conllu\files\Amarakośa\Amarakośa-0001-AKośa, 2-491.conllu: insert or update on table "verses" violates foreign key constraint "verses_chapter_id_fkey"
DETAIL:  Key (chapter_id)=(956418b0-cdaa-405a-91f7-063f52c2283d) is not present in table "chapters".

2026-07-31 23:23:50,672 [ERROR] Сбой стиха 343 в файле C:\MyDev\OliverHellwig\sanskrit\dcs\data\conllu\files\Amarakośa\Amarakośa-0001-AKośa, 2-491.conllu: insert or update on table "verses" violates foreign key constraint "verses_chapter_id_fkey"
DETAIL:  Key (chapter_id)=(956418b0-cdaa-405a-91f7-063f52c2283d) is not present in table "chapters".

2026-07-31 23:23:50,673 [ERROR] Сбой стиха 343 в файле C:\MyDev\OliverHellwig\sanskrit\dcs\data\conllu\files\Amarakośa\Amarakośa-0001-AKośa, 2-491.conllu: insert or update on table "verses" violates foreign key constraint "verses_chapter_id_fkey"
DETAIL:  Key (chapter_id)=(956418b0-cdaa-405a-91f7-063f52c2283d) is not present in table "chapters".

2026-07-31 23:23:50,675 [ERROR] Сбой стиха 343 в файле C:\MyDev\OliverHellwig\sanskrit\dcs\data\conllu\files\Amarakośa\Amarakośa-0001-AKośa, 2-491.conllu: insert or update on table "verses" violates foreign key constraint "verses_chapter_id_fkey"
DETAIL:  Key (chapter_id)=(956418b0-cdaa-405a-91f7-063f52c2283d) is not present in table "chapters".

2026-07-31 23:23:50,676 [ERROR] Сбой стиха 343 в файле C:\MyDev\OliverHellwig\sanskrit\dcs\data\conllu\files\Amarakośa\Amarakośa-0001-AKośa, 2-491.conllu: insert or update on table "verses" violates foreign key constraint "verses_chapter_id_fkey"
DETAIL:  Key (chapter_id)=(956418b0-cdaa-405a-91f7-063f52c2283d) is not present in table "chapters".

2026-07-31 23:23:50,677 [ERROR] Сбой стиха 343 в файле C:\MyDev\OliverHellwig\sanskrit\dcs\data\conllu\files\Amarakośa\Amarakośa-0001-AKośa, 2-491.conllu: insert or update on table "verses" violates foreign key constraint "verses_chapter_id_fkey"
DETAIL:  Key (chapter_id)=(956418b0-cdaa-405a-91f7-063f52c2283d) is not present in table "chapters".

2026-07-31 23:23:50,679 [ERROR] Сбой стиха 343 в файле C:\MyDev\OliverHellwig\sanskrit\dcs\data\conllu\files\Amarakośa\Amarakośa-0001-AKośa, 2-491.conllu: insert or update on table "verses" violates foreign key constraint "verses_chapter_id_fkey"
DETAIL:  Key (chapter_id)=(956418b0-cdaa-405a-91f7-063f52c2283d) is not present in table "chapters".

2026-07-31 23:23:50,681 [ERROR] Сбой стиха 343 в файле C:\MyDev\OliverHellwig\sanskrit\dcs\data\conllu\files\Amarakośa\Amarakośa-0001-AKośa, 2-491.conllu: insert or update on table "verses" violates foreign key constraint "verses_chapter_id_fkey"
DETAIL:  Key (chapter_id)=(956418b0-cdaa-405a-91f7-063f52c2283d) is not present in table "chapters".

2026-07-31 23:23:50,682 [ERROR] Сбой стиха 343 в файле C:\MyDev\OliverHellwig\sanskrit\dcs\data\conllu\files\Amarakośa\Amarakośa-0001-AKośa, 2-491.conllu: insert or update on table "verses" violates foreign key constraint "verses_chapter_id_fkey"
DETAIL:  Key (chapter_id)=(956418b0-cdaa-405a-91f7-063f52c2283d) is not present in table "chapters".

2026-07-31 23:23:50,685 [ERROR] Сбой стиха 343 в файле C:\MyDev\OliverHellwig\sanskrit\dcs\data\conllu\files\Amarakośa\Amarakośa-0001-AKośa, 2-491.conllu: insert or update on table "verses" violates foreign key constraint "verses_chapter_id_fkey"
DETAIL:  Key (chapter_id)=(956418b0-cdaa-405a-91f7-063f52c2283d) is not present in table "chapters".

2026-07-31 23:23:50,687 [ERROR] Сбой стиха 343 в файле C:\MyDev\OliverHellwig\sanskrit\dcs\data\conllu\files\Amarakośa\Amarakośa-0001-AKośa, 2-491.conllu: insert or update on table "verses" violates foreign key constraint "verses_chapter_id_fkey"
DETAIL:  Key (chapter_id)=(956418b0-cdaa-405a-91f7-063f52c2283d) is not present in table "chapters".

2026-07-31 23:23:50,689 [ERROR] Сбой стиха 343 в файле C:\MyDev\OliverHellwig\sanskrit\dcs\data\conllu\files\Amarakośa\Amarakośa-0001-AKośa, 2-491.conllu: insert or update on table "verses" violates foreign key constraint "verses_chapter_id_fkey"
DETAIL:  Key (chapter_id)=(956418b0-cdaa-405a-91f7-063f52c2283d) is not present in table "chapters".

2026-07-31 23:23:50,690 [ERROR] Сбой стиха 343 в файле C:\MyDev\OliverHellwig\sanskrit\dcs\data\conllu\files\Amarakośa\Amarakośa-0001-AKośa, 2-491.conllu: insert or update on table "verses" violates foreign key constraint "verses_chapter_id_fkey"
DETAIL:  Key (chapter_id)=(956418b0-cdaa-405a-91f7-063f52c2283d) is not present in table "chapters".

2026-07-31 23:23:50,692 [ERROR] Сбой стиха 343 в файле C:\MyDev\OliverHellwig\sanskrit\dcs\data\conllu\files\Amarakośa\Amarakośa-0001-AKośa, 2-491.conllu: insert or update on table "verses" violates foreign key constraint "verses_chapter_id_fkey"
DETAIL:  Key (chapter_id)=(956418b0-cdaa-405a-91f7-063f52c2283d) is not present in table "chapters".

2026-07-31 23:23:50,693 [ERROR] Сбой стиха 343 в файле C:\MyDev\OliverHellwig\sanskrit\dcs\data\conllu\files\Amarakośa\Amarakośa-0001-AKośa, 2-491.conllu: insert or update on table "verses" violates foreign key constraint "verses_chapter_id_fkey"
DETAIL:  Key (chapter_id)=(956418b0-cdaa-405a-91f7-063f52c2283d) is not present in table "chapters".

2026-07-31 23:23:50,695 [ERROR] Сбой стиха 343 в файле C:\MyDev\OliverHellwig\sanskrit\dcs\data\conllu\files\Amarakośa\Amarakośa-0001-AKośa, 2-491.conllu: insert or update on table "verses" violates foreign key constraint "verses_chapter_id_fkey"
DETAIL:  Key (chapter_id)=(956418b0-cdaa-405a-91f7-063f52c2283d) is not present in table "chapters".

2026-07-31 23:23:50,696 [ERROR] Сбой стиха 343 в файле C:\MyDev\OliverHellwig\sanskrit\dcs\data\conllu\files\Amarakośa\Amarakośa-0001-AKośa, 2-491.conllu: insert or update on table "verses" violates foreign key constraint "verses_chapter_id_fkey"
DETAIL:  Key (chapter_id)=(956418b0-cdaa-405a-91f7-063f52c2283d) is not present in table "chapters".

2026-07-31 23:23:50,697 [ERROR] Сбой стиха 343 в файле C:\MyDev\OliverHellwig\sanskrit\dcs\data\conllu\files\Amarakośa\Amarakośa-0001-AKośa, 2-491.conllu: insert or update on table "verses" violates foreign key constraint "verses_chapter_id_fkey"
DETAIL:  Key (chapter_id)=(956418b0-cdaa-405a-91f7-063f52c2283d) is not present in table "chapters".

2026-07-31 23:23:50,706 [ERROR] Сбой стиха 343 в файле C:\MyDev\OliverHellwig\sanskrit\dcs\data\conllu\files\Amarakośa\Amarakośa-0001-AKośa, 2-491.conllu: insert or update on table "verses" violates foreign key constraint "verses_chapter_id_fkey"
DETAIL:  Key (chapter_id)=(956418b0-cdaa-405a-91f7-063f52c2283d) is not present in table "chapters".

2026-07-31 23:23:50,714 [ERROR] Сбой стиха 343 в файле C:\MyDev\OliverHellwig\sanskrit\dcs\data\conllu\files\Amarakośa\Amarakośa-0001-AKośa, 2-491.conllu: insert or update on table "verses" violates foreign key constraint "verses_chapter_id_fkey"
DETAIL:  Key (chapter_id)=(956418b0-cdaa-405a-91f7-063f52c2283d) is not present in table "chapters".

2026-07-31 23:23:50,723 [ERROR] Сбой стиха 343 в файле C:\MyDev\OliverHellwig\sanskrit\dcs\data\conllu\files\Amarakośa\Amarakośa-0001-AKośa, 2-491.conllu: insert or update on table "verses" violates foreign key constraint "verses_chapter_id_fkey"
DETAIL:  Key (chapter_id)=(956418b0-cdaa-405a-91f7-063f52c2283d) is not present in table "chapters".

2026-07-31 23:23:50,724 [ERROR] Сбой стиха 343 в файле C:\MyDev\OliverHellwig\sanskrit\dcs\data\conllu\files\Amarakośa\Amarakośa-0001-AKośa, 2-491.conllu: insert or update on table "verses" violates foreign key constraint "verses_chapter_id_fkey"
DETAIL:  Key (chapter_id)=(956418b0-cdaa-405a-91f7-063f52c2283d) is not present in table "chapters".

2026-07-31 23:23:50,725 [ERROR] Сбой стиха 343 в файле C:\MyDev\OliverHellwig\sanskrit\dcs\data\conllu\files\Amarakośa\Amarakośa-0001-AKośa, 2-491.conllu: insert or update on table "verses" violates foreign key constraint "verses_chapter_id_fkey"
DETAIL:  Key (chapter_id)=(956418b0-cdaa-405a-91f7-063f52c2283d) is not present in table "chapters".

2026-07-31 23:23:50,727 [ERROR] Сбой стиха 343 в файле C:\MyDev\OliverHellwig\sanskrit\dcs\data\conllu\files\Amarakośa\Amarakośa-0001-AKośa, 2-491.conllu: insert or update on table "verses" violates foreign key constraint "verses_chapter_id_fkey"
DETAIL:  Key (chapter_id)=(956418b0-cdaa-405a-91f7-063f52c2283d) is not present in table "chapters".

2026-07-31 23:23:50,728 [ERROR] Сбой стиха 343 в файле C:\MyDev\OliverHellwig\sanskrit\dcs\data\conllu\files\Amarakośa\Amarakośa-0001-AKośa, 2-491.conllu: insert or update on table "verses" violates foreign key constraint "verses_chapter_id_fkey"
DETAIL:  Key (chapter_id)=(956418b0-cdaa-405a-91f7-063f52c2283d) is not present in table "chapters".

2026-07-31 23:23:50,730 [ERROR] Сбой стиха 343 в файле C:\MyDev\OliverHellwig\sanskrit\dcs\data\conllu\files\Amarakośa\Amarakośa-0001-AKośa, 2-491.conllu: insert or update on table "verses" violates foreign key constraint "verses_chapter_id_fkey"
DETAIL:  Key (chapter_id)=(956418b0-cdaa-405a-91f7-063f52c2283d) is not present in table "chapters".

2026-07-31 23:23:50,731 [ERROR] Сбой стиха 343 в файле C:\MyDev\OliverHellwig\sanskrit\dcs\data\conllu\files\Amarakośa\Amarakośa-0001-AKośa, 2-491.conllu: insert or update on table "verses" violates foreign key constraint "verses_chapter_id_fkey"
DETAIL:  Key (chapter_id)=(956418b0-cdaa-405a-91f7-063f52c2283d) is not present in table "chapters".

2026-07-31 23:23:50,733 [ERROR] Сбой стиха 343 в файле C:\MyDev\OliverHellwig\sanskrit\dcs\data\conllu\files\Amarakośa\Amarakośa-0001-AKośa, 2-491.conllu: insert or update on table "verses" violates foreign key constraint "verses_chapter_id_fkey"
DETAIL:  Key (chapter_id)=(956418b0-cdaa-405a-91f7-063f52c2283d) is not present in table "chapters".

2026-07-31 23:23:50,735 [ERROR] Сбой стиха 343 в файле C:\MyDev\OliverHellwig\sanskrit\dcs\data\conllu\files\Amarakośa\Amarakośa-0001-AKośa, 2-491.conllu: insert or update on table "verses" violates foreign key constraint "verses_chapter_id_fkey"
DETAIL:  Key (chapter_id)=(956418b0-cdaa-405a-91f7-063f52c2283d) is not present in table "chapters".

2026-07-31 23:23:50,736 [ERROR] Сбой стиха 343 в файле C:\MyDev\OliverHellwig\sanskrit\dcs\data\conllu\files\Amarakośa\Amarakośa-0001-AKośa, 2-491.conllu: insert or update on table "verses" violates foreign key constraint "verses_chapter_id_fkey"
DETAIL:  Key (chapter_id)=(956418b0-cdaa-405a-91f7-063f52c2283d) is not present in table "chapters".

2026-07-31 23:23:50,738 [ERROR] Сбой стиха 343 в файле C:\MyDev\OliverHellwig\sanskrit\dcs\data\conllu\files\Amarakośa\Amarakośa-0001-AKośa, 2-491.conllu: insert or update on table "verses" violates foreign key constraint "verses_chapter_id_fkey"
DETAIL:  Key (chapter_id)=(956418b0-cdaa-405a-91f7-063f52c2283d) is not present in table "chapters".

2026-07-31 23:23:50,739 [ERROR] Сбой стиха 343 в файле C:\MyDev\OliverHellwig\sanskrit\dcs\data\conllu\files\Amarakośa\Amarakośa-0001-AKośa, 2-491.conllu: insert or update on table "verses" violates foreign key constraint "verses_chapter_id_fkey"
DETAIL:  Key (chapter_id)=(956418b0-cdaa-405a-91f7-063f52c2283d) is not present in table "chapters".

2026-07-31 23:23:50,740 [ERROR] Сбой стиха 343 в файле C:\MyDev\OliverHellwig\sanskrit\dcs\data\conllu\files\Amarakośa\Amarakośa-0001-AKośa, 2-491.conllu: insert or update on table "verses" violates foreign key constraint "verses_chapter_id_fkey"
DETAIL:  Key (chapter_id)=(956418b0-cdaa-405a-91f7-063f52c2283d) is not present in table "chapters".

2026-07-31 23:23:50,742 [ERROR] Сбой стиха 343 в файле C:\MyDev\OliverHellwig\sanskrit\dcs\data\conllu\files\Amarakośa\Amarakośa-0001-AKośa, 2-491.conllu: insert or update on table "verses" violates foreign key constraint "verses_chapter_id_fkey"
DETAIL:  Key (chapter_id)=(956418b0-cdaa-405a-91f7-063f52c2283d) is not present in table "chapters".

2026-07-31 23:23:50,743 [ERROR] Сбой стиха 343 в файле C:\MyDev\OliverHellwig\sanskrit\dcs\data\conllu\files\Amarakośa\Amarakośa-0001-AKośa, 2-491.conllu: insert or update on table "verses" violates foreign key constraint "verses_chapter_id_fkey"
DETAIL:  Key (chapter_id)=(956418b0-cdaa-405a-91f7-063f52c2283d) is not present in table "chapters".

2026-07-31 23:23:50,746 [ERROR] Сбой стиха 343 в файле C:\MyDev\OliverHellwig\sanskrit\dcs\data\conllu\files\Amarakośa\Amarakośa-0001-AKośa, 2-491.conllu: insert or update on table "verses" violates foreign key constraint "verses_chapter_id_fkey"
DETAIL:  Key (chapter_id)=(956418b0-cdaa-405a-91f7-063f52c2283d) is not present in table "chapters".

2026-07-31 23:23:50,747 [ERROR] Сбой стиха 343 в файле C:\MyDev\OliverHellwig\sanskrit\dcs\data\conllu\files\Amarakośa\Amarakośa-0001-AKośa, 2-491.conllu: insert or update on table "verses" violates foreign key constraint "verses_chapter_id_fkey"
DETAIL:  Key (chapter_id)=(956418b0-cdaa-405a-91f7-063f52c2283d) is not present in table "chapters".

2026-07-31 23:23:50,749 [ERROR] Сбой стиха 343 в файле C:\MyDev\OliverHellwig\sanskrit\dcs\data\conllu\files\Amarakośa\Amarakośa-0001-AKośa, 2-491.conllu: insert or update on table "verses" violates foreign key constraint "verses_chapter_id_fkey"
DETAIL:  Key (chapter_id)=(956418b0-cdaa-405a-91f7-063f52c2283d) is not present in table "chapters".

2026-07-31 23:23:50,751 [ERROR] Сбой стиха 343 в файле C:\MyDev\OliverHellwig\sanskrit\dcs\data\conllu\files\Amarakośa\Amarakośa-0001-AKośa, 2-491.conllu: insert or update on table "verses" violates foreign key constraint "verses_chapter_id_fkey"
DETAIL:  Key (chapter_id)=(956418b0-cdaa-405a-91f7-063f52c2283d) is not present in table "chapters".

2026-07-31 23:23:50,752 [ERROR] Сбой стиха 343 в файле C:\MyDev\OliverHellwig\sanskrit\dcs\data\conllu\files\Amarakośa\Amarakośa-0001-AKośa, 2-491.conllu: insert or update on table "verses" violates foreign key constraint "verses_chapter_id_fkey"
DETAIL:  Key (chapter_id)=(956418b0-cdaa-405a-91f7-063f52c2283d) is not present in table "chapters".

2026-07-31 23:23:50,754 [ERROR] Сбой стиха 343 в файле C:\MyDev\OliverHellwig\sanskrit\dcs\data\conllu\files\Amarakośa\Amarakośa-0001-AKośa, 2-491.conllu: insert or update on table "verses" violates foreign key constraint "verses_chapter_id_fkey"
DETAIL:  Key (chapter_id)=(956418b0-cdaa-405a-91f7-063f52c2283d) is not present in table "chapters".

2026-07-31 23:23:50,756 [ERROR] Сбой стиха 343 в файле C:\MyDev\OliverHellwig\sanskrit\dcs\data\conllu\files\Amarakośa\Amarakośa-0001-AKośa, 2-491.conllu: insert or update on table "verses" violates foreign key constraint "verses_chapter_id_fkey"
DETAIL:  Key (chapter_id)=(956418b0-cdaa-405a-91f7-063f52c2283d) is not present in table "chapters".

2026-07-31 23:23:50,757 [ERROR] Сбой стиха 343 в файле C:\MyDev\OliverHellwig\sanskrit\dcs\data\conllu\files\Amarakośa\Amarakośa-0001-AKośa, 2-491.conllu: insert or update on table "verses" violates foreign key constraint "verses_chapter_id_fkey"
DETAIL:  Key (chapter_id)=(956418b0-cdaa-405a-91f7-063f52c2283d) is not present in table "chapters".

2026-07-31 23:23:50,759 [ERROR] Сбой стиха 343 в файле C:\MyDev\OliverHellwig\sanskrit\dcs\data\conllu\files\Amarakośa\Amarakośa-0001-AKośa, 2-491.conllu: insert or update on table "verses" violates foreign key constraint "verses_chapter_id_fkey"
DETAIL:  Key (chapter_id)=(956418b0-cdaa-405a-91f7-063f52c2283d) is not present in table "chapters".

2026-07-31 23:23:50,761 [ERROR] Сбой стиха 343 в файле C:\MyDev\OliverHellwig\sanskrit\dcs\data\conllu\files\Amarakośa\Amarakośa-0001-AKośa, 2-491.conllu: insert or update on table "verses" violates foreign key constraint "verses_chapter_id_fkey"
DETAIL:  Key (chapter_id)=(956418b0-cdaa-405a-91f7-063f52c2283d) is not present in table "chapters".

2026-07-31 23:23:50,770 [ERROR] Сбой стиха 343 в файле C:\MyDev\OliverHellwig\sanskrit\dcs\data\conllu\files\Amarakośa\Amarakośa-0001-AKośa, 2-491.conllu: insert or update on table "verses" violates foreign key constraint "verses_chapter_id_fkey"
DETAIL:  Key (chapter_id)=(956418b0-cdaa-405a-91f7-063f52c2283d) is not present in table "chapters".

2026-07-31 23:23:50,778 [ERROR] Сбой стиха 343 в файле C:\MyDev\OliverHellwig\sanskrit\dcs\data\conllu\files\Amarakośa\Amarakośa-0001-AKośa, 2-491.conllu: insert or update on table "verses" violates foreign key constraint "verses_chapter_id_fkey"
DETAIL:  Key (chapter_id)=(956418b0-cdaa-405a-91f7-063f52c2283d) is not present in table "chapters".

2026-07-31 23:23:50,784 [ERROR] Сбой стиха 343 в файле C:\MyDev\OliverHellwig\sanskrit\dcs\data\conllu\files\Amarakośa\Amarakośa-0001-AKośa, 2-491.conllu: insert or update on table "verses" violates foreign key constraint "verses_chapter_id_fkey"
DETAIL:  Key (chapter_id)=(956418b0-cdaa-405a-91f7-063f52c2283d) is not present in table "chapters".

2026-07-31 23:23:50,785 [ERROR] Сбой стиха 343 в файле C:\MyDev\OliverHellwig\sanskrit\dcs\data\conllu\files\Amarakośa\Amarakośa-0001-AKośa, 2-491.conllu: insert or update on table "verses" violates foreign key constraint "verses_chapter_id_fkey"
DETAIL:  Key (chapter_id)=(956418b0-cdaa-405a-91f7-063f52c2283d) is not present in table "chapters".

2026-07-31 23:23:50,787 [ERROR] Сбой стиха 343 в файле C:\MyDev\OliverHellwig\sanskrit\dcs\data\conllu\files\Amarakośa\Amarakośa-0001-AKośa, 2-491.conllu: insert or update on table "verses" violates foreign key constraint "verses_chapter_id_fkey"
DETAIL:  Key (chapter_id)=(956418b0-cdaa-405a-91f7-063f52c2283d) is not present in table "chapters".

2026-07-31 23:23:50,788 [ERROR] Сбой стиха 343 в файле C:\MyDev\OliverHellwig\sanskrit\dcs\data\conllu\files\Amarakośa\Amarakośa-0001-AKośa, 2-491.conllu: insert or update on table "verses" violates foreign key constraint "verses_chapter_id_fkey"
DETAIL:  Key (chapter_id)=(956418b0-cdaa-405a-91f7-063f52c2283d) is not present in table "chapters".

2026-07-31 23:23:50,791 [ERROR] Сбой стиха 343 в файле C:\MyDev\OliverHellwig\sanskrit\dcs\data\conllu\files\Amarakośa\Amarakośa-0001-AKośa, 2-491.conllu: insert or update on table "verses" violates foreign key constraint "verses_chapter_id_fkey"
DETAIL:  Key (chapter_id)=(956418b0-cdaa-405a-91f7-063f52c2283d) is not present in table "chapters".

2026-07-31 23:23:50,792 [ERROR] Сбой стиха 343 в файле C:\MyDev\OliverHellwig\sanskrit\dcs\data\conllu\files\Amarakośa\Amarakośa-0001-AKośa, 2-491.conllu: insert or update on table "verses" violates foreign key constraint "verses_chapter_id_fkey"
DETAIL:  Key (chapter_id)=(956418b0-cdaa-405a-91f7-063f52c2283d) is not present in table "chapters".

2026-07-31 23:23:50,793 [ERROR] Сбой стиха 343 в файле C:\MyDev\OliverHellwig\sanskrit\dcs\data\conllu\files\Amarakośa\Amarakośa-0001-AKośa, 2-491.conllu: insert or update on table "verses" violates foreign key constraint "verses_chapter_id_fkey"
DETAIL:  Key (chapter_id)=(956418b0-cdaa-405a-91f7-063f52c2283d) is not present in table "chapters".

2026-07-31 23:23:50,795 [ERROR] Сбой стиха 343 в файле C:\MyDev\OliverHellwig\sanskrit\dcs\data\conllu\files\Amarakośa\Amarakośa-0001-AKośa, 2-491.conllu: insert or update on table "verses" violates foreign key constraint "verses_chapter_id_fkey"
DETAIL:  Key (chapter_id)=(956418b0-cdaa-405a-91f7-063f52c2283d) is not present in table "chapters".

2026-07-31 23:23:50,796 [ERROR] Сбой стиха 343 в файле C:\MyDev\OliverHellwig\sanskrit\dcs\data\conllu\files\Amarakośa\Amarakośa-0001-AKośa, 2-491.conllu: insert or update on table "verses" violates foreign key constraint "verses_chapter_id_fkey"
DETAIL:  Key (chapter_id)=(956418b0-cdaa-405a-91f7-063f52c2283d) is not present in table "chapters".

2026-07-31 23:23:50,797 [ERROR] Сбой стиха 343 в файле C:\MyDev\OliverHellwig\sanskrit\dcs\data\conllu\files\Amarakośa\Amarakośa-0001-AKośa, 2-491.conllu: insert or update on table "verses" violates foreign key constraint "verses_chapter_id_fkey"
DETAIL:  Key (chapter_id)=(956418b0-cdaa-405a-91f7-063f52c2283d) is not present in table "chapters".

2026-07-31 23:23:50,799 [ERROR] Сбой стиха 343 в файле C:\MyDev\OliverHellwig\sanskrit\dcs\data\conllu\files\Amarakośa\Amarakośa-0001-AKośa, 2-491.conllu: insert or update on table "verses" violates foreign key constraint "verses_chapter_id_fkey"
DETAIL:  Key (chapter_id)=(956418b0-cdaa-405a-91f7-063f52c2283d) is not present in table "chapters".

2026-07-31 23:23:50,800 [ERROR] Сбой стиха 343 в файле C:\MyDev\OliverHellwig\sanskrit\dcs\data\conllu\files\Amarakośa\Amarakośa-0001-AKośa, 2-491.conllu: insert or update on table "verses" violates foreign key constraint "verses_chapter_id_fkey"
DETAIL:  Key (chapter_id)=(956418b0-cdaa-405a-91f7-063f52c2283d) is not present in table "chapters".

2026-07-31 23:23:50,801 [ERROR] Сбой стиха 343 в файле C:\MyDev\OliverHellwig\sanskrit\dcs\data\conllu\files\Amarakośa\Amarakośa-0001-AKośa, 2-491.conllu: insert or update on table "verses" violates foreign key constraint "verses_chapter_id_fkey"
DETAIL:  Key (chapter_id)=(956418b0-cdaa-405a-91f7-063f52c2283d) is not present in table "chapters".

2026-07-31 23:23:50,803 [ERROR] Сбой стиха 343 в файле C:\MyDev\OliverHellwig\sanskrit\dcs\data\conllu\files\Amarakośa\Amarakośa-0001-AKośa, 2-491.conllu: insert or update on table "verses" violates foreign key constraint "verses_chapter_id_fkey"
DETAIL:  Key (chapter_id)=(956418b0-cdaa-405a-91f7-063f52c2283d) is not present in table "chapters".

2026-07-31 23:23:50,805 [ERROR] Сбой стиха 343 в файле C:\MyDev\OliverHellwig\sanskrit\dcs\data\conllu\files\Amarakośa\Amarakośa-0001-AKośa, 2-491.conllu: insert or update on table "verses" violates foreign key constraint "verses_chapter_id_fkey"
DETAIL:  Key (chapter_id)=(956418b0-cdaa-405a-91f7-063f52c2283d) is not present in table "chapters".

2026-07-31 23:23:50,807 [ERROR] Сбой стиха 343 в файле C:\MyDev\OliverHellwig\sanskrit\dcs\data\conllu\files\Amarakośa\Amarakośa-0001-AKośa, 2-491.conllu: insert or update on table "verses" violates foreign key constraint "verses_chapter_id_fkey"
DETAIL:  Key (chapter_id)=(956418b0-cdaa-405a-91f7-063f52c2283d) is not present in table "chapters".

2026-07-31 23:23:50,809 [ERROR] Сбой стиха 343 в файле C:\MyDev\OliverHellwig\sanskrit\dcs\data\conllu\files\Amarakośa\Amarakośa-0001-AKośa, 2-491.conllu: insert or update on table "verses" violates foreign key constraint "verses_chapter_id_fkey"
DETAIL:  Key (chapter_id)=(956418b0-cdaa-405a-91f7-063f52c2283d) is not present in table "chapters".

2026-07-31 23:23:50,810 [ERROR] Сбой стиха 343 в файле C:\MyDev\OliverHellwig\sanskrit\dcs\data\conllu\files\Amarakośa\Amarakośa-0001-AKośa, 2-491.conllu: insert or update on table "verses" violates foreign key constraint "verses_chapter_id_fkey"
DETAIL:  Key (chapter_id)=(956418b0-cdaa-405a-91f7-063f52c2283d) is not present in table "chapters".

2026-07-31 23:23:50,812 [ERROR] Сбой стиха 343 в файле C:\MyDev\OliverHellwig\sanskrit\dcs\data\conllu\files\Amarakośa\Amarakośa-0001-AKośa, 2-491.conllu: insert or update on table "verses" violates foreign key constraint "verses_chapter_id_fkey"
DETAIL:  Key (chapter_id)=(956418b0-cdaa-405a-91f7-063f52c2283d) is not present in table "chapters".

2026-07-31 23:23:50,813 [ERROR] Сбой стиха 343 в файле C:\MyDev\OliverHellwig\sanskrit\dcs\data\conllu\files\Amarakośa\Amarakośa-0001-AKośa, 2-491.conllu: insert or update on table "verses" violates foreign key constraint "verses_chapter_id_fkey"
DETAIL:  Key (chapter_id)=(956418b0-cdaa-405a-91f7-063f52c2283d) is not present in table "chapters".

2026-07-31 23:23:50,814 [ERROR] Сбой стиха 343 в файле C:\MyDev\OliverHellwig\sanskrit\dcs\data\conllu\files\Amarakośa\Amarakośa-0001-AKośa, 2-491.conllu: insert or update on table "verses" violates foreign key constraint "verses_chapter_id_fkey"
DETAIL:  Key (chapter_id)=(956418b0-cdaa-405a-91f7-063f52c2283d) is not present in table "chapters".

2026-07-31 23:23:50,816 [ERROR] Сбой стиха 343 в файле C:\MyDev\OliverHellwig\sanskrit\dcs\data\conllu\files\Amarakośa\Amarakośa-0001-AKośa, 2-491.conllu: insert or update on table "verses" violates foreign key constraint "verses_chapter_id_fkey"
DETAIL:  Key (chapter_id)=(956418b0-cdaa-405a-91f7-063f52c2283d) is not present in table "chapters".

2026-07-31 23:23:50,817 [ERROR] Сбой стиха 343 в файле C:\MyDev\OliverHellwig\sanskrit\dcs\data\conllu\files\Amarakośa\Amarakośa-0001-AKośa, 2-491.conllu: insert or update on table "verses" violates foreign key constraint "verses_chapter_id_fkey"
DETAIL:  Key (chapter_id)=(956418b0-cdaa-405a-91f7-063f52c2283d) is not present in table "chapters".

2026-07-31 23:23:50,819 [ERROR] Сбой стиха 343 в файле C:\MyDev\OliverHellwig\sanskrit\dcs\data\conllu\files\Amarakośa\Amarakośa-0001-AKośa, 2-491.conllu: insert or update on table "verses" violates foreign key constraint "verses_chapter_id_fkey"
DETAIL:  Key (chapter_id)=(956418b0-cdaa-405a-91f7-063f52c2283d) is not present in table "chapters".

2026-07-31 23:23:50,821 [ERROR] Сбой стиха 343 в файле C:\MyDev\OliverHellwig\sanskrit\dcs\data\conllu\files\Amarakośa\Amarakośa-0001-AKośa, 2-491.conllu: insert or update on table "verses" violates foreign key constraint "verses_chapter_id_fkey"
DETAIL:  Key (chapter_id)=(956418b0-cdaa-405a-91f7-063f52c2283d) is not present in table "chapters".

2026-07-31 23:23:50,823 [ERROR] Сбой стиха 343 в файле C:\MyDev\OliverHellwig\sanskrit\dcs\data\conllu\files\Amarakośa\Amarakośa-0001-AKośa, 2-491.conllu: insert or update on table "verses" violates foreign key constraint "verses_chapter_id_fkey"
DETAIL:  Key (chapter_id)=(956418b0-cdaa-405a-91f7-063f52c2283d) is not present in table "chapters".

2026-07-31 23:23:50,824 [ERROR] Сбой стиха 343 в файле C:\MyDev\OliverHellwig\sanskrit\dcs\data\conllu\files\Amarakośa\Amarakośa-0001-AKośa, 2-491.conllu: insert or update on table "verses" violates foreign key constraint "verses_chapter_id_fkey"
DETAIL:  Key (chapter_id)=(956418b0-cdaa-405a-91f7-063f52c2283d) is not present in table "chapters".

2026-07-31 23:23:50,833 [ERROR] Сбой стиха 343 в файле C:\MyDev\OliverHellwig\sanskrit\dcs\data\conllu\files\Amarakośa\Amarakośa-0001-AKośa, 2-491.conllu: insert or update on table "verses" violates foreign key constraint "verses_chapter_id_fkey"
DETAIL:  Key (chapter_id)=(956418b0-cdaa-405a-91f7-063f52c2283d) is not present in table "chapters".

2026-07-31 23:23:50,843 [ERROR] Сбой стиха 343 в файле C:\MyDev\OliverHellwig\sanskrit\dcs\data\conllu\files\Amarakośa\Amarakośa-0001-AKośa, 2-491.conllu: insert or update on table "verses" violates foreign key constraint "verses_chapter_id_fkey"
DETAIL:  Key (chapter_id)=(956418b0-cdaa-405a-91f7-063f52c2283d) is not present in table "chapters".

2026-07-31 23:23:50,846 [ERROR] Сбой стиха 343 в файле C:\MyDev\OliverHellwig\sanskrit\dcs\data\conllu\files\Amarakośa\Amarakośa-0001-AKośa, 2-491.conllu: insert or update on table "verses" violates foreign key constraint "verses_chapter_id_fkey"
DETAIL:  Key (chapter_id)=(956418b0-cdaa-405a-91f7-063f52c2283d) is not present in table "chapters".

2026-07-31 23:23:50,847 [ERROR] Сбой стиха 343 в файле C:\MyDev\OliverHellwig\sanskrit\dcs\data\conllu\files\Amarakośa\Amarakośa-0001-AKośa, 2-491.conllu: insert or update on table "verses" violates foreign key constraint "verses_chapter_id_fkey"
DETAIL:  Key (chapter_id)=(956418b0-cdaa-405a-91f7-063f52c2283d) is not present in table "chapters".

2026-07-31 23:23:50,848 [ERROR] Сбой стиха 343 в файле C:\MyDev\OliverHellwig\sanskrit\dcs\data\conllu\files\Amarakośa\Amarakośa-0001-AKośa, 2-491.conllu: insert or update on table "verses" violates foreign key constraint "verses_chapter_id_fkey"
DETAIL:  Key (chapter_id)=(956418b0-cdaa-405a-91f7-063f52c2283d) is not present in table "chapters".

2026-07-31 23:23:50,851 [ERROR] Сбой стиха 343 в файле C:\MyDev\OliverHellwig\sanskrit\dcs\data\conllu\files\Amarakośa\Amarakośa-0001-AKośa, 2-491.conllu: insert or update on table "verses" violates foreign key constraint "verses_chapter_id_fkey"
DETAIL:  Key (chapter_id)=(956418b0-cdaa-405a-91f7-063f52c2283d) is not present in table "chapters".

2026-07-31 23:23:50,852 [ERROR] Сбой стиха 343 в файле C:\MyDev\OliverHellwig\sanskrit\dcs\data\conllu\files\Amarakośa\Amarakośa-0001-AKośa, 2-491.conllu: insert or update on table "verses" violates foreign key constraint "verses_chapter_id_fkey"
DETAIL:  Key (chapter_id)=(956418b0-cdaa-405a-91f7-063f52c2283d) is not present in table "chapters".

2026-07-31 23:23:50,853 [ERROR] Сбой стиха 343 в файле C:\MyDev\OliverHellwig\sanskrit\dcs\data\conllu\files\Amarakośa\Amarakośa-0001-AKośa, 2-491.conllu: insert or update on table "verses" violates foreign key constraint "verses_chapter_id_fkey"
DETAIL:  Key (chapter_id)=(956418b0-cdaa-405a-91f7-063f52c2283d) is not present in table "chapters".

2026-07-31 23:23:50,855 [ERROR] Сбой стиха 343 в файле C:\MyDev\OliverHellwig\sanskrit\dcs\data\conllu\files\Amarakośa\Amarakośa-0001-AKośa, 2-491.conllu: insert or update on table "verses" violates foreign key constraint "verses_chapter_id_fkey"
DETAIL:  Key (chapter_id)=(956418b0-cdaa-405a-91f7-063f52c2283d) is not present in table "chapters".

2026-07-31 23:23:50,856 [ERROR] Сбой стиха 343 в файле C:\MyDev\OliverHellwig\sanskrit\dcs\data\conllu\files\Amarakośa\Amarakośa-0001-AKośa, 2-491.conllu: insert or update on table "verses" violates foreign key constraint "verses_chapter_id_fkey"
DETAIL:  Key (chapter_id)=(956418b0-cdaa-405a-91f7-063f52c2283d) is not present in table "chapters".

2026-07-31 23:23:50,857 [ERROR] Сбой стиха 343 в файле C:\MyDev\OliverHellwig\sanskrit\dcs\data\conllu\files\Amarakośa\Amarakośa-0001-AKośa, 2-491.conllu: insert or update on table "verses" violates foreign key constraint "verses_chapter_id_fkey"
DETAIL:  Key (chapter_id)=(956418b0-cdaa-405a-91f7-063f52c2283d) is not present in table "chapters".

2026-07-31 23:23:50,859 [ERROR] Сбой стиха 343 в файле C:\MyDev\OliverHellwig\sanskrit\dcs\data\conllu\files\Amarakośa\Amarakośa-0001-AKośa, 2-491.conllu: insert or update on table "verses" violates foreign key constraint "verses_chapter_id_fkey"
DETAIL:  Key (chapter_id)=(956418b0-cdaa-405a-91f7-063f52c2283d) is not present in table "chapters".

2026-07-31 23:23:50,860 [ERROR] Сбой стиха 343 в файле C:\MyDev\OliverHellwig\sanskrit\dcs\data\conllu\files\Amarakośa\Amarakośa-0001-AKośa, 2-491.conllu: insert or update on table "verses" violates foreign key constraint "verses_chapter_id_fkey"
DETAIL:  Key (chapter_id)=(956418b0-cdaa-405a-91f7-063f52c2283d) is not present in table "chapters".

2026-07-31 23:23:50,861 [ERROR] Сбой стиха 343 в файле C:\MyDev\OliverHellwig\sanskrit\dcs\data\conllu\files\Amarakośa\Amarakośa-0001-AKośa, 2-491.conllu: insert or update on table "verses" violates foreign key constraint "verses_chapter_id_fkey"
DETAIL:  Key (chapter_id)=(956418b0-cdaa-405a-91f7-063f52c2283d) is not present in table "chapters".

2026-07-31 23:23:50,863 [ERROR] Сбой стиха 343 в файле C:\MyDev\OliverHellwig\sanskrit\dcs\data\conllu\files\Amarakośa\Amarakośa-0001-AKośa, 2-491.conllu: insert or update on table "verses" violates foreign key constraint "verses_chapter_id_fkey"
DETAIL:  Key (chapter_id)=(956418b0-cdaa-405a-91f7-063f52c2283d) is not present in table "chapters".

2026-07-31 23:23:50,864 [ERROR] Сбой стиха 343 в файле C:\MyDev\OliverHellwig\sanskrit\dcs\data\conllu\files\Amarakośa\Amarakośa-0001-AKośa, 2-491.conllu: insert or update on table "verses" violates foreign key constraint "verses_chapter_id_fkey"
DETAIL:  Key (chapter_id)=(956418b0-cdaa-405a-91f7-063f52c2283d) is not present in table "chapters".

2026-07-31 23:23:50,873 [ERROR] Сбой стиха 343 в файле C:\MyDev\OliverHellwig\sanskrit\dcs\data\conllu\files\Amarakośa\Amarakośa-0001-AKośa, 2-491.conllu: insert or update on table "verses" violates foreign key constraint "verses_chapter_id_fkey"
DETAIL:  Key (chapter_id)=(956418b0-cdaa-405a-91f7-063f52c2283d) is not present in table "chapters".

2026-07-31 23:23:50,884 [ERROR] Сбой стиха 343 в файле C:\MyDev\OliverHellwig\sanskrit\dcs\data\conllu\files\Amarakośa\Amarakośa-0001-AKośa, 2-491.conllu: insert or update on table "verses" violates foreign key constraint "verses_chapter_id_fkey"
DETAIL:  Key (chapter_id)=(956418b0-cdaa-405a-91f7-063f52c2283d) is not present in table "chapters".

2026-07-31 23:23:50,888 [ERROR] Сбой стиха 343 в файле C:\MyDev\OliverHellwig\sanskrit\dcs\data\conllu\files\Amarakośa\Amarakośa-0001-AKośa, 2-491.conllu: insert or update on table "verses" violates foreign key constraint "verses_chapter_id_fkey"
DETAIL:  Key (chapter_id)=(956418b0-cdaa-405a-91f7-063f52c2283d) is not present in table "chapters".

2026-07-31 23:23:50,890 [ERROR] Сбой стиха 343 в файле C:\MyDev\OliverHellwig\sanskrit\dcs\data\conllu\files\Amarakośa\Amarakośa-0001-AKośa, 2-491.conllu: insert or update on table "verses" violates foreign key constraint "verses_chapter_id_fkey"
DETAIL:  Key (chapter_id)=(956418b0-cdaa-405a-91f7-063f52c2283d) is not present in table "chapters".

2026-07-31 23:23:50,891 [ERROR] Сбой стиха 343 в файле C:\MyDev\OliverHellwig\sanskrit\dcs\data\conllu\files\Amarakośa\Amarakośa-0001-AKośa, 2-491.conllu: insert or update on table "verses" violates foreign key constraint "verses_chapter_id_fkey"
DETAIL:  Key (chapter_id)=(956418b0-cdaa-405a-91f7-063f52c2283d) is not present in table "chapters".

2026-07-31 23:23:50,892 [ERROR] Сбой стиха 343 в файле C:\MyDev\OliverHellwig\sanskrit\dcs\data\conllu\files\Amarakośa\Amarakośa-0001-AKośa, 2-491.conllu: insert or update on table "verses" violates foreign key constraint "verses_chapter_id_fkey"
DETAIL:  Key (chapter_id)=(956418b0-cdaa-405a-91f7-063f52c2283d) is not present in table "chapters".

2026-07-31 23:23:50,894 [ERROR] Сбой стиха 343 в файле C:\MyDev\OliverHellwig\sanskrit\dcs\data\conllu\files\Amarakośa\Amarakośa-0001-AKośa, 2-491.conllu: insert or update on table "verses" violates foreign key constraint "verses_chapter_id_fkey"
DETAIL:  Key (chapter_id)=(956418b0-cdaa-405a-91f7-063f52c2283d) is not present in table "chapters".

2026-07-31 23:23:50,897 [ERROR] Сбой стиха 343 в файле C:\MyDev\OliverHellwig\sanskrit\dcs\data\conllu\files\Amarakośa\Amarakośa-0001-AKośa, 2-491.conllu: insert or update on table "verses" violates foreign key constraint "verses_chapter_id_fkey"
DETAIL:  Key (chapter_id)=(956418b0-cdaa-405a-91f7-063f52c2283d) is not present in table "chapters".

2026-07-31 23:23:50,899 [ERROR] Сбой стиха 343 в файле C:\MyDev\OliverHellwig\sanskrit\dcs\data\conllu\files\Amarakośa\Amarakośa-0001-AKośa, 2-491.conllu: insert or update on table "verses" violates foreign key constraint "verses_chapter_id_fkey"
DETAIL:  Key (chapter_id)=(956418b0-cdaa-405a-91f7-063f52c2283d) is not present in table "chapters".

2026-07-31 23:23:50,901 [ERROR] Сбой стиха 343 в файле C:\MyDev\OliverHellwig\sanskrit\dcs\data\conllu\files\Amarakośa\Amarakośa-0001-AKośa, 2-491.conllu: insert or update on table "verses" violates foreign key constraint "verses_chapter_id_fkey"
DETAIL:  Key (chapter_id)=(956418b0-cdaa-405a-91f7-063f52c2283d) is not present in table "chapters".

2026-07-31 23:23:50,903 [ERROR] Сбой стиха 343 в файле C:\MyDev\OliverHellwig\sanskrit\dcs\data\conllu\files\Amarakośa\Amarakośa-0001-AKośa, 2-491.conllu: insert or update on table "verses" violates foreign key constraint "verses_chapter_id_fkey"
DETAIL:  Key (chapter_id)=(956418b0-cdaa-405a-91f7-063f52c2283d) is not present in table "chapters".

2026-07-31 23:23:50,904 [ERROR] Сбой стиха 343 в файле C:\MyDev\OliverHellwig\sanskrit\dcs\data\conllu\files\Amarakośa\Amarakośa-0001-AKośa, 2-491.conllu: insert or update on table "verses" violates foreign key constraint "verses_chapter_id_fkey"
DETAIL:  Key (chapter_id)=(956418b0-cdaa-405a-91f7-063f52c2283d) is not present in table "chapters".

2026-07-31 23:23:50,906 [ERROR] Сбой стиха 343 в файле C:\MyDev\OliverHellwig\sanskrit\dcs\data\conllu\files\Amarakośa\Amarakośa-0001-AKośa, 2-491.conllu: insert or update on table "verses" violates foreign key constraint "verses_chapter_id_fkey"
DETAIL:  Key (chapter_id)=(956418b0-cdaa-405a-91f7-063f52c2283d) is not present in table "chapters".

2026-07-31 23:23:50,908 [ERROR] Сбой стиха 343 в файле C:\MyDev\OliverHellwig\sanskrit\dcs\data\conllu\files\Amarakośa\Amarakośa-0001-AKośa, 2-491.conllu: insert or update on table "verses" violates foreign key constraint "verses_chapter_id_fkey"
DETAIL:  Key (chapter_id)=(956418b0-cdaa-405a-91f7-063f52c2283d) is not present in table "chapters".

2026-07-31 23:23:50,910 [ERROR] Сбой стиха 343 в файле C:\MyDev\OliverHellwig\sanskrit\dcs\data\conllu\files\Amarakośa\Amarakośa-0001-AKośa, 2-491.conllu: insert or update on table "verses" violates foreign key constraint "verses_chapter_id_fkey"
DETAIL:  Key (chapter_id)=(956418b0-cdaa-405a-91f7-063f52c2283d) is not present in table "chapters".

2026-07-31 23:23:50,913 [ERROR] Сбой стиха 343 в файле C:\MyDev\OliverHellwig\sanskrit\dcs\data\conllu\files\Amarakośa\Amarakośa-0001-AKośa, 2-491.conllu: insert or update on table "verses" violates foreign key constraint "verses_chapter_id_fkey"
DETAIL:  Key (chapter_id)=(956418b0-cdaa-405a-91f7-063f52c2283d) is not present in table "chapters".

2026-07-31 23:23:50,915 [ERROR] Сбой стиха 343 в файле C:\MyDev\OliverHellwig\sanskrit\dcs\data\conllu\files\Amarakośa\Amarakośa-0001-AKośa, 2-491.conllu: insert or update on table "verses" violates foreign key constraint "verses_chapter_id_fkey"
DETAIL:  Key (chapter_id)=(956418b0-cdaa-405a-91f7-063f52c2283d) is not present in table "chapters".

2026-07-31 23:23:50,917 [ERROR] Сбой стиха 343 в файле C:\MyDev\OliverHellwig\sanskrit\dcs\data\conllu\files\Amarakośa\Amarakośa-0001-AKośa, 2-491.conllu: insert or update on table "verses" violates foreign key constraint "verses_chapter_id_fkey"
DETAIL:  Key (chapter_id)=(956418b0-cdaa-405a-91f7-063f52c2283d) is not present in table "chapters".

2026-07-31 23:23:50,919 [ERROR] Сбой стиха 343 в файле C:\MyDev\OliverHellwig\sanskrit\dcs\data\conllu\files\Amarakośa\Amarakośa-0001-AKośa, 2-491.conllu: insert or update on table "verses" violates foreign key constraint "verses_chapter_id_fkey"
DETAIL:  Key (chapter_id)=(956418b0-cdaa-405a-91f7-063f52c2283d) is not present in table "chapters".

2026-07-31 23:23:50,920 [ERROR] Сбой стиха 343 в файле C:\MyDev\OliverHellwig\sanskrit\dcs\data\conllu\files\Amarakośa\Amarakośa-0001-AKośa, 2-491.conllu: insert or update on table "verses" violates foreign key constraint "verses_chapter_id_fkey"
DETAIL:  Key (chapter_id)=(956418b0-cdaa-405a-91f7-063f52c2283d) is not present in table "chapters".

2026-07-31 23:23:50,922 [ERROR] Сбой стиха 343 в файле C:\MyDev\OliverHellwig\sanskrit\dcs\data\conllu\files\Amarakośa\Amarakośa-0001-AKośa, 2-491.conllu: insert or update on table "verses" violates foreign key constraint "verses_chapter_id_fkey"
DETAIL:  Key (chapter_id)=(956418b0-cdaa-405a-91f7-063f52c2283d) is not present in table "chapters".

2026-07-31 23:23:50,923 [ERROR] Сбой стиха 343 в файле C:\MyDev\OliverHellwig\sanskrit\dcs\data\conllu\files\Amarakośa\Amarakośa-0001-AKośa, 2-491.conllu: insert or update on table "verses" violates foreign key constraint "verses_chapter_id_fkey"
DETAIL:  Key (chapter_id)=(956418b0-cdaa-405a-91f7-063f52c2283d) is not present in table "chapters".

2026-07-31 23:23:50,925 [ERROR] Сбой стиха 343 в файле C:\MyDev\OliverHellwig\sanskrit\dcs\data\conllu\files\Amarakośa\Amarakośa-0001-AKośa, 2-491.conllu: insert or update on table "verses" violates foreign key constraint "verses_chapter_id_fkey"
DETAIL:  Key (chapter_id)=(956418b0-cdaa-405a-91f7-063f52c2283d) is not present in table "chapters".

2026-07-31 23:23:50,926 [ERROR] Сбой стиха 343 в файле C:\MyDev\OliverHellwig\sanskrit\dcs\data\conllu\files\Amarakośa\Amarakośa-0001-AKośa, 2-491.conllu: insert or update on table "verses" violates foreign key constraint "verses_chapter_id_fkey"
DETAIL:  Key (chapter_id)=(956418b0-cdaa-405a-91f7-063f52c2283d) is not present in table "chapters".

2026-07-31 23:23:50,929 [ERROR] Сбой стиха 343 в файле C:\MyDev\OliverHellwig\sanskrit\dcs\data\conllu\files\Amarakośa\Amarakośa-0001-AKośa, 2-491.conllu: insert or update on table "verses" violates foreign key constraint "verses_chapter_id_fkey"
DETAIL:  Key (chapter_id)=(956418b0-cdaa-405a-91f7-063f52c2283d) is not present in table "chapters".

2026-07-31 23:23:50,931 [ERROR] Сбой стиха 343 в файле C:\MyDev\OliverHellwig\sanskrit\dcs\data\conllu\files\Amarakośa\Amarakośa-0001-AKośa, 2-491.conllu: insert or update on table "verses" violates foreign key constraint "verses_chapter_id_fkey"
DETAIL:  Key (chapter_id)=(956418b0-cdaa-405a-91f7-063f52c2283d) is not present in table "chapters".

2026-07-31 23:23:50,932 [ERROR] Сбой стиха 343 в файле C:\MyDev\OliverHellwig\sanskrit\dcs\data\conllu\files\Amarakośa\Amarakośa-0001-AKośa, 2-491.conllu: insert or update on table "verses" violates foreign key constraint "verses_chapter_id_fkey"
DETAIL:  Key (chapter_id)=(956418b0-cdaa-405a-91f7-063f52c2283d) is not present in table "chapters".

2026-07-31 23:23:50,933 [ERROR] Сбой стиха 343 в файле C:\MyDev\OliverHellwig\sanskrit\dcs\data\conllu\files\Amarakośa\Amarakośa-0001-AKośa, 2-491.conllu: insert or update on table "verses" violates foreign key constraint "verses_chapter_id_fkey"
DETAIL:  Key (chapter_id)=(956418b0-cdaa-405a-91f7-063f52c2283d) is not present in table "chapters".

2026-07-31 23:23:50,935 [ERROR] Сбой стиха 343 в файле C:\MyDev\OliverHellwig\sanskrit\dcs\data\conllu\files\Amarakośa\Amarakośa-0001-AKośa, 2-491.conllu: insert or update on table "verses" violates foreign key constraint "verses_chapter_id_fkey"
DETAIL:  Key (chapter_id)=(956418b0-cdaa-405a-91f7-063f52c2283d) is not present in table "chapters".

2026-07-31 23:23:50,936 [ERROR] Сбой стиха 343 в файле C:\MyDev\OliverHellwig\sanskrit\dcs\data\conllu\files\Amarakośa\Amarakośa-0001-AKośa, 2-491.conllu: insert or update on table "verses" violates foreign key constraint "verses_chapter_id_fkey"
DETAIL:  Key (chapter_id)=(956418b0-cdaa-405a-91f7-063f52c2283d) is not present in table "chapters".

2026-07-31 23:23:50,937 [ERROR] Сбой стиха 343 в файле C:\MyDev\OliverHellwig\sanskrit\dcs\data\conllu\files\Amarakośa\Amarakośa-0001-AKośa, 2-491.conllu: insert or update on table "verses" violates foreign key constraint "verses_chapter_id_fkey"
DETAIL:  Key (chapter_id)=(956418b0-cdaa-405a-91f7-063f52c2283d) is not present in table "chapters".

2026-07-31 23:23:50,939 [ERROR] Сбой стиха 343 в файле C:\MyDev\OliverHellwig\sanskrit\dcs\data\conllu\files\Amarakośa\Amarakośa-0001-AKośa, 2-491.conllu: insert or update on table "verses" violates foreign key constraint "verses_chapter_id_fkey"
DETAIL:  Key (chapter_id)=(956418b0-cdaa-405a-91f7-063f52c2283d) is not present in table "chapters".

2026-07-31 23:23:50,940 [ERROR] Сбой стиха 343 в файле C:\MyDev\OliverHellwig\sanskrit\dcs\data\conllu\files\Amarakośa\Amarakośa-0001-AKośa, 2-491.conllu: insert or update on table "verses" violates foreign key constraint "verses_chapter_id_fkey"
DETAIL:  Key (chapter_id)=(956418b0-cdaa-405a-91f7-063f52c2283d) is not present in table "chapters".

2026-07-31 23:23:50,943 [ERROR] Сбой стиха 343 в файле C:\MyDev\OliverHellwig\sanskrit\dcs\data\conllu\files\Amarakośa\Amarakośa-0001-AKośa, 2-491.conllu: insert or update on table "verses" violates foreign key constraint "verses_chapter_id_fkey"
DETAIL:  Key (chapter_id)=(956418b0-cdaa-405a-91f7-063f52c2283d) is not present in table "chapters".

2026-07-31 23:23:50,944 [ERROR] Сбой стиха 343 в файле C:\MyDev\OliverHellwig\sanskrit\dcs\data\conllu\files\Amarakośa\Amarakośa-0001-AKośa, 2-491.conllu: insert or update on table "verses" violates foreign key constraint "verses_chapter_id_fkey"
DETAIL:  Key (chapter_id)=(956418b0-cdaa-405a-91f7-063f52c2283d) is not present in table "chapters".

2026-07-31 23:23:50,946 [ERROR] Сбой стиха 343 в файле C:\MyDev\OliverHellwig\sanskrit\dcs\data\conllu\files\Amarakośa\Amarakośa-0001-AKośa, 2-491.conllu: insert or update on table "verses" violates foreign key constraint "verses_chapter_id_fkey"
DETAIL:  Key (chapter_id)=(956418b0-cdaa-405a-91f7-063f52c2283d) is not present in table "chapters".

2026-07-31 23:23:50,947 [ERROR] Сбой стиха 343 в файле C:\MyDev\OliverHellwig\sanskrit\dcs\data\conllu\files\Amarakośa\Amarakośa-0001-AKośa, 2-491.conllu: insert or update on table "verses" violates foreign key constraint "verses_chapter_id_fkey"
DETAIL:  Key (chapter_id)=(956418b0-cdaa-405a-91f7-063f52c2283d) is not present in table "chapters".

2026-07-31 23:23:50,948 [ERROR] Сбой стиха 343 в файле C:\MyDev\OliverHellwig\sanskrit\dcs\data\conllu\files\Amarakośa\Amarakośa-0001-AKośa, 2-491.conllu: insert or update on table "verses" violates foreign key constraint "verses_chapter_id_fkey"
DETAIL:  Key (chapter_id)=(956418b0-cdaa-405a-91f7-063f52c2283d) is not present in table "chapters".

2026-07-31 23:23:50,950 [ERROR] Сбой стиха 343 в файле C:\MyDev\OliverHellwig\sanskrit\dcs\data\conllu\files\Amarakośa\Amarakośa-0001-AKośa, 2-491.conllu: insert or update on table "verses" violates foreign key constraint "verses_chapter_id_fkey"
DETAIL:  Key (chapter_id)=(956418b0-cdaa-405a-91f7-063f52c2283d) is not present in table "chapters".

2026-07-31 23:23:50,961 [ERROR] Сбой стиха 343 в файле C:\MyDev\OliverHellwig\sanskrit\dcs\data\conllu\files\Amarakośa\Amarakośa-0001-AKośa, 2-491.conllu: insert or update on table "verses" violates foreign key constraint "verses_chapter_id_fkey"
DETAIL:  Key (chapter_id)=(956418b0-cdaa-405a-91f7-063f52c2283d) is not present in table "chapters".

2026-07-31 23:23:50,970 [ERROR] Сбой стиха 343 в файле C:\MyDev\OliverHellwig\sanskrit\dcs\data\conllu\files\Amarakośa\Amarakośa-0001-AKośa, 2-491.conllu: insert or update on table "verses" violates foreign key constraint "verses_chapter_id_fkey"
DETAIL:  Key (chapter_id)=(956418b0-cdaa-405a-91f7-063f52c2283d) is not present in table "chapters".

2026-07-31 23:23:50,972 [ERROR] Сбой стиха 343 в файле C:\MyDev\OliverHellwig\sanskrit\dcs\data\conllu\files\Amarakośa\Amarakośa-0001-AKośa, 2-491.conllu: insert or update on table "verses" violates foreign key constraint "verses_chapter_id_fkey"
DETAIL:  Key (chapter_id)=(956418b0-cdaa-405a-91f7-063f52c2283d) is not present in table "chapters".

2026-07-31 23:23:50,974 [ERROR] Сбой стиха 343 в файле C:\MyDev\OliverHellwig\sanskrit\dcs\data\conllu\files\Amarakośa\Amarakośa-0001-AKośa, 2-491.conllu: insert or update on table "verses" violates foreign key constraint "verses_chapter_id_fkey"
DETAIL:  Key (chapter_id)=(956418b0-cdaa-405a-91f7-063f52c2283d) is not present in table "chapters".

2026-07-31 23:23:50,975 [ERROR] Сбой стиха 343 в файле C:\MyDev\OliverHellwig\sanskrit\dcs\data\conllu\files\Amarakośa\Amarakośa-0001-AKośa, 2-491.conllu: insert or update on table "verses" violates foreign key constraint "verses_chapter_id_fkey"
DETAIL:  Key (chapter_id)=(956418b0-cdaa-405a-91f7-063f52c2283d) is not present in table "chapters".

2026-07-31 23:23:50,976 [ERROR] Сбой стиха 343 в файле C:\MyDev\OliverHellwig\sanskrit\dcs\data\conllu\files\Amarakośa\Amarakośa-0001-AKośa, 2-491.conllu: insert or update on table "verses" violates foreign key constraint "verses_chapter_id_fkey"
DETAIL:  Key (chapter_id)=(956418b0-cdaa-405a-91f7-063f52c2283d) is not present in table "chapters".

2026-07-31 23:23:50,977 [ERROR] Сбой стиха 343 в файле C:\MyDev\OliverHellwig\sanskrit\dcs\data\conllu\files\Amarakośa\Amarakośa-0001-AKośa, 2-491.conllu: insert or update on table "verses" violates foreign key constraint "verses_chapter_id_fkey"
DETAIL:  Key (chapter_id)=(956418b0-cdaa-405a-91f7-063f52c2283d) is not present in table "chapters".

2026-07-31 23:23:50,979 [ERROR] Сбой стиха 343 в файле C:\MyDev\OliverHellwig\sanskrit\dcs\data\conllu\files\Amarakośa\Amarakośa-0001-AKośa, 2-491.conllu: insert or update on table "verses" violates foreign key constraint "verses_chapter_id_fkey"
DETAIL:  Key (chapter_id)=(956418b0-cdaa-405a-91f7-063f52c2283d) is not present in table "chapters".

2026-07-31 23:23:50,980 [ERROR] Сбой стиха 343 в файле C:\MyDev\OliverHellwig\sanskrit\dcs\data\conllu\files\Amarakośa\Amarakośa-0001-AKośa, 2-491.conllu: insert or update on table "verses" violates foreign key constraint "verses_chapter_id_fkey"
DETAIL:  Key (chapter_id)=(956418b0-cdaa-405a-91f7-063f52c2283d) is not present in table "chapters".

2026-07-31 23:23:50,982 [ERROR] Сбой стиха 343 в файле C:\MyDev\OliverHellwig\sanskrit\dcs\data\conllu\files\Amarakośa\Amarakośa-0001-AKośa, 2-491.conllu: insert or update on table "verses" violates foreign key constraint "verses_chapter_id_fkey"
DETAIL:  Key (chapter_id)=(956418b0-cdaa-405a-91f7-063f52c2283d) is not present in table "chapters".

2026-07-31 23:23:50,983 [ERROR] Сбой стиха 343 в файле C:\MyDev\OliverHellwig\sanskrit\dcs\data\conllu\files\Amarakośa\Amarakośa-0001-AKośa, 2-491.conllu: insert or update on table "verses" violates foreign key constraint "verses_chapter_id_fkey"
DETAIL:  Key (chapter_id)=(956418b0-cdaa-405a-91f7-063f52c2283d) is not present in table "chapters".

2026-07-31 23:23:50,984 [ERROR] Сбой стиха 343 в файле C:\MyDev\OliverHellwig\sanskrit\dcs\data\conllu\files\Amarakośa\Amarakośa-0001-AKośa, 2-491.conllu: insert or update on table "verses" violates foreign key constraint "verses_chapter_id_fkey"
DETAIL:  Key (chapter_id)=(956418b0-cdaa-405a-91f7-063f52c2283d) is not present in table "chapters".

2026-07-31 23:23:50,986 [ERROR] Сбой стиха 343 в файле C:\MyDev\OliverHellwig\sanskrit\dcs\data\conllu\files\Amarakośa\Amarakośa-0001-AKośa, 2-491.conllu: insert or update on table "verses" violates foreign key constraint "verses_chapter_id_fkey"
DETAIL:  Key (chapter_id)=(956418b0-cdaa-405a-91f7-063f52c2283d) is not present in table "chapters".

2026-07-31 23:23:50,989 [ERROR] Сбой стиха 343 в файле C:\MyDev\OliverHellwig\sanskrit\dcs\data\conllu\files\Amarakośa\Amarakośa-0001-AKośa, 2-491.conllu: insert or update on table "verses" violates foreign key constraint "verses_chapter_id_fkey"
DETAIL:  Key (chapter_id)=(956418b0-cdaa-405a-91f7-063f52c2283d) is not present in table "chapters".

2026-07-31 23:23:50,990 [ERROR] Сбой стиха 343 в файле C:\MyDev\OliverHellwig\sanskrit\dcs\data\conllu\files\Amarakośa\Amarakośa-0001-AKośa, 2-491.conllu: insert or update on table "verses" violates foreign key constraint "verses_chapter_id_fkey"
DETAIL:  Key (chapter_id)=(956418b0-cdaa-405a-91f7-063f52c2283d) is not present in table "chapters".

2026-07-31 23:23:50,992 [ERROR] Сбой стиха 343 в файле C:\MyDev\OliverHellwig\sanskrit\dcs\data\conllu\files\Amarakośa\Amarakośa-0001-AKośa, 2-491.conllu: insert or update on table "verses" violates foreign key constraint "verses_chapter_id_fkey"
DETAIL:  Key (chapter_id)=(956418b0-cdaa-405a-91f7-063f52c2283d) is not present in table "chapters".

2026-07-31 23:23:50,993 [ERROR] Сбой стиха 343 в файле C:\MyDev\OliverHellwig\sanskrit\dcs\data\conllu\files\Amarakośa\Amarakośa-0001-AKośa, 2-491.conllu: insert or update on table "verses" violates foreign key constraint "verses_chapter_id_fkey"
DETAIL:  Key (chapter_id)=(956418b0-cdaa-405a-91f7-063f52c2283d) is not present in table "chapters".

2026-07-31 23:23:50,994 [ERROR] Сбой стиха 343 в файле C:\MyDev\OliverHellwig\sanskrit\dcs\data\conllu\files\Amarakośa\Amarakośa-0001-AKośa, 2-491.conllu: insert or update on table "verses" violates foreign key constraint "verses_chapter_id_fkey"
DETAIL:  Key (chapter_id)=(956418b0-cdaa-405a-91f7-063f52c2283d) is not present in table "chapters".

2026-07-31 23:23:50,995 [ERROR] Сбой стиха 343 в файле C:\MyDev\OliverHellwig\sanskrit\dcs\data\conllu\files\Amarakośa\Amarakośa-0001-AKośa, 2-491.conllu: insert or update on table "verses" violates foreign key constraint "verses_chapter_id_fkey"
DETAIL:  Key (chapter_id)=(956418b0-cdaa-405a-91f7-063f52c2283d) is not present in table "chapters".

2026-07-31 23:23:50,997 [ERROR] Сбой стиха 343 в файле C:\MyDev\OliverHellwig\sanskrit\dcs\data\conllu\files\Amarakośa\Amarakośa-0001-AKośa, 2-491.conllu: insert or update on table "verses" violates foreign key constraint "verses_chapter_id_fkey"
DETAIL:  Key (chapter_id)=(956418b0-cdaa-405a-91f7-063f52c2283d) is not present in table "chapters".

2026-07-31 23:23:50,998 [ERROR] Сбой стиха 343 в файле C:\MyDev\OliverHellwig\sanskrit\dcs\data\conllu\files\Amarakośa\Amarakośa-0001-AKośa, 2-491.conllu: insert or update on table "verses" violates foreign key constraint "verses_chapter_id_fkey"
DETAIL:  Key (chapter_id)=(956418b0-cdaa-405a-91f7-063f52c2283d) is not present in table "chapters".

2026-07-31 23:23:50,999 [ERROR] Сбой стиха 343 в файле C:\MyDev\OliverHellwig\sanskrit\dcs\data\conllu\files\Amarakośa\Amarakośa-0001-AKośa, 2-491.conllu: insert or update on table "verses" violates foreign key constraint "verses_chapter_id_fkey"
DETAIL:  Key (chapter_id)=(956418b0-cdaa-405a-91f7-063f52c2283d) is not present in table "chapters".

2026-07-31 23:23:51,001 [ERROR] Сбой стиха 343 в файле C:\MyDev\OliverHellwig\sanskrit\dcs\data\conllu\files\Amarakośa\Amarakośa-0001-AKośa, 2-491.conllu: insert or update on table "verses" violates foreign key constraint "verses_chapter_id_fkey"
DETAIL:  Key (chapter_id)=(956418b0-cdaa-405a-91f7-063f52c2283d) is not present in table "chapters".

2026-07-31 23:23:51,004 [ERROR] Сбой стиха 343 в файле C:\MyDev\OliverHellwig\sanskrit\dcs\data\conllu\files\Amarakośa\Amarakośa-0001-AKośa, 2-491.conllu: insert or update on table "verses" violates foreign key constraint "verses_chapter_id_fkey"
DETAIL:  Key (chapter_id)=(956418b0-cdaa-405a-91f7-063f52c2283d) is not present in table "chapters".

2026-07-31 23:23:51,005 [ERROR] Сбой стиха 343 в файле C:\MyDev\OliverHellwig\sanskrit\dcs\data\conllu\files\Amarakośa\Amarakośa-0001-AKośa, 2-491.conllu: insert or update on table "verses" violates foreign key constraint "verses_chapter_id_fkey"
DETAIL:  Key (chapter_id)=(956418b0-cdaa-405a-91f7-063f52c2283d) is not present in table "chapters".

2026-07-31 23:23:51,006 [ERROR] Сбой стиха 343 в файле C:\MyDev\OliverHellwig\sanskrit\dcs\data\conllu\files\Amarakośa\Amarakośa-0001-AKośa, 2-491.conllu: insert or update on table "verses" violates foreign key constraint "verses_chapter_id_fkey"
DETAIL:  Key (chapter_id)=(956418b0-cdaa-405a-91f7-063f52c2283d) is not present in table "chapters".

2026-07-31 23:23:51,008 [ERROR] Сбой стиха 343 в файле C:\MyDev\OliverHellwig\sanskrit\dcs\data\conllu\files\Amarakośa\Amarakośa-0001-AKośa, 2-491.conllu: insert or update on table "verses" violates foreign key constraint "verses_chapter_id_fkey"
DETAIL:  Key (chapter_id)=(956418b0-cdaa-405a-91f7-063f52c2283d) is not present in table "chapters".

2026-07-31 23:23:51,009 [ERROR] Сбой стиха 343 в файле C:\MyDev\OliverHellwig\sanskrit\dcs\data\conllu\files\Amarakośa\Amarakośa-0001-AKośa, 2-491.conllu: insert or update on table "verses" violates foreign key constraint "verses_chapter_id_fkey"
DETAIL:  Key (chapter_id)=(956418b0-cdaa-405a-91f7-063f52c2283d) is not present in table "chapters".

2026-07-31 23:23:51,013 [ERROR] Сбой стиха 343 в файле C:\MyDev\OliverHellwig\sanskrit\dcs\data\conllu\files\Amarakośa\Amarakośa-0001-AKośa, 2-491.conllu: insert or update on table "verses" violates foreign key constraint "verses_chapter_id_fkey"
DETAIL:  Key (chapter_id)=(956418b0-cdaa-405a-91f7-063f52c2283d) is not present in table "chapters".

2026-07-31 23:23:51,023 [ERROR] Сбой стиха 343 в файле C:\MyDev\OliverHellwig\sanskrit\dcs\data\conllu\files\Amarakośa\Amarakośa-0001-AKośa, 2-491.conllu: insert or update on table "verses" violates foreign key constraint "verses_chapter_id_fkey"
DETAIL:  Key (chapter_id)=(956418b0-cdaa-405a-91f7-063f52c2283d) is not present in table "chapters".

2026-07-31 23:23:51,032 [ERROR] Сбой стиха 343 в файле C:\MyDev\OliverHellwig\sanskrit\dcs\data\conllu\files\Amarakośa\Amarakośa-0001-AKośa, 2-491.conllu: insert or update on table "verses" violates foreign key constraint "verses_chapter_id_fkey"
DETAIL:  Key (chapter_id)=(956418b0-cdaa-405a-91f7-063f52c2283d) is not present in table "chapters".

2026-07-31 23:23:51,033 [ERROR] Сбой стиха 343 в файле C:\MyDev\OliverHellwig\sanskrit\dcs\data\conllu\files\Amarakośa\Amarakośa-0001-AKośa, 2-491.conllu: insert or update on table "verses" violates foreign key constraint "verses_chapter_id_fkey"
DETAIL:  Key (chapter_id)=(956418b0-cdaa-405a-91f7-063f52c2283d) is not present in table "chapters".

2026-07-31 23:23:51,035 [ERROR] Сбой стиха 343 в файле C:\MyDev\OliverHellwig\sanskrit\dcs\data\conllu\files\Amarakośa\Amarakośa-0001-AKośa, 2-491.conllu: insert or update on table "verses" violates foreign key constraint "verses_chapter_id_fkey"
DETAIL:  Key (chapter_id)=(956418b0-cdaa-405a-91f7-063f52c2283d) is not present in table "chapters".

2026-07-31 23:23:51,036 [ERROR] Сбой стиха 343 в файле C:\MyDev\OliverHellwig\sanskrit\dcs\data\conllu\files\Amarakośa\Amarakośa-0001-AKośa, 2-491.conllu: insert or update on table "verses" violates foreign key constraint "verses_chapter_id_fkey"
DETAIL:  Key (chapter_id)=(956418b0-cdaa-405a-91f7-063f52c2283d) is not present in table "chapters".

2026-07-31 23:23:51,038 [ERROR] Сбой стиха 343 в файле C:\MyDev\OliverHellwig\sanskrit\dcs\data\conllu\files\Amarakośa\Amarakośa-0001-AKośa, 2-491.conllu: insert or update on table "verses" violates foreign key constraint "verses_chapter_id_fkey"
DETAIL:  Key (chapter_id)=(956418b0-cdaa-405a-91f7-063f52c2283d) is not present in table "chapters".

2026-07-31 23:23:51,039 [ERROR] Сбой стиха 343 в файле C:\MyDev\OliverHellwig\sanskrit\dcs\data\conllu\files\Amarakośa\Amarakośa-0001-AKośa, 2-491.conllu: insert or update on table "verses" violates foreign key constraint "verses_chapter_id_fkey"
DETAIL:  Key (chapter_id)=(956418b0-cdaa-405a-91f7-063f52c2283d) is not present in table "chapters".

2026-07-31 23:23:51,041 [ERROR] Сбой стиха 343 в файле C:\MyDev\OliverHellwig\sanskrit\dcs\data\conllu\files\Amarakośa\Amarakośa-0001-AKośa, 2-491.conllu: insert or update on table "verses" violates foreign key constraint "verses_chapter_id_fkey"
DETAIL:  Key (chapter_id)=(956418b0-cdaa-405a-91f7-063f52c2283d) is not present in table "chapters".

2026-07-31 23:23:51,042 [ERROR] Сбой стиха 343 в файле C:\MyDev\OliverHellwig\sanskrit\dcs\data\conllu\files\Amarakośa\Amarakośa-0001-AKośa, 2-491.conllu: insert or update on table "verses" violates foreign key constraint "verses_chapter_id_fkey"
DETAIL:  Key (chapter_id)=(956418b0-cdaa-405a-91f7-063f52c2283d) is not present in table "chapters".

2026-07-31 23:23:51,044 [ERROR] Сбой стиха 343 в файле C:\MyDev\OliverHellwig\sanskrit\dcs\data\conllu\files\Amarakośa\Amarakośa-0001-AKośa, 2-491.conllu: insert or update on table "verses" violates foreign key constraint "verses_chapter_id_fkey"
DETAIL:  Key (chapter_id)=(956418b0-cdaa-405a-91f7-063f52c2283d) is not present in table "chapters".

2026-07-31 23:23:51,045 [ERROR] Сбой стиха 343 в файле C:\MyDev\OliverHellwig\sanskrit\dcs\data\conllu\files\Amarakośa\Amarakośa-0001-AKośa, 2-491.conllu: insert or update on table "verses" violates foreign key constraint "verses_chapter_id_fkey"
DETAIL:  Key (chapter_id)=(956418b0-cdaa-405a-91f7-063f52c2283d) is not present in table "chapters".

2026-07-31 23:23:51,048 [ERROR] Сбой стиха 343 в файле C:\MyDev\OliverHellwig\sanskrit\dcs\data\conllu\files\Amarakośa\Amarakośa-0001-AKośa, 2-491.conllu: insert or update on table "verses" violates foreign key constraint "verses_chapter_id_fkey"
DETAIL:  Key (chapter_id)=(956418b0-cdaa-405a-91f7-063f52c2283d) is not present in table "chapters".

2026-07-31 23:23:51,049 [ERROR] Сбой стиха 343 в файле C:\MyDev\OliverHellwig\sanskrit\dcs\data\conllu\files\Amarakośa\Amarakośa-0001-AKośa, 2-491.conllu: insert or update on table "verses" violates foreign key constraint "verses_chapter_id_fkey"
DETAIL:  Key (chapter_id)=(956418b0-cdaa-405a-91f7-063f52c2283d) is not present in table "chapters".

2026-07-31 23:23:51,051 [ERROR] Сбой стиха 343 в файле C:\MyDev\OliverHellwig\sanskrit\dcs\data\conllu\files\Amarakośa\Amarakośa-0001-AKośa, 2-491.conllu: insert or update on table "verses" violates foreign key constraint "verses_chapter_id_fkey"
DETAIL:  Key (chapter_id)=(956418b0-cdaa-405a-91f7-063f52c2283d) is not present in table "chapters".

2026-07-31 23:23:51,052 [ERROR] Сбой стиха 343 в файле C:\MyDev\OliverHellwig\sanskrit\dcs\data\conllu\files\Amarakośa\Amarakośa-0001-AKośa, 2-491.conllu: insert or update on table "verses" violates foreign key constraint "verses_chapter_id_fkey"
DETAIL:  Key (chapter_id)=(956418b0-cdaa-405a-91f7-063f52c2283d) is not present in table "chapters".

2026-07-31 23:23:51,062 [ERROR] Сбой стиха 343 в файле C:\MyDev\OliverHellwig\sanskrit\dcs\data\conllu\files\Amarakośa\Amarakośa-0001-AKośa, 2-491.conllu: insert or update on table "verses" violates foreign key constraint "verses_chapter_id_fkey"
DETAIL:  Key (chapter_id)=(956418b0-cdaa-405a-91f7-063f52c2283d) is not present in table "chapters".

2026-07-31 23:23:51,071 [ERROR] Сбой стиха 343 в файле C:\MyDev\OliverHellwig\sanskrit\dcs\data\conllu\files\Amarakośa\Amarakośa-0001-AKośa, 2-491.conllu: insert or update on table "verses" violates foreign key constraint "verses_chapter_id_fkey"
DETAIL:  Key (chapter_id)=(956418b0-cdaa-405a-91f7-063f52c2283d) is not present in table "chapters".

2026-07-31 23:23:51,075 [ERROR] Сбой стиха 343 в файле C:\MyDev\OliverHellwig\sanskrit\dcs\data\conllu\files\Amarakośa\Amarakośa-0001-AKośa, 2-491.conllu: insert or update on table "verses" violates foreign key constraint "verses_chapter_id_fkey"
DETAIL:  Key (chapter_id)=(956418b0-cdaa-405a-91f7-063f52c2283d) is not present in table "chapters".

2026-07-31 23:23:51,078 [ERROR] Сбой стиха 343 в файле C:\MyDev\OliverHellwig\sanskrit\dcs\data\conllu\files\Amarakośa\Amarakośa-0001-AKośa, 2-491.conllu: insert or update on table "verses" violates foreign key constraint "verses_chapter_id_fkey"
DETAIL:  Key (chapter_id)=(956418b0-cdaa-405a-91f7-063f52c2283d) is not present in table "chapters".

2026-07-31 23:23:51,079 [ERROR] Сбой стиха 343 в файле C:\MyDev\OliverHellwig\sanskrit\dcs\data\conllu\files\Amarakośa\Amarakośa-0001-AKośa, 2-491.conllu: insert or update on table "verses" violates foreign key constraint "verses_chapter_id_fkey"
DETAIL:  Key (chapter_id)=(956418b0-cdaa-405a-91f7-063f52c2283d) is not present in table "chapters".

2026-07-31 23:23:51,081 [ERROR] Сбой стиха 343 в файле C:\MyDev\OliverHellwig\sanskrit\dcs\data\conllu\files\Amarakośa\Amarakośa-0001-AKośa, 2-491.conllu: insert or update on table "verses" violates foreign key constraint "verses_chapter_id_fkey"
DETAIL:  Key (chapter_id)=(956418b0-cdaa-405a-91f7-063f52c2283d) is not present in table "chapters".

2026-07-31 23:23:51,082 [ERROR] Сбой стиха 343 в файле C:\MyDev\OliverHellwig\sanskrit\dcs\data\conllu\files\Amarakośa\Amarakośa-0001-AKośa, 2-491.conllu: insert or update on table "verses" violates foreign key constraint "verses_chapter_id_fkey"
DETAIL:  Key (chapter_id)=(956418b0-cdaa-405a-91f7-063f52c2283d) is not present in table "chapters".

2026-07-31 23:23:51,084 [ERROR] Сбой стиха 343 в файле C:\MyDev\OliverHellwig\sanskrit\dcs\data\conllu\files\Amarakośa\Amarakośa-0001-AKośa, 2-491.conllu: insert or update on table "verses" violates foreign key constraint "verses_chapter_id_fkey"
DETAIL:  Key (chapter_id)=(956418b0-cdaa-405a-91f7-063f52c2283d) is not present in table "chapters".

2026-07-31 23:23:51,085 [ERROR] Сбой стиха 343 в файле C:\MyDev\OliverHellwig\sanskrit\dcs\data\conllu\files\Amarakośa\Amarakośa-0001-AKośa, 2-491.conllu: insert or update on table "verses" violates foreign key constraint "verses_chapter_id_fkey"
DETAIL:  Key (chapter_id)=(956418b0-cdaa-405a-91f7-063f52c2283d) is not present in table "chapters".

2026-07-31 23:23:51,087 [ERROR] Сбой стиха 343 в файле C:\MyDev\OliverHellwig\sanskrit\dcs\data\conllu\files\Amarakośa\Amarakośa-0001-AKośa, 2-491.conllu: insert or update on table "verses" violates foreign key constraint "verses_chapter_id_fkey"
DETAIL:  Key (chapter_id)=(956418b0-cdaa-405a-91f7-063f52c2283d) is not present in table "chapters".

2026-07-31 23:23:51,088 [ERROR] Сбой стиха 343 в файле C:\MyDev\OliverHellwig\sanskrit\dcs\data\conllu\files\Amarakośa\Amarakośa-0001-AKośa, 2-491.conllu: insert or update on table "verses" violates foreign key constraint "verses_chapter_id_fkey"
DETAIL:  Key (chapter_id)=(956418b0-cdaa-405a-91f7-063f52c2283d) is not present in table "chapters".

2026-07-31 23:23:51,089 [ERROR] Сбой стиха 343 в файле C:\MyDev\OliverHellwig\sanskrit\dcs\data\conllu\files\Amarakośa\Amarakośa-0001-AKośa, 2-491.conllu: insert or update on table "verses" violates foreign key constraint "verses_chapter_id_fkey"
DETAIL:  Key (chapter_id)=(956418b0-cdaa-405a-91f7-063f52c2283d) is not present in table "chapters".

2026-07-31 23:23:51,091 [ERROR] Сбой стиха 343 в файле C:\MyDev\OliverHellwig\sanskrit\dcs\data\conllu\files\Amarakośa\Amarakośa-0001-AKośa, 2-491.conllu: insert or update on table "verses" violates foreign key constraint "verses_chapter_id_fkey"
DETAIL:  Key (chapter_id)=(956418b0-cdaa-405a-91f7-063f52c2283d) is not present in table "chapters".

2026-07-31 23:23:51,093 [ERROR] Сбой стиха 343 в файле C:\MyDev\OliverHellwig\sanskrit\dcs\data\conllu\files\Amarakośa\Amarakośa-0001-AKośa, 2-491.conllu: insert or update on table "verses" violates foreign key constraint "verses_chapter_id_fkey"
DETAIL:  Key (chapter_id)=(956418b0-cdaa-405a-91f7-063f52c2283d) is not present in table "chapters".

2026-07-31 23:23:51,095 [ERROR] Сбой стиха 343 в файле C:\MyDev\OliverHellwig\sanskrit\dcs\data\conllu\files\Amarakośa\Amarakośa-0001-AKośa, 2-491.conllu: insert or update on table "verses" violates foreign key constraint "verses_chapter_id_fkey"
DETAIL:  Key (chapter_id)=(956418b0-cdaa-405a-91f7-063f52c2283d) is not present in table "chapters".

2026-07-31 23:23:51,096 [ERROR] Сбой стиха 343 в файле C:\MyDev\OliverHellwig\sanskrit\dcs\data\conllu\files\Amarakośa\Amarakośa-0001-AKośa, 2-491.conllu: insert or update on table "verses" violates foreign key constraint "verses_chapter_id_fkey"
DETAIL:  Key (chapter_id)=(956418b0-cdaa-405a-91f7-063f52c2283d) is not present in table "chapters".

2026-07-31 23:23:51,097 [ERROR] Сбой стиха 343 в файле C:\MyDev\OliverHellwig\sanskrit\dcs\data\conllu\files\Amarakośa\Amarakośa-0001-AKośa, 2-491.conllu: insert or update on table "verses" violates foreign key constraint "verses_chapter_id_fkey"
DETAIL:  Key (chapter_id)=(956418b0-cdaa-405a-91f7-063f52c2283d) is not present in table "chapters".

2026-07-31 23:23:51,099 [ERROR] Сбой стиха 343 в файле C:\MyDev\OliverHellwig\sanskrit\dcs\data\conllu\files\Amarakośa\Amarakośa-0001-AKośa, 2-491.conllu: insert or update on table "verses" violates foreign key constraint "verses_chapter_id_fkey"
DETAIL:  Key (chapter_id)=(956418b0-cdaa-405a-91f7-063f52c2283d) is not present in table "chapters".

2026-07-31 23:23:51,100 [ERROR] Сбой стиха 343 в файле C:\MyDev\OliverHellwig\sanskrit\dcs\data\conllu\files\Amarakośa\Amarakośa-0001-AKośa, 2-491.conllu: insert or update on table "verses" violates foreign key constraint "verses_chapter_id_fkey"
DETAIL:  Key (chapter_id)=(956418b0-cdaa-405a-91f7-063f52c2283d) is not present in table "chapters".

2026-07-31 23:23:51,104 [ERROR] Сбой стиха 343 в файле C:\MyDev\OliverHellwig\sanskrit\dcs\data\conllu\files\Amarakośa\Amarakośa-0001-AKośa, 2-491.conllu: insert or update on table "verses" violates foreign key constraint "verses_chapter_id_fkey"
DETAIL:  Key (chapter_id)=(956418b0-cdaa-405a-91f7-063f52c2283d) is not present in table "chapters".

2026-07-31 23:23:51,105 [ERROR] Сбой стиха 343 в файле C:\MyDev\OliverHellwig\sanskrit\dcs\data\conllu\files\Amarakośa\Amarakośa-0001-AKośa, 2-491.conllu: insert or update on table "verses" violates foreign key constraint "verses_chapter_id_fkey"
DETAIL:  Key (chapter_id)=(956418b0-cdaa-405a-91f7-063f52c2283d) is not present in table "chapters".

2026-07-31 23:23:51,107 [ERROR] Сбой стиха 343 в файле C:\MyDev\OliverHellwig\sanskrit\dcs\data\conllu\files\Amarakośa\Amarakośa-0001-AKośa, 2-491.conllu: insert or update on table "verses" violates foreign key constraint "verses_chapter_id_fkey"
DETAIL:  Key (chapter_id)=(956418b0-cdaa-405a-91f7-063f52c2283d) is not present in table "chapters".

2026-07-31 23:23:51,109 [ERROR] Сбой стиха 343 в файле C:\MyDev\OliverHellwig\sanskrit\dcs\data\conllu\files\Amarakośa\Amarakośa-0001-AKośa, 2-491.conllu: insert or update on table "verses" violates foreign key constraint "verses_chapter_id_fkey"
DETAIL:  Key (chapter_id)=(956418b0-cdaa-405a-91f7-063f52c2283d) is not present in table "chapters".

2026-07-31 23:23:51,111 [ERROR] Сбой стиха 343 в файле C:\MyDev\OliverHellwig\sanskrit\dcs\data\conllu\files\Amarakośa\Amarakośa-0001-AKośa, 2-491.conllu: insert or update on table "verses" violates foreign key constraint "verses_chapter_id_fkey"
DETAIL:  Key (chapter_id)=(956418b0-cdaa-405a-91f7-063f52c2283d) is not present in table "chapters".

2026-07-31 23:23:51,112 [ERROR] Сбой стиха 343 в файле C:\MyDev\OliverHellwig\sanskrit\dcs\data\conllu\files\Amarakośa\Amarakośa-0001-AKośa, 2-491.conllu: insert or update on table "verses" violates foreign key constraint "verses_chapter_id_fkey"
DETAIL:  Key (chapter_id)=(956418b0-cdaa-405a-91f7-063f52c2283d) is not present in table "chapters".

2026-07-31 23:23:51,113 [ERROR] Сбой стиха 343 в файле C:\MyDev\OliverHellwig\sanskrit\dcs\data\conllu\files\Amarakośa\Amarakośa-0001-AKośa, 2-491.conllu: insert or update on table "verses" violates foreign key constraint "verses_chapter_id_fkey"
DETAIL:  Key (chapter_id)=(956418b0-cdaa-405a-91f7-063f52c2283d) is not present in table "chapters".

2026-07-31 23:23:51,115 [ERROR] Сбой стиха 343 в файле C:\MyDev\OliverHellwig\sanskrit\dcs\data\conllu\files\Amarakośa\Amarakośa-0001-AKośa, 2-491.conllu: insert or update on table "verses" violates foreign key constraint "verses_chapter_id_fkey"
DETAIL:  Key (chapter_id)=(956418b0-cdaa-405a-91f7-063f52c2283d) is not present in table "chapters".

2026-07-31 23:23:51,125 [ERROR] Сбой стиха 343 в файле C:\MyDev\OliverHellwig\sanskrit\dcs\data\conllu\files\Amarakośa\Amarakośa-0001-AKośa, 2-491.conllu: insert or update on table "verses" violates foreign key constraint "verses_chapter_id_fkey"
DETAIL:  Key (chapter_id)=(956418b0-cdaa-405a-91f7-063f52c2283d) is not present in table "chapters".

2026-07-31 23:23:51,136 [ERROR] Сбой стиха 343 в файле C:\MyDev\OliverHellwig\sanskrit\dcs\data\conllu\files\Amarakośa\Amarakośa-0001-AKośa, 2-491.conllu: insert or update on table "verses" violates foreign key constraint "verses_chapter_id_fkey"
DETAIL:  Key (chapter_id)=(956418b0-cdaa-405a-91f7-063f52c2283d) is not present in table "chapters".

2026-07-31 23:23:51,137 [ERROR] Сбой стиха 343 в файле C:\MyDev\OliverHellwig\sanskrit\dcs\data\conllu\files\Amarakośa\Amarakośa-0001-AKośa, 2-491.conllu: insert or update on table "verses" violates foreign key constraint "verses_chapter_id_fkey"
DETAIL:  Key (chapter_id)=(956418b0-cdaa-405a-91f7-063f52c2283d) is not present in table "chapters".

2026-07-31 23:23:51,139 [ERROR] Сбой стиха 343 в файле C:\MyDev\OliverHellwig\sanskrit\dcs\data\conllu\files\Amarakośa\Amarakośa-0001-AKośa, 2-491.conllu: insert or update on table "verses" violates foreign key constraint "verses_chapter_id_fkey"
DETAIL:  Key (chapter_id)=(956418b0-cdaa-405a-91f7-063f52c2283d) is not present in table "chapters".

2026-07-31 23:23:51,140 [ERROR] Сбой стиха 343 в файле C:\MyDev\OliverHellwig\sanskrit\dcs\data\conllu\files\Amarakośa\Amarakośa-0001-AKośa, 2-491.conllu: insert or update on table "verses" violates foreign key constraint "verses_chapter_id_fkey"
DETAIL:  Key (chapter_id)=(956418b0-cdaa-405a-91f7-063f52c2283d) is not present in table "chapters".

2026-07-31 23:23:51,142 [ERROR] Сбой стиха 343 в файле C:\MyDev\OliverHellwig\sanskrit\dcs\data\conllu\files\Amarakośa\Amarakośa-0001-AKośa, 2-491.conllu: insert or update on table "verses" violates foreign key constraint "verses_chapter_id_fkey"
DETAIL:  Key (chapter_id)=(956418b0-cdaa-405a-91f7-063f52c2283d) is not present in table "chapters".

2026-07-31 23:23:51,143 [ERROR] Сбой стиха 343 в файле C:\MyDev\OliverHellwig\sanskrit\dcs\data\conllu\files\Amarakośa\Amarakośa-0001-AKośa, 2-491.conllu: insert or update on table "verses" violates foreign key constraint "verses_chapter_id_fkey"
DETAIL:  Key (chapter_id)=(956418b0-cdaa-405a-91f7-063f52c2283d) is not present in table "chapters".

2026-07-31 23:23:51,145 [ERROR] Сбой стиха 343 в файле C:\MyDev\OliverHellwig\sanskrit\dcs\data\conllu\files\Amarakośa\Amarakośa-0001-AKośa, 2-491.conllu: insert or update on table "verses" violates foreign key constraint "verses_chapter_id_fkey"
DETAIL:  Key (chapter_id)=(956418b0-cdaa-405a-91f7-063f52c2283d) is not present in table "chapters".

2026-07-31 23:23:51,146 [ERROR] Сбой стиха 343 в файле C:\MyDev\OliverHellwig\sanskrit\dcs\data\conllu\files\Amarakośa\Amarakośa-0001-AKośa, 2-491.conllu: insert or update on table "verses" violates foreign key constraint "verses_chapter_id_fkey"
DETAIL:  Key (chapter_id)=(956418b0-cdaa-405a-91f7-063f52c2283d) is not present in table "chapters".

2026-07-31 23:23:51,147 [ERROR] Сбой стиха 343 в файле C:\MyDev\OliverHellwig\sanskrit\dcs\data\conllu\files\Amarakośa\Amarakośa-0001-AKośa, 2-491.conllu: insert or update on table "verses" violates foreign key constraint "verses_chapter_id_fkey"
DETAIL:  Key (chapter_id)=(956418b0-cdaa-405a-91f7-063f52c2283d) is not present in table "chapters".

2026-07-31 23:23:51,149 [ERROR] Сбой стиха 343 в файле C:\MyDev\OliverHellwig\sanskrit\dcs\data\conllu\files\Amarakośa\Amarakośa-0001-AKośa, 2-491.conllu: insert or update on table "verses" violates foreign key constraint "verses_chapter_id_fkey"
DETAIL:  Key (chapter_id)=(956418b0-cdaa-405a-91f7-063f52c2283d) is not present in table "chapters".

2026-07-31 23:23:51,151 [ERROR] Сбой стиха 343 в файле C:\MyDev\OliverHellwig\sanskrit\dcs\data\conllu\files\Amarakośa\Amarakośa-0001-AKośa, 2-491.conllu: insert or update on table "verses" violates foreign key constraint "verses_chapter_id_fkey"
DETAIL:  Key (chapter_id)=(956418b0-cdaa-405a-91f7-063f52c2283d) is not present in table "chapters".

2026-07-31 23:23:51,153 [ERROR] Сбой стиха 343 в файле C:\MyDev\OliverHellwig\sanskrit\dcs\data\conllu\files\Amarakośa\Amarakośa-0001-AKośa, 2-491.conllu: insert or update on table "verses" violates foreign key constraint "verses_chapter_id_fkey"
DETAIL:  Key (chapter_id)=(956418b0-cdaa-405a-91f7-063f52c2283d) is not present in table "chapters".

2026-07-31 23:23:51,155 [ERROR] Сбой стиха 343 в файле C:\MyDev\OliverHellwig\sanskrit\dcs\data\conllu\files\Amarakośa\Amarakośa-0001-AKośa, 2-491.conllu: insert or update on table "verses" violates foreign key constraint "verses_chapter_id_fkey"
DETAIL:  Key (chapter_id)=(956418b0-cdaa-405a-91f7-063f52c2283d) is not present in table "chapters".

2026-07-31 23:23:51,156 [ERROR] Сбой стиха 343 в файле C:\MyDev\OliverHellwig\sanskrit\dcs\data\conllu\files\Amarakośa\Amarakośa-0001-AKośa, 2-491.conllu: insert or update on table "verses" violates foreign key constraint "verses_chapter_id_fkey"
DETAIL:  Key (chapter_id)=(956418b0-cdaa-405a-91f7-063f52c2283d) is not present in table "chapters".

2026-07-31 23:23:51,158 [ERROR] Сбой стиха 343 в файле C:\MyDev\OliverHellwig\sanskrit\dcs\data\conllu\files\Amarakośa\Amarakośa-0001-AKośa, 2-491.conllu: insert or update on table "verses" violates foreign key constraint "verses_chapter_id_fkey"
DETAIL:  Key (chapter_id)=(956418b0-cdaa-405a-91f7-063f52c2283d) is not present in table "chapters".

2026-07-31 23:23:51,159 [ERROR] Сбой стиха 343 в файле C:\MyDev\OliverHellwig\sanskrit\dcs\data\conllu\files\Amarakośa\Amarakośa-0001-AKośa, 2-491.conllu: insert or update on table "verses" violates foreign key constraint "verses_chapter_id_fkey"
DETAIL:  Key (chapter_id)=(956418b0-cdaa-405a-91f7-063f52c2283d) is not present in table "chapters".

2026-07-31 23:23:51,160 [ERROR] Сбой стиха 343 в файле C:\MyDev\OliverHellwig\sanskrit\dcs\data\conllu\files\Amarakośa\Amarakośa-0001-AKośa, 2-491.conllu: insert or update on table "verses" violates foreign key constraint "verses_chapter_id_fkey"
DETAIL:  Key (chapter_id)=(956418b0-cdaa-405a-91f7-063f52c2283d) is not present in table "chapters".

2026-07-31 23:23:51,162 [ERROR] Сбой стиха 343 в файле C:\MyDev\OliverHellwig\sanskrit\dcs\data\conllu\files\Amarakośa\Amarakośa-0001-AKośa, 2-491.conllu: insert or update on table "verses" violates foreign key constraint "verses_chapter_id_fkey"
DETAIL:  Key (chapter_id)=(956418b0-cdaa-405a-91f7-063f52c2283d) is not present in table "chapters".

2026-07-31 23:23:51,163 [ERROR] Сбой стиха 343 в файле C:\MyDev\OliverHellwig\sanskrit\dcs\data\conllu\files\Amarakośa\Amarakośa-0001-AKośa, 2-491.conllu: insert or update on table "verses" violates foreign key constraint "verses_chapter_id_fkey"
DETAIL:  Key (chapter_id)=(956418b0-cdaa-405a-91f7-063f52c2283d) is not present in table "chapters".

2026-07-31 23:23:51,165 [ERROR] Сбой стиха 343 в файле C:\MyDev\OliverHellwig\sanskrit\dcs\data\conllu\files\Amarakośa\Amarakośa-0001-AKośa, 2-491.conllu: insert or update on table "verses" violates foreign key constraint "verses_chapter_id_fkey"
DETAIL:  Key (chapter_id)=(956418b0-cdaa-405a-91f7-063f52c2283d) is not present in table "chapters".

2026-07-31 23:23:51,166 [ERROR] Сбой стиха 343 в файле C:\MyDev\OliverHellwig\sanskrit\dcs\data\conllu\files\Amarakośa\Amarakośa-0001-AKośa, 2-491.conllu: insert or update on table "verses" violates foreign key constraint "verses_chapter_id_fkey"
DETAIL:  Key (chapter_id)=(956418b0-cdaa-405a-91f7-063f52c2283d) is not present in table "chapters".

2026-07-31 23:23:51,169 [ERROR] Сбой стиха 343 в файле C:\MyDev\OliverHellwig\sanskrit\dcs\data\conllu\files\Amarakośa\Amarakośa-0001-AKośa, 2-491.conllu: insert or update on table "verses" violates foreign key constraint "verses_chapter_id_fkey"
DETAIL:  Key (chapter_id)=(956418b0-cdaa-405a-91f7-063f52c2283d) is not present in table "chapters".

2026-07-31 23:23:51,170 [ERROR] Сбой стиха 343 в файле C:\MyDev\OliverHellwig\sanskrit\dcs\data\conllu\files\Amarakośa\Amarakośa-0001-AKośa, 2-491.conllu: insert or update on table "verses" violates foreign key constraint "verses_chapter_id_fkey"
DETAIL:  Key (chapter_id)=(956418b0-cdaa-405a-91f7-063f52c2283d) is not present in table "chapters".

2026-07-31 23:23:51,172 [ERROR] Сбой стиха 343 в файле C:\MyDev\OliverHellwig\sanskrit\dcs\data\conllu\files\Amarakośa\Amarakośa-0001-AKośa, 2-491.conllu: insert or update on table "verses" violates foreign key constraint "verses_chapter_id_fkey"
DETAIL:  Key (chapter_id)=(956418b0-cdaa-405a-91f7-063f52c2283d) is not present in table "chapters".

2026-07-31 23:23:51,173 [ERROR] Сбой стиха 343 в файле C:\MyDev\OliverHellwig\sanskrit\dcs\data\conllu\files\Amarakośa\Amarakośa-0001-AKośa, 2-491.conllu: insert or update on table "verses" violates foreign key constraint "verses_chapter_id_fkey"
DETAIL:  Key (chapter_id)=(956418b0-cdaa-405a-91f7-063f52c2283d) is not present in table "chapters".

2026-07-31 23:23:51,174 [ERROR] Сбой стиха 343 в файле C:\MyDev\OliverHellwig\sanskrit\dcs\data\conllu\files\Amarakośa\Amarakośa-0001-AKośa, 2-491.conllu: insert or update on table "verses" violates foreign key constraint "verses_chapter_id_fkey"
DETAIL:  Key (chapter_id)=(956418b0-cdaa-405a-91f7-063f52c2283d) is not present in table "chapters".

2026-07-31 23:23:51,176 [ERROR] Сбой стиха 343 в файле C:\MyDev\OliverHellwig\sanskrit\dcs\data\conllu\files\Amarakośa\Amarakośa-0001-AKośa, 2-491.conllu: insert or update on table "verses" violates foreign key constraint "verses_chapter_id_fkey"
DETAIL:  Key (chapter_id)=(956418b0-cdaa-405a-91f7-063f52c2283d) is not present in table "chapters".

2026-07-31 23:23:51,185 [ERROR] Сбой стиха 343 в файле C:\MyDev\OliverHellwig\sanskrit\dcs\data\conllu\files\Amarakośa\Amarakośa-0001-AKośa, 2-491.conllu: insert or update on table "verses" violates foreign key constraint "verses_chapter_id_fkey"
DETAIL:  Key (chapter_id)=(956418b0-cdaa-405a-91f7-063f52c2283d) is not present in table "chapters".

2026-07-31 23:23:51,194 [ERROR] Сбой стиха 343 в файле C:\MyDev\OliverHellwig\sanskrit\dcs\data\conllu\files\Amarakośa\Amarakośa-0001-AKośa, 2-491.conllu: insert or update on table "verses" violates foreign key constraint "verses_chapter_id_fkey"
DETAIL:  Key (chapter_id)=(956418b0-cdaa-405a-91f7-063f52c2283d) is not present in table "chapters".

2026-07-31 23:23:51,198 [ERROR] Сбой стиха 343 в файле C:\MyDev\OliverHellwig\sanskrit\dcs\data\conllu\files\Amarakośa\Amarakośa-0001-AKośa, 2-491.conllu: insert or update on table "verses" violates foreign key constraint "verses_chapter_id_fkey"
DETAIL:  Key (chapter_id)=(956418b0-cdaa-405a-91f7-063f52c2283d) is not present in table "chapters".

2026-07-31 23:23:51,200 [ERROR] Сбой стиха 343 в файле C:\MyDev\OliverHellwig\sanskrit\dcs\data\conllu\files\Amarakośa\Amarakośa-0001-AKośa, 2-491.conllu: insert or update on table "verses" violates foreign key constraint "verses_chapter_id_fkey"
DETAIL:  Key (chapter_id)=(956418b0-cdaa-405a-91f7-063f52c2283d) is not present in table "chapters".

2026-07-31 23:23:51,201 [ERROR] Сбой стиха 343 в файле C:\MyDev\OliverHellwig\sanskrit\dcs\data\conllu\files\Amarakośa\Amarakośa-0001-AKośa, 2-491.conllu: insert or update on table "verses" violates foreign key constraint "verses_chapter_id_fkey"
DETAIL:  Key (chapter_id)=(956418b0-cdaa-405a-91f7-063f52c2283d) is not present in table "chapters".

2026-07-31 23:23:51,203 [ERROR] Сбой стиха 343 в файле C:\MyDev\OliverHellwig\sanskrit\dcs\data\conllu\files\Amarakośa\Amarakośa-0001-AKośa, 2-491.conllu: insert or update on table "verses" violates foreign key constraint "verses_chapter_id_fkey"
DETAIL:  Key (chapter_id)=(956418b0-cdaa-405a-91f7-063f52c2283d) is not present in table "chapters".

2026-07-31 23:23:51,204 [ERROR] Сбой стиха 343 в файле C:\MyDev\OliverHellwig\sanskrit\dcs\data\conllu\files\Amarakośa\Amarakośa-0001-AKośa, 2-491.conllu: insert or update on table "verses" violates foreign key constraint "verses_chapter_id_fkey"
DETAIL:  Key (chapter_id)=(956418b0-cdaa-405a-91f7-063f52c2283d) is not present in table "chapters".

2026-07-31 23:23:51,205 [ERROR] Сбой стиха 343 в файле C:\MyDev\OliverHellwig\sanskrit\dcs\data\conllu\files\Amarakośa\Amarakośa-0001-AKośa, 2-491.conllu: insert or update on table "verses" violates foreign key constraint "verses_chapter_id_fkey"
DETAIL:  Key (chapter_id)=(956418b0-cdaa-405a-91f7-063f52c2283d) is not present in table "chapters".

2026-07-31 23:23:51,207 [ERROR] Сбой стиха 343 в файле C:\MyDev\OliverHellwig\sanskrit\dcs\data\conllu\files\Amarakośa\Amarakośa-0001-AKośa, 2-491.conllu: insert or update on table "verses" violates foreign key constraint "verses_chapter_id_fkey"
DETAIL:  Key (chapter_id)=(956418b0-cdaa-405a-91f7-063f52c2283d) is not present in table "chapters".

2026-07-31 23:23:51,208 [ERROR] Сбой стиха 343 в файле C:\MyDev\OliverHellwig\sanskrit\dcs\data\conllu\files\Amarakośa\Amarakośa-0001-AKośa, 2-491.conllu: insert or update on table "verses" violates foreign key constraint "verses_chapter_id_fkey"
DETAIL:  Key (chapter_id)=(956418b0-cdaa-405a-91f7-063f52c2283d) is not present in table "chapters".

2026-07-31 23:23:51,209 [ERROR] Сбой стиха 343 в файле C:\MyDev\OliverHellwig\sanskrit\dcs\data\conllu\files\Amarakośa\Amarakośa-0001-AKośa, 2-491.conllu: insert or update on table "verses" violates foreign key constraint "verses_chapter_id_fkey"
DETAIL:  Key (chapter_id)=(956418b0-cdaa-405a-91f7-063f52c2283d) is not present in table "chapters".

2026-07-31 23:23:51,211 [ERROR] Сбой стиха 343 в файле C:\MyDev\OliverHellwig\sanskrit\dcs\data\conllu\files\Amarakośa\Amarakośa-0001-AKośa, 2-491.conllu: insert or update on table "verses" violates foreign key constraint "verses_chapter_id_fkey"
DETAIL:  Key (chapter_id)=(956418b0-cdaa-405a-91f7-063f52c2283d) is not present in table "chapters".

2026-07-31 23:23:51,214 [ERROR] Сбой стиха 343 в файле C:\MyDev\OliverHellwig\sanskrit\dcs\data\conllu\files\Amarakośa\Amarakośa-0001-AKośa, 2-491.conllu: insert or update on table "verses" violates foreign key constraint "verses_chapter_id_fkey"
DETAIL:  Key (chapter_id)=(956418b0-cdaa-405a-91f7-063f52c2283d) is not present in table "chapters".

2026-07-31 23:23:51,216 [ERROR] Сбой стиха 343 в файле C:\MyDev\OliverHellwig\sanskrit\dcs\data\conllu\files\Amarakośa\Amarakośa-0001-AKośa, 2-491.conllu: insert or update on table "verses" violates foreign key constraint "verses_chapter_id_fkey"
DETAIL:  Key (chapter_id)=(956418b0-cdaa-405a-91f7-063f52c2283d) is not present in table "chapters".

2026-07-31 23:23:51,217 [ERROR] Сбой стиха 343 в файле C:\MyDev\OliverHellwig\sanskrit\dcs\data\conllu\files\Amarakośa\Amarakośa-0001-AKośa, 2-491.conllu: insert or update on table "verses" violates foreign key constraint "verses_chapter_id_fkey"
DETAIL:  Key (chapter_id)=(956418b0-cdaa-405a-91f7-063f52c2283d) is not present in table "chapters".

2026-07-31 23:23:51,218 [ERROR] Сбой стиха 343 в файле C:\MyDev\OliverHellwig\sanskrit\dcs\data\conllu\files\Amarakośa\Amarakośa-0001-AKośa, 2-491.conllu: insert or update on table "verses" violates foreign key constraint "verses_chapter_id_fkey"
DETAIL:  Key (chapter_id)=(956418b0-cdaa-405a-91f7-063f52c2283d) is not present in table "chapters".

2026-07-31 23:23:51,220 [ERROR] Сбой стиха 343 в файле C:\MyDev\OliverHellwig\sanskrit\dcs\data\conllu\files\Amarakośa\Amarakośa-0001-AKośa, 2-491.conllu: insert or update on table "verses" violates foreign key constraint "verses_chapter_id_fkey"
DETAIL:  Key (chapter_id)=(956418b0-cdaa-405a-91f7-063f52c2283d) is not present in table "chapters".

2026-07-31 23:23:51,221 [ERROR] Сбой стиха 343 в файле C:\MyDev\OliverHellwig\sanskrit\dcs\data\conllu\files\Amarakośa\Amarakośa-0001-AKośa, 2-491.conllu: insert or update on table "verses" violates foreign key constraint "verses_chapter_id_fkey"
DETAIL:  Key (chapter_id)=(956418b0-cdaa-405a-91f7-063f52c2283d) is not present in table "chapters".

2026-07-31 23:23:51,222 [ERROR] Сбой стиха 343 в файле C:\MyDev\OliverHellwig\sanskrit\dcs\data\conllu\files\Amarakośa\Amarakośa-0001-AKośa, 2-491.conllu: insert or update on table "verses" violates foreign key constraint "verses_chapter_id_fkey"
DETAIL:  Key (chapter_id)=(956418b0-cdaa-405a-91f7-063f52c2283d) is not present in table "chapters".

2026-07-31 23:23:51,224 [ERROR] Сбой стиха 343 в файле C:\MyDev\OliverHellwig\sanskrit\dcs\data\conllu\files\Amarakośa\Amarakośa-0001-AKośa, 2-491.conllu: insert or update on table "verses" violates foreign key constraint "verses_chapter_id_fkey"
DETAIL:  Key (chapter_id)=(956418b0-cdaa-405a-91f7-063f52c2283d) is not present in table "chapters".

2026-07-31 23:23:51,225 [ERROR] Сбой стиха 343 в файле C:\MyDev\OliverHellwig\sanskrit\dcs\data\conllu\files\Amarakośa\Amarakośa-0001-AKośa, 2-491.conllu: insert or update on table "verses" violates foreign key constraint "verses_chapter_id_fkey"
DETAIL:  Key (chapter_id)=(956418b0-cdaa-405a-91f7-063f52c2283d) is not present in table "chapters".

2026-07-31 23:23:51,227 [ERROR] Сбой стиха 343 в файле C:\MyDev\OliverHellwig\sanskrit\dcs\data\conllu\files\Amarakośa\Amarakośa-0001-AKośa, 2-491.conllu: insert or update on table "verses" violates foreign key constraint "verses_chapter_id_fkey"
DETAIL:  Key (chapter_id)=(956418b0-cdaa-405a-91f7-063f52c2283d) is not present in table "chapters".

2026-07-31 23:23:51,229 [ERROR] Сбой стиха 343 в файле C:\MyDev\OliverHellwig\sanskrit\dcs\data\conllu\files\Amarakośa\Amarakośa-0001-AKośa, 2-491.conllu: insert or update on table "verses" violates foreign key constraint "verses_chapter_id_fkey"
DETAIL:  Key (chapter_id)=(956418b0-cdaa-405a-91f7-063f52c2283d) is not present in table "chapters".

2026-07-31 23:23:51,230 [ERROR] Сбой стиха 343 в файле C:\MyDev\OliverHellwig\sanskrit\dcs\data\conllu\files\Amarakośa\Amarakośa-0001-AKośa, 2-491.conllu: insert or update on table "verses" violates foreign key constraint "verses_chapter_id_fkey"
DETAIL:  Key (chapter_id)=(956418b0-cdaa-405a-91f7-063f52c2283d) is not present in table "chapters".

2026-07-31 23:23:51,232 [ERROR] Сбой стиха 343 в файле C:\MyDev\OliverHellwig\sanskrit\dcs\data\conllu\files\Amarakośa\Amarakośa-0001-AKośa, 2-491.conllu: insert or update on table "verses" violates foreign key constraint "verses_chapter_id_fkey"
DETAIL:  Key (chapter_id)=(956418b0-cdaa-405a-91f7-063f52c2283d) is not present in table "chapters".

2026-07-31 23:23:51,233 [ERROR] Сбой стиха 343 в файле C:\MyDev\OliverHellwig\sanskrit\dcs\data\conllu\files\Amarakośa\Amarakośa-0001-AKośa, 2-491.conllu: insert or update on table "verses" violates foreign key constraint "verses_chapter_id_fkey"
DETAIL:  Key (chapter_id)=(956418b0-cdaa-405a-91f7-063f52c2283d) is not present in table "chapters".

2026-07-31 23:23:51,234 [ERROR] Сбой стиха 343 в файле C:\MyDev\OliverHellwig\sanskrit\dcs\data\conllu\files\Amarakośa\Amarakośa-0001-AKośa, 2-491.conllu: insert or update on table "verses" violates foreign key constraint "verses_chapter_id_fkey"
DETAIL:  Key (chapter_id)=(956418b0-cdaa-405a-91f7-063f52c2283d) is not present in table "chapters".

2026-07-31 23:23:51,236 [ERROR] Сбой стиха 343 в файле C:\MyDev\OliverHellwig\sanskrit\dcs\data\conllu\files\Amarakośa\Amarakośa-0001-AKośa, 2-491.conllu: insert or update on table "verses" violates foreign key constraint "verses_chapter_id_fkey"
DETAIL:  Key (chapter_id)=(956418b0-cdaa-405a-91f7-063f52c2283d) is not present in table "chapters".

2026-07-31 23:23:51,237 [ERROR] Сбой стиха 343 в файле C:\MyDev\OliverHellwig\sanskrit\dcs\data\conllu\files\Amarakośa\Amarakośa-0001-AKośa, 2-491.conllu: insert or update on table "verses" violates foreign key constraint "verses_chapter_id_fkey"
DETAIL:  Key (chapter_id)=(956418b0-cdaa-405a-91f7-063f52c2283d) is not present in table "chapters".

2026-07-31 23:23:51,240 [ERROR] Сбой стиха 343 в файле C:\MyDev\OliverHellwig\sanskrit\dcs\data\conllu\files\Amarakośa\Amarakośa-0001-AKośa, 2-491.conllu: insert or update on table "verses" violates foreign key constraint "verses_chapter_id_fkey"
DETAIL:  Key (chapter_id)=(956418b0-cdaa-405a-91f7-063f52c2283d) is not present in table "chapters".

2026-07-31 23:23:51,249 [ERROR] Сбой стиха 343 в файле C:\MyDev\OliverHellwig\sanskrit\dcs\data\conllu\files\Amarakośa\Amarakośa-0001-AKośa, 2-491.conllu: insert or update on table "verses" violates foreign key constraint "verses_chapter_id_fkey"
DETAIL:  Key (chapter_id)=(956418b0-cdaa-405a-91f7-063f52c2283d) is not present in table "chapters".

2026-07-31 23:23:51,261 [ERROR] Сбой стиха 343 в файле C:\MyDev\OliverHellwig\sanskrit\dcs\data\conllu\files\Amarakośa\Amarakośa-0001-AKośa, 2-491.conllu: insert or update on table "verses" violates foreign key constraint "verses_chapter_id_fkey"
DETAIL:  Key (chapter_id)=(956418b0-cdaa-405a-91f7-063f52c2283d) is not present in table "chapters".

2026-07-31 23:23:51,262 [ERROR] Сбой стиха 343 в файле C:\MyDev\OliverHellwig\sanskrit\dcs\data\conllu\files\Amarakośa\Amarakośa-0001-AKośa, 2-491.conllu: insert or update on table "verses" violates foreign key constraint "verses_chapter_id_fkey"
DETAIL:  Key (chapter_id)=(956418b0-cdaa-405a-91f7-063f52c2283d) is not present in table "chapters".

2026-07-31 23:23:51,263 [ERROR] Сбой стиха 343 в файле C:\MyDev\OliverHellwig\sanskrit\dcs\data\conllu\files\Amarakośa\Amarakośa-0001-AKośa, 2-491.conllu: insert or update on table "verses" violates foreign key constraint "verses_chapter_id_fkey"
DETAIL:  Key (chapter_id)=(956418b0-cdaa-405a-91f7-063f52c2283d) is not present in table "chapters".

2026-07-31 23:23:51,265 [ERROR] Сбой стиха 343 в файле C:\MyDev\OliverHellwig\sanskrit\dcs\data\conllu\files\Amarakośa\Amarakośa-0001-AKośa, 2-491.conllu: insert or update on table "verses" violates foreign key constraint "verses_chapter_id_fkey"
DETAIL:  Key (chapter_id)=(956418b0-cdaa-405a-91f7-063f52c2283d) is not present in table "chapters".

2026-07-31 23:23:51,266 [ERROR] Сбой стиха 343 в файле C:\MyDev\OliverHellwig\sanskrit\dcs\data\conllu\files\Amarakośa\Amarakośa-0001-AKośa, 2-491.conllu: insert or update on table "verses" violates foreign key constraint "verses_chapter_id_fkey"
DETAIL:  Key (chapter_id)=(956418b0-cdaa-405a-91f7-063f52c2283d) is not present in table "chapters".

2026-07-31 23:23:51,267 [ERROR] Сбой стиха 343 в файле C:\MyDev\OliverHellwig\sanskrit\dcs\data\conllu\files\Amarakośa\Amarakośa-0001-AKośa, 2-491.conllu: insert or update on table "verses" violates foreign key constraint "verses_chapter_id_fkey"
DETAIL:  Key (chapter_id)=(956418b0-cdaa-405a-91f7-063f52c2283d) is not present in table "chapters".

2026-07-31 23:23:51,269 [ERROR] Сбой стиха 343 в файле C:\MyDev\OliverHellwig\sanskrit\dcs\data\conllu\files\Amarakośa\Amarakośa-0001-AKośa, 2-491.conllu: insert or update on table "verses" violates foreign key constraint "verses_chapter_id_fkey"
DETAIL:  Key (chapter_id)=(956418b0-cdaa-405a-91f7-063f52c2283d) is not present in table "chapters".

2026-07-31 23:23:51,270 [ERROR] Сбой стиха 343 в файле C:\MyDev\OliverHellwig\sanskrit\dcs\data\conllu\files\Amarakośa\Amarakośa-0001-AKośa, 2-491.conllu: insert or update on table "verses" violates foreign key constraint "verses_chapter_id_fkey"
DETAIL:  Key (chapter_id)=(956418b0-cdaa-405a-91f7-063f52c2283d) is not present in table "chapters".

2026-07-31 23:23:51,271 [ERROR] Сбой стиха 343 в файле C:\MyDev\OliverHellwig\sanskrit\dcs\data\conllu\files\Amarakośa\Amarakośa-0001-AKośa, 2-491.conllu: insert or update on table "verses" violates foreign key constraint "verses_chapter_id_fkey"
DETAIL:  Key (chapter_id)=(956418b0-cdaa-405a-91f7-063f52c2283d) is not present in table "chapters".

2026-07-31 23:23:51,273 [ERROR] Сбой стиха 343 в файле C:\MyDev\OliverHellwig\sanskrit\dcs\data\conllu\files\Amarakośa\Amarakośa-0001-AKośa, 2-491.conllu: insert or update on table "verses" violates foreign key constraint "verses_chapter_id_fkey"
DETAIL:  Key (chapter_id)=(956418b0-cdaa-405a-91f7-063f52c2283d) is not present in table "chapters".

2026-07-31 23:23:51,274 [ERROR] Сбой стиха 343 в файле C:\MyDev\OliverHellwig\sanskrit\dcs\data\conllu\files\Amarakośa\Amarakośa-0001-AKośa, 2-491.conllu: insert or update on table "verses" violates foreign key constraint "verses_chapter_id_fkey"
DETAIL:  Key (chapter_id)=(956418b0-cdaa-405a-91f7-063f52c2283d) is not present in table "chapters".

2026-07-31 23:23:51,277 [ERROR] Сбой стиха 343 в файле C:\MyDev\OliverHellwig\sanskrit\dcs\data\conllu\files\Amarakośa\Amarakośa-0001-AKośa, 2-491.conllu: insert or update on table "verses" violates foreign key constraint "verses_chapter_id_fkey"
DETAIL:  Key (chapter_id)=(956418b0-cdaa-405a-91f7-063f52c2283d) is not present in table "chapters".

2026-07-31 23:23:51,280 [ERROR] Сбой стиха 343 в файле C:\MyDev\OliverHellwig\sanskrit\dcs\data\conllu\files\Amarakośa\Amarakośa-0001-AKośa, 2-491.conllu: insert or update on table "verses" violates foreign key constraint "verses_chapter_id_fkey"
DETAIL:  Key (chapter_id)=(956418b0-cdaa-405a-91f7-063f52c2283d) is not present in table "chapters".

2026-07-31 23:23:51,281 [ERROR] Сбой стиха 343 в файле C:\MyDev\OliverHellwig\sanskrit\dcs\data\conllu\files\Amarakośa\Amarakośa-0001-AKośa, 2-491.conllu: insert or update on table "verses" violates foreign key constraint "verses_chapter_id_fkey"
DETAIL:  Key (chapter_id)=(956418b0-cdaa-405a-91f7-063f52c2283d) is not present in table "chapters".

2026-07-31 23:23:51,282 [ERROR] Сбой стиха 343 в файле C:\MyDev\OliverHellwig\sanskrit\dcs\data\conllu\files\Amarakośa\Amarakośa-0001-AKośa, 2-491.conllu: insert or update on table "verses" violates foreign key constraint "verses_chapter_id_fkey"
DETAIL:  Key (chapter_id)=(956418b0-cdaa-405a-91f7-063f52c2283d) is not present in table "chapters".

2026-07-31 23:23:51,284 [ERROR] Сбой стиха 343 в файле C:\MyDev\OliverHellwig\sanskrit\dcs\data\conllu\files\Amarakośa\Amarakośa-0001-AKośa, 2-491.conllu: insert or update on table "verses" violates foreign key constraint "verses_chapter_id_fkey"
DETAIL:  Key (chapter_id)=(956418b0-cdaa-405a-91f7-063f52c2283d) is not present in table "chapters".

2026-07-31 23:23:51,286 [ERROR] Сбой стиха 343 в файле C:\MyDev\OliverHellwig\sanskrit\dcs\data\conllu\files\Amarakośa\Amarakośa-0001-AKośa, 2-491.conllu: insert or update on table "verses" violates foreign key constraint "verses_chapter_id_fkey"
DETAIL:  Key (chapter_id)=(956418b0-cdaa-405a-91f7-063f52c2283d) is not present in table "chapters".

2026-07-31 23:23:51,287 [ERROR] Сбой стиха 343 в файле C:\MyDev\OliverHellwig\sanskrit\dcs\data\conllu\files\Amarakośa\Amarakośa-0001-AKośa, 2-491.conllu: insert or update on table "verses" violates foreign key constraint "verses_chapter_id_fkey"
DETAIL:  Key (chapter_id)=(956418b0-cdaa-405a-91f7-063f52c2283d) is not present in table "chapters".

2026-07-31 23:23:51,289 [ERROR] Сбой стиха 343 в файле C:\MyDev\OliverHellwig\sanskrit\dcs\data\conllu\files\Amarakośa\Amarakośa-0001-AKośa, 2-491.conllu: insert or update on table "verses" violates foreign key constraint "verses_chapter_id_fkey"
DETAIL:  Key (chapter_id)=(956418b0-cdaa-405a-91f7-063f52c2283d) is not present in table "chapters".

2026-07-31 23:23:51,290 [ERROR] Сбой стиха 343 в файле C:\MyDev\OliverHellwig\sanskrit\dcs\data\conllu\files\Amarakośa\Amarakośa-0001-AKośa, 2-491.conllu: insert or update on table "verses" violates foreign key constraint "verses_chapter_id_fkey"
DETAIL:  Key (chapter_id)=(956418b0-cdaa-405a-91f7-063f52c2283d) is not present in table "chapters".

2026-07-31 23:23:51,292 [ERROR] Сбой стиха 343 в файле C:\MyDev\OliverHellwig\sanskrit\dcs\data\conllu\files\Amarakośa\Amarakośa-0001-AKośa, 2-491.conllu: insert or update on table "verses" violates foreign key constraint "verses_chapter_id_fkey"
DETAIL:  Key (chapter_id)=(956418b0-cdaa-405a-91f7-063f52c2283d) is not present in table "chapters".

2026-07-31 23:23:51,294 [ERROR] Сбой стиха 343 в файле C:\MyDev\OliverHellwig\sanskrit\dcs\data\conllu\files\Amarakośa\Amarakośa-0001-AKośa, 2-491.conllu: insert or update on table "verses" violates foreign key constraint "verses_chapter_id_fkey"
DETAIL:  Key (chapter_id)=(956418b0-cdaa-405a-91f7-063f52c2283d) is not present in table "chapters".

2026-07-31 23:23:51,295 [ERROR] Сбой стиха 343 в файле C:\MyDev\OliverHellwig\sanskrit\dcs\data\conllu\files\Amarakośa\Amarakośa-0001-AKośa, 2-491.conllu: insert or update on table "verses" violates foreign key constraint "verses_chapter_id_fkey"
DETAIL:  Key (chapter_id)=(956418b0-cdaa-405a-91f7-063f52c2283d) is not present in table "chapters".

2026-07-31 23:23:51,296 [ERROR] Сбой стиха 343 в файле C:\MyDev\OliverHellwig\sanskrit\dcs\data\conllu\files\Amarakośa\Amarakośa-0001-AKośa, 2-491.conllu: insert or update on table "verses" violates foreign key constraint "verses_chapter_id_fkey"
DETAIL:  Key (chapter_id)=(956418b0-cdaa-405a-91f7-063f52c2283d) is not present in table "chapters".

2026-07-31 23:23:51,298 [ERROR] Сбой стиха 343 в файле C:\MyDev\OliverHellwig\sanskrit\dcs\data\conllu\files\Amarakośa\Amarakośa-0001-AKośa, 2-491.conllu: insert or update on table "verses" violates foreign key constraint "verses_chapter_id_fkey"
DETAIL:  Key (chapter_id)=(956418b0-cdaa-405a-91f7-063f52c2283d) is not present in table "chapters".

2026-07-31 23:23:51,299 [ERROR] Сбой стиха 343 в файле C:\MyDev\OliverHellwig\sanskrit\dcs\data\conllu\files\Amarakośa\Amarakośa-0001-AKośa, 2-491.conllu: insert or update on table "verses" violates foreign key constraint "verses_chapter_id_fkey"
DETAIL:  Key (chapter_id)=(956418b0-cdaa-405a-91f7-063f52c2283d) is not present in table "chapters".

2026-07-31 23:23:51,309 [ERROR] Сбой стиха 343 в файле C:\MyDev\OliverHellwig\sanskrit\dcs\data\conllu\files\Amarakośa\Amarakośa-0001-AKośa, 2-491.conllu: insert or update on table "verses" violates foreign key constraint "verses_chapter_id_fkey"
DETAIL:  Key (chapter_id)=(956418b0-cdaa-405a-91f7-063f52c2283d) is not present in table "chapters".

2026-07-31 23:23:51,320 [ERROR] Сбой стиха 343 в файле C:\MyDev\OliverHellwig\sanskrit\dcs\data\conllu\files\Amarakośa\Amarakośa-0001-AKośa, 2-491.conllu: insert or update on table "verses" violates foreign key constraint "verses_chapter_id_fkey"
DETAIL:  Key (chapter_id)=(956418b0-cdaa-405a-91f7-063f52c2283d) is not present in table "chapters".

2026-07-31 23:23:51,322 [ERROR] Сбой стиха 343 в файле C:\MyDev\OliverHellwig\sanskrit\dcs\data\conllu\files\Amarakośa\Amarakośa-0001-AKośa, 2-491.conllu: insert or update on table "verses" violates foreign key constraint "verses_chapter_id_fkey"
DETAIL:  Key (chapter_id)=(956418b0-cdaa-405a-91f7-063f52c2283d) is not present in table "chapters".

2026-07-31 23:23:51,324 [ERROR] Сбой стиха 343 в файле C:\MyDev\OliverHellwig\sanskrit\dcs\data\conllu\files\Amarakośa\Amarakośa-0001-AKośa, 2-491.conllu: insert or update on table "verses" violates foreign key constraint "verses_chapter_id_fkey"
DETAIL:  Key (chapter_id)=(956418b0-cdaa-405a-91f7-063f52c2283d) is not present in table "chapters".

2026-07-31 23:23:51,325 [ERROR] Сбой стиха 343 в файле C:\MyDev\OliverHellwig\sanskrit\dcs\data\conllu\files\Amarakośa\Amarakośa-0001-AKośa, 2-491.conllu: insert or update on table "verses" violates foreign key constraint "verses_chapter_id_fkey"
DETAIL:  Key (chapter_id)=(956418b0-cdaa-405a-91f7-063f52c2283d) is not present in table "chapters".

2026-07-31 23:23:51,326 [ERROR] Сбой стиха 343 в файле C:\MyDev\OliverHellwig\sanskrit\dcs\data\conllu\files\Amarakośa\Amarakośa-0001-AKośa, 2-491.conllu: insert or update on table "verses" violates foreign key constraint "verses_chapter_id_fkey"
DETAIL:  Key (chapter_id)=(956418b0-cdaa-405a-91f7-063f52c2283d) is not present in table "chapters".

2026-07-31 23:23:51,328 [ERROR] Сбой стиха 343 в файле C:\MyDev\OliverHellwig\sanskrit\dcs\data\conllu\files\Amarakośa\Amarakośa-0001-AKośa, 2-491.conllu: insert or update on table "verses" violates foreign key constraint "verses_chapter_id_fkey"
DETAIL:  Key (chapter_id)=(956418b0-cdaa-405a-91f7-063f52c2283d) is not present in table "chapters".

2026-07-31 23:23:51,329 [ERROR] Сбой стиха 343 в файле C:\MyDev\OliverHellwig\sanskrit\dcs\data\conllu\files\Amarakośa\Amarakośa-0001-AKośa, 2-491.conllu: insert or update on table "verses" violates foreign key constraint "verses_chapter_id_fkey"
DETAIL:  Key (chapter_id)=(956418b0-cdaa-405a-91f7-063f52c2283d) is not present in table "chapters".

2026-07-31 23:23:51,331 [ERROR] Сбой стиха 343 в файле C:\MyDev\OliverHellwig\sanskrit\dcs\data\conllu\files\Amarakośa\Amarakośa-0001-AKośa, 2-491.conllu: insert or update on table "verses" violates foreign key constraint "verses_chapter_id_fkey"
DETAIL:  Key (chapter_id)=(956418b0-cdaa-405a-91f7-063f52c2283d) is not present in table "chapters".

2026-07-31 23:23:51,332 [ERROR] Сбой стиха 343 в файле C:\MyDev\OliverHellwig\sanskrit\dcs\data\conllu\files\Amarakośa\Amarakośa-0001-AKośa, 2-491.conllu: insert or update on table "verses" violates foreign key constraint "verses_chapter_id_fkey"
DETAIL:  Key (chapter_id)=(956418b0-cdaa-405a-91f7-063f52c2283d) is not present in table "chapters".

2026-07-31 23:23:51,333 [ERROR] Сбой стиха 343 в файле C:\MyDev\OliverHellwig\sanskrit\dcs\data\conllu\files\Amarakośa\Amarakośa-0001-AKośa, 2-491.conllu: insert or update on table "verses" violates foreign key constraint "verses_chapter_id_fkey"
DETAIL:  Key (chapter_id)=(956418b0-cdaa-405a-91f7-063f52c2283d) is not present in table "chapters".

2026-07-31 23:23:51,334 [ERROR] Сбой стиха 343 в файле C:\MyDev\OliverHellwig\sanskrit\dcs\data\conllu\files\Amarakośa\Amarakośa-0001-AKośa, 2-491.conllu: insert or update on table "verses" violates foreign key constraint "verses_chapter_id_fkey"
DETAIL:  Key (chapter_id)=(956418b0-cdaa-405a-91f7-063f52c2283d) is not present in table "chapters".

2026-07-31 23:23:51,336 [ERROR] Сбой стиха 343 в файле C:\MyDev\OliverHellwig\sanskrit\dcs\data\conllu\files\Amarakośa\Amarakośa-0001-AKośa, 2-491.conllu: insert or update on table "verses" violates foreign key constraint "verses_chapter_id_fkey"
DETAIL:  Key (chapter_id)=(956418b0-cdaa-405a-91f7-063f52c2283d) is not present in table "chapters".

2026-07-31 23:23:51,338 [ERROR] Сбой стиха 343 в файле C:\MyDev\OliverHellwig\sanskrit\dcs\data\conllu\files\Amarakośa\Amarakośa-0001-AKośa, 2-491.conllu: insert or update on table "verses" violates foreign key constraint "verses_chapter_id_fkey"
DETAIL:  Key (chapter_id)=(956418b0-cdaa-405a-91f7-063f52c2283d) is not present in table "chapters".

2026-07-31 23:23:51,340 [ERROR] Сбой стиха 343 в файле C:\MyDev\OliverHellwig\sanskrit\dcs\data\conllu\files\Amarakośa\Amarakośa-0001-AKośa, 2-491.conllu: insert or update on table "verses" violates foreign key constraint "verses_chapter_id_fkey"
DETAIL:  Key (chapter_id)=(956418b0-cdaa-405a-91f7-063f52c2283d) is not present in table "chapters".

2026-07-31 23:23:51,344 [ERROR] Сбой стиха 343 в файле C:\MyDev\OliverHellwig\sanskrit\dcs\data\conllu\files\Amarakośa\Amarakośa-0001-AKośa, 2-491.conllu: insert or update on table "verses" violates foreign key constraint "verses_chapter_id_fkey"
DETAIL:  Key (chapter_id)=(956418b0-cdaa-405a-91f7-063f52c2283d) is not present in table "chapters".

2026-07-31 23:23:51,353 [ERROR] Сбой стиха 343 в файле C:\MyDev\OliverHellwig\sanskrit\dcs\data\conllu\files\Amarakośa\Amarakośa-0001-AKośa, 2-491.conllu: insert or update on table "verses" violates foreign key constraint "verses_chapter_id_fkey"
DETAIL:  Key (chapter_id)=(956418b0-cdaa-405a-91f7-063f52c2283d) is not present in table "chapters".

2026-07-31 23:23:51,362 [ERROR] Сбой стиха 343 в файле C:\MyDev\OliverHellwig\sanskrit\dcs\data\conllu\files\Amarakośa\Amarakośa-0001-AKośa, 2-491.conllu: insert or update on table "verses" violates foreign key constraint "verses_chapter_id_fkey"
DETAIL:  Key (chapter_id)=(956418b0-cdaa-405a-91f7-063f52c2283d) is not present in table "chapters".

2026-07-31 23:23:51,363 [ERROR] Сбой стиха 343 в файле C:\MyDev\OliverHellwig\sanskrit\dcs\data\conllu\files\Amarakośa\Amarakośa-0001-AKośa, 2-491.conllu: insert or update on table "verses" violates foreign key constraint "verses_chapter_id_fkey"
DETAIL:  Key (chapter_id)=(956418b0-cdaa-405a-91f7-063f52c2283d) is not present in table "chapters".

2026-07-31 23:23:51,365 [ERROR] Сбой стиха 343 в файле C:\MyDev\OliverHellwig\sanskrit\dcs\data\conllu\files\Amarakośa\Amarakośa-0001-AKośa, 2-491.conllu: insert or update on table "verses" violates foreign key constraint "verses_chapter_id_fkey"
DETAIL:  Key (chapter_id)=(956418b0-cdaa-405a-91f7-063f52c2283d) is not present in table "chapters".

2026-07-31 23:23:51,366 [ERROR] Сбой стиха 343 в файле C:\MyDev\OliverHellwig\sanskrit\dcs\data\conllu\files\Amarakośa\Amarakośa-0001-AKośa, 2-491.conllu: insert or update on table "verses" violates foreign key constraint "verses_chapter_id_fkey"
DETAIL:  Key (chapter_id)=(956418b0-cdaa-405a-91f7-063f52c2283d) is not present in table "chapters".

2026-07-31 23:23:51,368 [ERROR] Сбой стиха 343 в файле C:\MyDev\OliverHellwig\sanskrit\dcs\data\conllu\files\Amarakośa\Amarakośa-0001-AKośa, 2-491.conllu: insert or update on table "verses" violates foreign key constraint "verses_chapter_id_fkey"
DETAIL:  Key (chapter_id)=(956418b0-cdaa-405a-91f7-063f52c2283d) is not present in table "chapters".

2026-07-31 23:23:51,369 [ERROR] Сбой стиха 343 в файле C:\MyDev\OliverHellwig\sanskrit\dcs\data\conllu\files\Amarakośa\Amarakośa-0001-AKośa, 2-491.conllu: insert or update on table "verses" violates foreign key constraint "verses_chapter_id_fkey"
DETAIL:  Key (chapter_id)=(956418b0-cdaa-405a-91f7-063f52c2283d) is not present in table "chapters".

2026-07-31 23:23:51,371 [ERROR] Сбой стиха 343 в файле C:\MyDev\OliverHellwig\sanskrit\dcs\data\conllu\files\Amarakośa\Amarakośa-0001-AKośa, 2-491.conllu: insert or update on table "verses" violates foreign key constraint "verses_chapter_id_fkey"
DETAIL:  Key (chapter_id)=(956418b0-cdaa-405a-91f7-063f52c2283d) is not present in table "chapters".

2026-07-31 23:23:51,372 [ERROR] Сбой стиха 343 в файле C:\MyDev\OliverHellwig\sanskrit\dcs\data\conllu\files\Amarakośa\Amarakośa-0001-AKośa, 2-491.conllu: insert or update on table "verses" violates foreign key constraint "verses_chapter_id_fkey"
DETAIL:  Key (chapter_id)=(956418b0-cdaa-405a-91f7-063f52c2283d) is not present in table "chapters".

2026-07-31 23:23:51,374 [ERROR] Сбой стиха 343 в файле C:\MyDev\OliverHellwig\sanskrit\dcs\data\conllu\files\Amarakośa\Amarakośa-0001-AKośa, 2-491.conllu: insert or update on table "verses" violates foreign key constraint "verses_chapter_id_fkey"
DETAIL:  Key (chapter_id)=(956418b0-cdaa-405a-91f7-063f52c2283d) is not present in table "chapters".

2026-07-31 23:23:51,375 [ERROR] Сбой стиха 343 в файле C:\MyDev\OliverHellwig\sanskrit\dcs\data\conllu\files\Amarakośa\Amarakośa-0001-AKośa, 2-491.conllu: insert or update on table "verses" violates foreign key constraint "verses_chapter_id_fkey"
DETAIL:  Key (chapter_id)=(956418b0-cdaa-405a-91f7-063f52c2283d) is not present in table "chapters".

2026-07-31 23:23:51,377 [ERROR] Сбой стиха 343 в файле C:\MyDev\OliverHellwig\sanskrit\dcs\data\conllu\files\Amarakośa\Amarakośa-0001-AKośa, 2-491.conllu: insert or update on table "verses" violates foreign key constraint "verses_chapter_id_fkey"
DETAIL:  Key (chapter_id)=(956418b0-cdaa-405a-91f7-063f52c2283d) is not present in table "chapters".

2026-07-31 23:23:51,378 [ERROR] Сбой стиха 343 в файле C:\MyDev\OliverHellwig\sanskrit\dcs\data\conllu\files\Amarakośa\Amarakośa-0001-AKośa, 2-491.conllu: insert or update on table "verses" violates foreign key constraint "verses_chapter_id_fkey"
DETAIL:  Key (chapter_id)=(956418b0-cdaa-405a-91f7-063f52c2283d) is not present in table "chapters".

2026-07-31 23:23:51,379 [ERROR] Сбой стиха 343 в файле C:\MyDev\OliverHellwig\sanskrit\dcs\data\conllu\files\Amarakośa\Amarakośa-0001-AKośa, 2-491.conllu: insert or update on table "verses" violates foreign key constraint "verses_chapter_id_fkey"
DETAIL:  Key (chapter_id)=(956418b0-cdaa-405a-91f7-063f52c2283d) is not present in table "chapters".

2026-07-31 23:23:51,381 [ERROR] Сбой стиха 343 в файле C:\MyDev\OliverHellwig\sanskrit\dcs\data\conllu\files\Amarakośa\Amarakośa-0001-AKośa, 2-491.conllu: insert or update on table "verses" violates foreign key constraint "verses_chapter_id_fkey"
DETAIL:  Key (chapter_id)=(956418b0-cdaa-405a-91f7-063f52c2283d) is not present in table "chapters".

2026-07-31 23:23:51,384 [ERROR] Сбой стиха 343 в файле C:\MyDev\OliverHellwig\sanskrit\dcs\data\conllu\files\Amarakośa\Amarakośa-0001-AKośa, 2-491.conllu: insert or update on table "verses" violates foreign key constraint "verses_chapter_id_fkey"
DETAIL:  Key (chapter_id)=(956418b0-cdaa-405a-91f7-063f52c2283d) is not present in table "chapters".

2026-07-31 23:23:51,385 [ERROR] Сбой стиха 343 в файле C:\MyDev\OliverHellwig\sanskrit\dcs\data\conllu\files\Amarakośa\Amarakośa-0001-AKośa, 2-491.conllu: insert or update on table "verses" violates foreign key constraint "verses_chapter_id_fkey"
DETAIL:  Key (chapter_id)=(956418b0-cdaa-405a-91f7-063f52c2283d) is not present in table "chapters".

2026-07-31 23:23:51,387 [ERROR] Сбой стиха 343 в файле C:\MyDev\OliverHellwig\sanskrit\dcs\data\conllu\files\Amarakośa\Amarakośa-0001-AKośa, 2-491.conllu: insert or update on table "verses" violates foreign key constraint "verses_chapter_id_fkey"
DETAIL:  Key (chapter_id)=(956418b0-cdaa-405a-91f7-063f52c2283d) is not present in table "chapters".

2026-07-31 23:23:51,388 [ERROR] Сбой стиха 343 в файле C:\MyDev\OliverHellwig\sanskrit\dcs\data\conllu\files\Amarakośa\Amarakośa-0001-AKośa, 2-491.conllu: insert or update on table "verses" violates foreign key constraint "verses_chapter_id_fkey"
DETAIL:  Key (chapter_id)=(956418b0-cdaa-405a-91f7-063f52c2283d) is not present in table "chapters".

2026-07-31 23:23:51,390 [ERROR] Сбой стиха 343 в файле C:\MyDev\OliverHellwig\sanskrit\dcs\data\conllu\files\Amarakośa\Amarakośa-0001-AKośa, 2-491.conllu: insert or update on table "verses" violates foreign key constraint "verses_chapter_id_fkey"
DETAIL:  Key (chapter_id)=(956418b0-cdaa-405a-91f7-063f52c2283d) is not present in table "chapters".

2026-07-31 23:23:51,392 [ERROR] Сбой стиха 343 в файле C:\MyDev\OliverHellwig\sanskrit\dcs\data\conllu\files\Amarakośa\Amarakośa-0001-AKośa, 2-491.conllu: insert or update on table "verses" violates foreign key constraint "verses_chapter_id_fkey"
DETAIL:  Key (chapter_id)=(956418b0-cdaa-405a-91f7-063f52c2283d) is not present in table "chapters".

2026-07-31 23:23:51,393 [ERROR] Сбой стиха 343 в файле C:\MyDev\OliverHellwig\sanskrit\dcs\data\conllu\files\Amarakośa\Amarakośa-0001-AKośa, 2-491.conllu: insert or update on table "verses" violates foreign key constraint "verses_chapter_id_fkey"
DETAIL:  Key (chapter_id)=(956418b0-cdaa-405a-91f7-063f52c2283d) is not present in table "chapters".

2026-07-31 23:23:51,395 [ERROR] Сбой стиха 343 в файле C:\MyDev\OliverHellwig\sanskrit\dcs\data\conllu\files\Amarakośa\Amarakośa-0001-AKośa, 2-491.conllu: insert or update on table "verses" violates foreign key constraint "verses_chapter_id_fkey"
DETAIL:  Key (chapter_id)=(956418b0-cdaa-405a-91f7-063f52c2283d) is not present in table "chapters".

2026-07-31 23:23:51,396 [ERROR] Сбой стиха 343 в файле C:\MyDev\OliverHellwig\sanskrit\dcs\data\conllu\files\Amarakośa\Amarakośa-0001-AKośa, 2-491.conllu: insert or update on table "verses" violates foreign key constraint "verses_chapter_id_fkey"
DETAIL:  Key (chapter_id)=(956418b0-cdaa-405a-91f7-063f52c2283d) is not present in table "chapters".

2026-07-31 23:23:51,399 [ERROR] Сбой стиха 343 в файле C:\MyDev\OliverHellwig\sanskrit\dcs\data\conllu\files\Amarakośa\Amarakośa-0001-AKośa, 2-491.conllu: insert or update on table "verses" violates foreign key constraint "verses_chapter_id_fkey"
DETAIL:  Key (chapter_id)=(956418b0-cdaa-405a-91f7-063f52c2283d) is not present in table "chapters".

2026-07-31 23:23:51,400 [ERROR] Сбой стиха 343 в файле C:\MyDev\OliverHellwig\sanskrit\dcs\data\conllu\files\Amarakośa\Amarakośa-0001-AKośa, 2-491.conllu: insert or update on table "verses" violates foreign key constraint "verses_chapter_id_fkey"
DETAIL:  Key (chapter_id)=(956418b0-cdaa-405a-91f7-063f52c2283d) is not present in table "chapters".

2026-07-31 23:23:51,401 [ERROR] Сбой стиха 343 в файле C:\MyDev\OliverHellwig\sanskrit\dcs\data\conllu\files\Amarakośa\Amarakośa-0001-AKośa, 2-491.conllu: insert or update on table "verses" violates foreign key constraint "verses_chapter_id_fkey"
DETAIL:  Key (chapter_id)=(956418b0-cdaa-405a-91f7-063f52c2283d) is not present in table "chapters".

2026-07-31 23:23:51,405 [ERROR] Сбой стиха 343 в файле C:\MyDev\OliverHellwig\sanskrit\dcs\data\conllu\files\Amarakośa\Amarakośa-0001-AKośa, 2-491.conllu: insert or update on table "verses" violates foreign key constraint "verses_chapter_id_fkey"
DETAIL:  Key (chapter_id)=(956418b0-cdaa-405a-91f7-063f52c2283d) is not present in table "chapters".

2026-07-31 23:23:51,412 [ERROR] Сбой стиха 343 в файле C:\MyDev\OliverHellwig\sanskrit\dcs\data\conllu\files\Amarakośa\Amarakośa-0001-AKośa, 2-491.conllu: insert or update on table "verses" violates foreign key constraint "verses_chapter_id_fkey"
DETAIL:  Key (chapter_id)=(956418b0-cdaa-405a-91f7-063f52c2283d) is not present in table "chapters".

2026-07-31 23:23:51,421 [ERROR] Сбой стиха 343 в файле C:\MyDev\OliverHellwig\sanskrit\dcs\data\conllu\files\Amarakośa\Amarakośa-0001-AKośa, 2-491.conllu: insert or update on table "verses" violates foreign key constraint "verses_chapter_id_fkey"
DETAIL:  Key (chapter_id)=(956418b0-cdaa-405a-91f7-063f52c2283d) is not present in table "chapters".

2026-07-31 23:23:51,425 [ERROR] Сбой стиха 343 в файле C:\MyDev\OliverHellwig\sanskrit\dcs\data\conllu\files\Amarakośa\Amarakośa-0001-AKośa, 2-491.conllu: insert or update on table "verses" violates foreign key constraint "verses_chapter_id_fkey"
DETAIL:  Key (chapter_id)=(956418b0-cdaa-405a-91f7-063f52c2283d) is not present in table "chapters".

2026-07-31 23:23:51,426 [ERROR] Сбой стиха 343 в файле C:\MyDev\OliverHellwig\sanskrit\dcs\data\conllu\files\Amarakośa\Amarakośa-0001-AKośa, 2-491.conllu: insert or update on table "verses" violates foreign key constraint "verses_chapter_id_fkey"
DETAIL:  Key (chapter_id)=(956418b0-cdaa-405a-91f7-063f52c2283d) is not present in table "chapters".

2026-07-31 23:23:51,428 [ERROR] Сбой стиха 343 в файле C:\MyDev\OliverHellwig\sanskrit\dcs\data\conllu\files\Amarakośa\Amarakośa-0001-AKośa, 2-491.conllu: insert or update on table "verses" violates foreign key constraint "verses_chapter_id_fkey"
DETAIL:  Key (chapter_id)=(956418b0-cdaa-405a-91f7-063f52c2283d) is not present in table "chapters".

2026-07-31 23:23:51,429 [ERROR] Сбой стиха 343 в файле C:\MyDev\OliverHellwig\sanskrit\dcs\data\conllu\files\Amarakośa\Amarakośa-0001-AKośa, 2-491.conllu: insert or update on table "verses" violates foreign key constraint "verses_chapter_id_fkey"
DETAIL:  Key (chapter_id)=(956418b0-cdaa-405a-91f7-063f52c2283d) is not present in table "chapters".

2026-07-31 23:23:51,431 [ERROR] Сбой стиха 343 в файле C:\MyDev\OliverHellwig\sanskrit\dcs\data\conllu\files\Amarakośa\Amarakośa-0001-AKośa, 2-491.conllu: insert or update on table "verses" violates foreign key constraint "verses_chapter_id_fkey"
DETAIL:  Key (chapter_id)=(956418b0-cdaa-405a-91f7-063f52c2283d) is not present in table "chapters".

2026-07-31 23:23:51,432 [ERROR] Сбой стиха 343 в файле C:\MyDev\OliverHellwig\sanskrit\dcs\data\conllu\files\Amarakośa\Amarakośa-0001-AKośa, 2-491.conllu: insert or update on table "verses" violates foreign key constraint "verses_chapter_id_fkey"
DETAIL:  Key (chapter_id)=(956418b0-cdaa-405a-91f7-063f52c2283d) is not present in table "chapters".

2026-07-31 23:23:51,434 [ERROR] Сбой стиха 343 в файле C:\MyDev\OliverHellwig\sanskrit\dcs\data\conllu\files\Amarakośa\Amarakośa-0001-AKośa, 2-491.conllu: insert or update on table "verses" violates foreign key constraint "verses_chapter_id_fkey"
DETAIL:  Key (chapter_id)=(956418b0-cdaa-405a-91f7-063f52c2283d) is not present in table "chapters".

2026-07-31 23:23:51,435 [ERROR] Сбой стиха 343 в файле C:\MyDev\OliverHellwig\sanskrit\dcs\data\conllu\files\Amarakośa\Amarakośa-0001-AKośa, 2-491.conllu: insert or update on table "verses" violates foreign key constraint "verses_chapter_id_fkey"
DETAIL:  Key (chapter_id)=(956418b0-cdaa-405a-91f7-063f52c2283d) is not present in table "chapters".

2026-07-31 23:23:51,437 [ERROR] Сбой стиха 343 в файле C:\MyDev\OliverHellwig\sanskrit\dcs\data\conllu\files\Amarakośa\Amarakośa-0001-AKośa, 2-491.conllu: insert or update on table "verses" violates foreign key constraint "verses_chapter_id_fkey"
DETAIL:  Key (chapter_id)=(956418b0-cdaa-405a-91f7-063f52c2283d) is not present in table "chapters".

2026-07-31 23:23:51,438 [ERROR] Сбой стиха 343 в файле C:\MyDev\OliverHellwig\sanskrit\dcs\data\conllu\files\Amarakośa\Amarakośa-0001-AKośa, 2-491.conllu: insert or update on table "verses" violates foreign key constraint "verses_chapter_id_fkey"
DETAIL:  Key (chapter_id)=(956418b0-cdaa-405a-91f7-063f52c2283d) is not present in table "chapters".

2026-07-31 23:23:51,439 [ERROR] Сбой стиха 343 в файле C:\MyDev\OliverHellwig\sanskrit\dcs\data\conllu\files\Amarakośa\Amarakośa-0001-AKośa, 2-491.conllu: insert or update on table "verses" violates foreign key constraint "verses_chapter_id_fkey"
DETAIL:  Key (chapter_id)=(956418b0-cdaa-405a-91f7-063f52c2283d) is not present in table "chapters".

2026-07-31 23:23:51,441 [ERROR] Сбой стиха 343 в файле C:\MyDev\OliverHellwig\sanskrit\dcs\data\conllu\files\Amarakośa\Amarakośa-0001-AKośa, 2-491.conllu: insert or update on table "verses" violates foreign key constraint "verses_chapter_id_fkey"
DETAIL:  Key (chapter_id)=(956418b0-cdaa-405a-91f7-063f52c2283d) is not present in table "chapters".

2026-07-31 23:23:51,444 [ERROR] Сбой стиха 343 в файле C:\MyDev\OliverHellwig\sanskrit\dcs\data\conllu\files\Amarakośa\Amarakośa-0001-AKośa, 2-491.conllu: insert or update on table "verses" violates foreign key constraint "verses_chapter_id_fkey"
DETAIL:  Key (chapter_id)=(956418b0-cdaa-405a-91f7-063f52c2283d) is not present in table "chapters".

2026-07-31 23:23:51,445 [ERROR] Сбой стиха 343 в файле C:\MyDev\OliverHellwig\sanskrit\dcs\data\conllu\files\Amarakośa\Amarakośa-0001-AKośa, 2-491.conllu: insert or update on table "verses" violates foreign key constraint "verses_chapter_id_fkey"
DETAIL:  Key (chapter_id)=(956418b0-cdaa-405a-91f7-063f52c2283d) is not present in table "chapters".

2026-07-31 23:23:51,447 [ERROR] Сбой стиха 343 в файле C:\MyDev\OliverHellwig\sanskrit\dcs\data\conllu\files\Amarakośa\Amarakośa-0001-AKośa, 2-491.conllu: insert or update on table "verses" violates foreign key constraint "verses_chapter_id_fkey"
DETAIL:  Key (chapter_id)=(956418b0-cdaa-405a-91f7-063f52c2283d) is not present in table "chapters".

2026-07-31 23:23:51,448 [ERROR] Сбой стиха 343 в файле C:\MyDev\OliverHellwig\sanskrit\dcs\data\conllu\files\Amarakośa\Amarakośa-0001-AKośa, 2-491.conllu: insert or update on table "verses" violates foreign key constraint "verses_chapter_id_fkey"
DETAIL:  Key (chapter_id)=(956418b0-cdaa-405a-91f7-063f52c2283d) is not present in table "chapters".

2026-07-31 23:23:51,449 [ERROR] Сбой стиха 343 в файле C:\MyDev\OliverHellwig\sanskrit\dcs\data\conllu\files\Amarakośa\Amarakośa-0001-AKośa, 2-491.conllu: insert or update on table "verses" violates foreign key constraint "verses_chapter_id_fkey"
DETAIL:  Key (chapter_id)=(956418b0-cdaa-405a-91f7-063f52c2283d) is not present in table "chapters".

2026-07-31 23:23:51,451 [ERROR] Сбой стиха 343 в файле C:\MyDev\OliverHellwig\sanskrit\dcs\data\conllu\files\Amarakośa\Amarakośa-0001-AKośa, 2-491.conllu: insert or update on table "verses" violates foreign key constraint "verses_chapter_id_fkey"
DETAIL:  Key (chapter_id)=(956418b0-cdaa-405a-91f7-063f52c2283d) is not present in table "chapters".

2026-07-31 23:23:51,452 [ERROR] Сбой стиха 343 в файле C:\MyDev\OliverHellwig\sanskrit\dcs\data\conllu\files\Amarakośa\Amarakośa-0001-AKośa, 2-491.conllu: insert or update on table "verses" violates foreign key constraint "verses_chapter_id_fkey"
DETAIL:  Key (chapter_id)=(956418b0-cdaa-405a-91f7-063f52c2283d) is not present in table "chapters".

2026-07-31 23:23:51,454 [ERROR] Сбой стиха 343 в файле C:\MyDev\OliverHellwig\sanskrit\dcs\data\conllu\files\Amarakośa\Amarakośa-0001-AKośa, 2-491.conllu: insert or update on table "verses" violates foreign key constraint "verses_chapter_id_fkey"
DETAIL:  Key (chapter_id)=(956418b0-cdaa-405a-91f7-063f52c2283d) is not present in table "chapters".

2026-07-31 23:23:51,456 [ERROR] Сбой стиха 343 в файле C:\MyDev\OliverHellwig\sanskrit\dcs\data\conllu\files\Amarakośa\Amarakośa-0001-AKośa, 2-491.conllu: insert or update on table "verses" violates foreign key constraint "verses_chapter_id_fkey"
DETAIL:  Key (chapter_id)=(956418b0-cdaa-405a-91f7-063f52c2283d) is not present in table "chapters".

2026-07-31 23:23:51,457 [ERROR] Сбой стиха 343 в файле C:\MyDev\OliverHellwig\sanskrit\dcs\data\conllu\files\Amarakośa\Amarakośa-0001-AKośa, 2-491.conllu: insert or update on table "verses" violates foreign key constraint "verses_chapter_id_fkey"
DETAIL:  Key (chapter_id)=(956418b0-cdaa-405a-91f7-063f52c2283d) is not present in table "chapters".

2026-07-31 23:23:51,459 [ERROR] Сбой стиха 343 в файле C:\MyDev\OliverHellwig\sanskrit\dcs\data\conllu\files\Amarakośa\Amarakośa-0001-AKośa, 2-491.conllu: insert or update on table "verses" violates foreign key constraint "verses_chapter_id_fkey"
DETAIL:  Key (chapter_id)=(956418b0-cdaa-405a-91f7-063f52c2283d) is not present in table "chapters".

2026-07-31 23:23:51,461 [ERROR] Сбой стиха 343 в файле C:\MyDev\OliverHellwig\sanskrit\dcs\data\conllu\files\Amarakośa\Amarakośa-0001-AKośa, 2-491.conllu: insert or update on table "verses" violates foreign key constraint "verses_chapter_id_fkey"
DETAIL:  Key (chapter_id)=(956418b0-cdaa-405a-91f7-063f52c2283d) is not present in table "chapters".

2026-07-31 23:23:51,462 [ERROR] Сбой стиха 343 в файле C:\MyDev\OliverHellwig\sanskrit\dcs\data\conllu\files\Amarakośa\Amarakośa-0001-AKośa, 2-491.conllu: insert or update on table "verses" violates foreign key constraint "verses_chapter_id_fkey"
DETAIL:  Key (chapter_id)=(956418b0-cdaa-405a-91f7-063f52c2283d) is not present in table "chapters".

2026-07-31 23:23:51,464 [ERROR] Сбой стиха 343 в файле C:\MyDev\OliverHellwig\sanskrit\dcs\data\conllu\files\Amarakośa\Amarakośa-0001-AKośa, 2-491.conllu: insert or update on table "verses" violates foreign key constraint "verses_chapter_id_fkey"
DETAIL:  Key (chapter_id)=(956418b0-cdaa-405a-91f7-063f52c2283d) is not present in table "chapters".

2026-07-31 23:23:51,467 [ERROR] Сбой стиха 343 в файле C:\MyDev\OliverHellwig\sanskrit\dcs\data\conllu\files\Amarakośa\Amarakośa-0001-AKośa, 2-491.conllu: insert or update on table "verses" violates foreign key constraint "verses_chapter_id_fkey"
DETAIL:  Key (chapter_id)=(956418b0-cdaa-405a-91f7-063f52c2283d) is not present in table "chapters".

2026-07-31 23:23:51,475 [ERROR] Сбой стиха 343 в файле C:\MyDev\OliverHellwig\sanskrit\dcs\data\conllu\files\Amarakośa\Amarakośa-0001-AKośa, 2-491.conllu: insert or update on table "verses" violates foreign key constraint "verses_chapter_id_fkey"
DETAIL:  Key (chapter_id)=(956418b0-cdaa-405a-91f7-063f52c2283d) is not present in table "chapters".

2026-07-31 23:23:51,485 [ERROR] Сбой стиха 343 в файле C:\MyDev\OliverHellwig\sanskrit\dcs\data\conllu\files\Amarakośa\Amarakośa-0001-AKośa, 2-491.conllu: insert or update on table "verses" violates foreign key constraint "verses_chapter_id_fkey"
DETAIL:  Key (chapter_id)=(956418b0-cdaa-405a-91f7-063f52c2283d) is not present in table "chapters".

2026-07-31 23:23:51,487 [ERROR] Сбой стиха 343 в файле C:\MyDev\OliverHellwig\sanskrit\dcs\data\conllu\files\Amarakośa\Amarakośa-0001-AKośa, 2-491.conllu: insert or update on table "verses" violates foreign key constraint "verses_chapter_id_fkey"
DETAIL:  Key (chapter_id)=(956418b0-cdaa-405a-91f7-063f52c2283d) is not present in table "chapters".

2026-07-31 23:23:51,488 [ERROR] Сбой стиха 343 в файле C:\MyDev\OliverHellwig\sanskrit\dcs\data\conllu\files\Amarakośa\Amarakośa-0001-AKośa, 2-491.conllu: insert or update on table "verses" violates foreign key constraint "verses_chapter_id_fkey"
DETAIL:  Key (chapter_id)=(956418b0-cdaa-405a-91f7-063f52c2283d) is not present in table "chapters".

2026-07-31 23:23:51,489 [ERROR] Сбой стиха 343 в файле C:\MyDev\OliverHellwig\sanskrit\dcs\data\conllu\files\Amarakośa\Amarakośa-0001-AKośa, 2-491.conllu: insert or update on table "verses" violates foreign key constraint "verses_chapter_id_fkey"
DETAIL:  Key (chapter_id)=(956418b0-cdaa-405a-91f7-063f52c2283d) is not present in table "chapters".

2026-07-31 23:23:51,491 [ERROR] Сбой стиха 343 в файле C:\MyDev\OliverHellwig\sanskrit\dcs\data\conllu\files\Amarakośa\Amarakośa-0001-AKośa, 2-491.conllu: insert or update on table "verses" violates foreign key constraint "verses_chapter_id_fkey"
DETAIL:  Key (chapter_id)=(956418b0-cdaa-405a-91f7-063f52c2283d) is not present in table "chapters".

2026-07-31 23:23:51,492 [ERROR] Сбой стиха 343 в файле C:\MyDev\OliverHellwig\sanskrit\dcs\data\conllu\files\Amarakośa\Amarakośa-0001-AKośa, 2-491.conllu: insert or update on table "verses" violates foreign key constraint "verses_chapter_id_fkey"
DETAIL:  Key (chapter_id)=(956418b0-cdaa-405a-91f7-063f52c2283d) is not present in table "chapters".

2026-07-31 23:23:51,493 [ERROR] Сбой стиха 343 в файле C:\MyDev\OliverHellwig\sanskrit\dcs\data\conllu\files\Amarakośa\Amarakośa-0001-AKośa, 2-491.conllu: insert or update on table "verses" violates foreign key constraint "verses_chapter_id_fkey"
DETAIL:  Key (chapter_id)=(956418b0-cdaa-405a-91f7-063f52c2283d) is not present in table "chapters".

2026-07-31 23:23:51,495 [ERROR] Сбой стиха 343 в файле C:\MyDev\OliverHellwig\sanskrit\dcs\data\conllu\files\Amarakośa\Amarakośa-0001-AKośa, 2-491.conllu: insert or update on table "verses" violates foreign key constraint "verses_chapter_id_fkey"
DETAIL:  Key (chapter_id)=(956418b0-cdaa-405a-91f7-063f52c2283d) is not present in table "chapters".

2026-07-31 23:23:51,496 [ERROR] Сбой стиха 343 в файле C:\MyDev\OliverHellwig\sanskrit\dcs\data\conllu\files\Amarakośa\Amarakośa-0001-AKośa, 2-491.conllu: insert or update on table "verses" violates foreign key constraint "verses_chapter_id_fkey"
DETAIL:  Key (chapter_id)=(956418b0-cdaa-405a-91f7-063f52c2283d) is not present in table "chapters".

2026-07-31 23:23:51,498 [ERROR] Сбой стиха 343 в файле C:\MyDev\OliverHellwig\sanskrit\dcs\data\conllu\files\Amarakośa\Amarakośa-0001-AKośa, 2-491.conllu: insert or update on table "verses" violates foreign key constraint "verses_chapter_id_fkey"
DETAIL:  Key (chapter_id)=(956418b0-cdaa-405a-91f7-063f52c2283d) is not present in table "chapters".

2026-07-31 23:23:51,499 [ERROR] Сбой стиха 343 в файле C:\MyDev\OliverHellwig\sanskrit\dcs\data\conllu\files\Amarakośa\Amarakośa-0001-AKośa, 2-491.conllu: insert or update on table "verses" violates foreign key constraint "verses_chapter_id_fkey"
DETAIL:  Key (chapter_id)=(956418b0-cdaa-405a-91f7-063f52c2283d) is not present in table "chapters".

2026-07-31 23:23:51,500 [ERROR] Сбой стиха 343 в файле C:\MyDev\OliverHellwig\sanskrit\dcs\data\conllu\files\Amarakośa\Amarakośa-0001-AKośa, 2-491.conllu: insert or update on table "verses" violates foreign key constraint "verses_chapter_id_fkey"
DETAIL:  Key (chapter_id)=(956418b0-cdaa-405a-91f7-063f52c2283d) is not present in table "chapters".

2026-07-31 23:23:51,502 [ERROR] Сбой стиха 343 в файле C:\MyDev\OliverHellwig\sanskrit\dcs\data\conllu\files\Amarakośa\Amarakośa-0001-AKośa, 2-491.conllu: insert or update on table "verses" violates foreign key constraint "verses_chapter_id_fkey"
DETAIL:  Key (chapter_id)=(956418b0-cdaa-405a-91f7-063f52c2283d) is not present in table "chapters".

2026-07-31 23:23:51,505 [ERROR] Сбой стиха 343 в файле C:\MyDev\OliverHellwig\sanskrit\dcs\data\conllu\files\Amarakośa\Amarakośa-0001-AKośa, 2-491.conllu: insert or update on table "verses" violates foreign key constraint "verses_chapter_id_fkey"
DETAIL:  Key (chapter_id)=(956418b0-cdaa-405a-91f7-063f52c2283d) is not present in table "chapters".

2026-07-31 23:23:51,506 [ERROR] Сбой стиха 343 в файле C:\MyDev\OliverHellwig\sanskrit\dcs\data\conllu\files\Amarakośa\Amarakośa-0001-AKośa, 2-491.conllu: insert or update on table "verses" violates foreign key constraint "verses_chapter_id_fkey"
DETAIL:  Key (chapter_id)=(956418b0-cdaa-405a-91f7-063f52c2283d) is not present in table "chapters".

2026-07-31 23:23:51,509 [ERROR] Сбой стиха 343 в файле C:\MyDev\OliverHellwig\sanskrit\dcs\data\conllu\files\Amarakośa\Amarakośa-0001-AKośa, 2-491.conllu: insert or update on table "verses" violates foreign key constraint "verses_chapter_id_fkey"
DETAIL:  Key (chapter_id)=(956418b0-cdaa-405a-91f7-063f52c2283d) is not present in table "chapters".

2026-07-31 23:23:51,516 [ERROR] Сбой стиха 343 в файле C:\MyDev\OliverHellwig\sanskrit\dcs\data\conllu\files\Amarakośa\Amarakośa-0001-AKośa, 2-491.conllu: insert or update on table "verses" violates foreign key constraint "verses_chapter_id_fkey"
DETAIL:  Key (chapter_id)=(956418b0-cdaa-405a-91f7-063f52c2283d) is not present in table "chapters".

2026-07-31 23:23:51,520 [ERROR] Сбой стиха 343 в файле C:\MyDev\OliverHellwig\sanskrit\dcs\data\conllu\files\Amarakośa\Amarakośa-0001-AKośa, 2-491.conllu: insert or update on table "verses" violates foreign key constraint "verses_chapter_id_fkey"
DETAIL:  Key (chapter_id)=(956418b0-cdaa-405a-91f7-063f52c2283d) is not present in table "chapters".

2026-07-31 23:23:51,524 [ERROR] Сбой стиха 343 в файле C:\MyDev\OliverHellwig\sanskrit\dcs\data\conllu\files\Amarakośa\Amarakośa-0001-AKośa, 2-491.conllu: insert or update on table "verses" violates foreign key constraint "verses_chapter_id_fkey"
DETAIL:  Key (chapter_id)=(956418b0-cdaa-405a-91f7-063f52c2283d) is not present in table "chapters".

2026-07-31 23:23:51,528 [ERROR] Сбой стиха 343 в файле C:\MyDev\OliverHellwig\sanskrit\dcs\data\conllu\files\Amarakośa\Amarakośa-0001-AKośa, 2-491.conllu: insert or update on table "verses" violates foreign key constraint "verses_chapter_id_fkey"
DETAIL:  Key (chapter_id)=(956418b0-cdaa-405a-91f7-063f52c2283d) is not present in table "chapters".

2026-07-31 23:23:51,530 [ERROR] Сбой стиха 343 в файле C:\MyDev\OliverHellwig\sanskrit\dcs\data\conllu\files\Amarakośa\Amarakośa-0001-AKośa, 2-491.conllu: insert or update on table "verses" violates foreign key constraint "verses_chapter_id_fkey"
DETAIL:  Key (chapter_id)=(956418b0-cdaa-405a-91f7-063f52c2283d) is not present in table "chapters".

2026-07-31 23:23:51,533 [ERROR] Сбой стиха 343 в файле C:\MyDev\OliverHellwig\sanskrit\dcs\data\conllu\files\Amarakośa\Amarakośa-0001-AKośa, 2-491.conllu: insert or update on table "verses" violates foreign key constraint "verses_chapter_id_fkey"
DETAIL:  Key (chapter_id)=(956418b0-cdaa-405a-91f7-063f52c2283d) is not present in table "chapters".

2026-07-31 23:23:51,540 [ERROR] Сбой стиха 343 в файле C:\MyDev\OliverHellwig\sanskrit\dcs\data\conllu\files\Amarakośa\Amarakośa-0001-AKośa, 2-491.conllu: insert or update on table "verses" violates foreign key constraint "verses_chapter_id_fkey"
DETAIL:  Key (chapter_id)=(956418b0-cdaa-405a-91f7-063f52c2283d) is not present in table "chapters".

2026-07-31 23:23:51,542 [ERROR] Сбой стиха 343 в файле C:\MyDev\OliverHellwig\sanskrit\dcs\data\conllu\files\Amarakośa\Amarakośa-0001-AKośa, 2-491.conllu: insert or update on table "verses" violates foreign key constraint "verses_chapter_id_fkey"
DETAIL:  Key (chapter_id)=(956418b0-cdaa-405a-91f7-063f52c2283d) is not present in table "chapters".

2026-07-31 23:23:51,545 [ERROR] Сбой стиха 343 в файле C:\MyDev\OliverHellwig\sanskrit\dcs\data\conllu\files\Amarakośa\Amarakośa-0001-AKośa, 2-491.conllu: insert or update on table "verses" violates foreign key constraint "verses_chapter_id_fkey"
DETAIL:  Key (chapter_id)=(956418b0-cdaa-405a-91f7-063f52c2283d) is not present in table "chapters".

2026-07-31 23:23:51,548 [ERROR] Сбой стиха 343 в файле C:\MyDev\OliverHellwig\sanskrit\dcs\data\conllu\files\Amarakośa\Amarakośa-0001-AKośa, 2-491.conllu: insert or update on table "verses" violates foreign key constraint "verses_chapter_id_fkey"
DETAIL:  Key (chapter_id)=(956418b0-cdaa-405a-91f7-063f52c2283d) is not present in table "chapters".

2026-07-31 23:23:51,552 [ERROR] Сбой стиха 343 в файле C:\MyDev\OliverHellwig\sanskrit\dcs\data\conllu\files\Amarakośa\Amarakośa-0001-AKośa, 2-491.conllu: insert or update on table "verses" violates foreign key constraint "verses_chapter_id_fkey"
DETAIL:  Key (chapter_id)=(956418b0-cdaa-405a-91f7-063f52c2283d) is not present in table "chapters".

2026-07-31 23:23:51,554 [ERROR] Сбой стиха 343 в файле C:\MyDev\OliverHellwig\sanskrit\dcs\data\conllu\files\Amarakośa\Amarakośa-0001-AKośa, 2-491.conllu: insert or update on table "verses" violates foreign key constraint "verses_chapter_id_fkey"
DETAIL:  Key (chapter_id)=(956418b0-cdaa-405a-91f7-063f52c2283d) is not present in table "chapters".

2026-07-31 23:23:51,557 [ERROR] Сбой стиха 343 в файле C:\MyDev\OliverHellwig\sanskrit\dcs\data\conllu\files\Amarakośa\Amarakośa-0001-AKośa, 2-491.conllu: insert or update on table "verses" violates foreign key constraint "verses_chapter_id_fkey"
DETAIL:  Key (chapter_id)=(956418b0-cdaa-405a-91f7-063f52c2283d) is not present in table "chapters".

2026-07-31 23:23:51,560 [ERROR] Сбой стиха 343 в файле C:\MyDev\OliverHellwig\sanskrit\dcs\data\conllu\files\Amarakośa\Amarakośa-0001-AKośa, 2-491.conllu: insert or update on table "verses" violates foreign key constraint "verses_chapter_id_fkey"
DETAIL:  Key (chapter_id)=(956418b0-cdaa-405a-91f7-063f52c2283d) is not present in table "chapters".

2026-07-31 23:23:51,562 [ERROR] Сбой стиха 343 в файле C:\MyDev\OliverHellwig\sanskrit\dcs\data\conllu\files\Amarakośa\Amarakośa-0001-AKośa, 2-491.conllu: insert or update on table "verses" violates foreign key constraint "verses_chapter_id_fkey"
DETAIL:  Key (chapter_id)=(956418b0-cdaa-405a-91f7-063f52c2283d) is not present in table "chapters".

2026-07-31 23:23:51,565 [ERROR] Сбой стиха 343 в файле C:\MyDev\OliverHellwig\sanskrit\dcs\data\conllu\files\Amarakośa\Amarakośa-0001-AKośa, 2-491.conllu: insert or update on table "verses" violates foreign key constraint "verses_chapter_id_fkey"
DETAIL:  Key (chapter_id)=(956418b0-cdaa-405a-91f7-063f52c2283d) is not present in table "chapters".

2026-07-31 23:23:51,569 [ERROR] Сбой стиха 343 в файле C:\MyDev\OliverHellwig\sanskrit\dcs\data\conllu\files\Amarakośa\Amarakośa-0001-AKośa, 2-491.conllu: insert or update on table "verses" violates foreign key constraint "verses_chapter_id_fkey"
DETAIL:  Key (chapter_id)=(956418b0-cdaa-405a-91f7-063f52c2283d) is not present in table "chapters".

2026-07-31 23:23:51,570 [ERROR] Сбой стиха 343 в файле C:\MyDev\OliverHellwig\sanskrit\dcs\data\conllu\files\Amarakośa\Amarakośa-0001-AKośa, 2-491.conllu: insert or update on table "verses" violates foreign key constraint "verses_chapter_id_fkey"
DETAIL:  Key (chapter_id)=(956418b0-cdaa-405a-91f7-063f52c2283d) is not present in table "chapters".

2026-07-31 23:23:51,572 [ERROR] Сбой стиха 343 в файле C:\MyDev\OliverHellwig\sanskrit\dcs\data\conllu\files\Amarakośa\Amarakośa-0001-AKośa, 2-491.conllu: insert or update on table "verses" violates foreign key constraint "verses_chapter_id_fkey"
DETAIL:  Key (chapter_id)=(956418b0-cdaa-405a-91f7-063f52c2283d) is not present in table "chapters".

2026-07-31 23:23:51,574 [ERROR] Сбой стиха 343 в файле C:\MyDev\OliverHellwig\sanskrit\dcs\data\conllu\files\Amarakośa\Amarakośa-0001-AKośa, 2-491.conllu: insert or update on table "verses" violates foreign key constraint "verses_chapter_id_fkey"
DETAIL:  Key (chapter_id)=(956418b0-cdaa-405a-91f7-063f52c2283d) is not present in table "chapters".

2026-07-31 23:23:51,576 [ERROR] Сбой стиха 343 в файле C:\MyDev\OliverHellwig\sanskrit\dcs\data\conllu\files\Amarakośa\Amarakośa-0001-AKośa, 2-491.conllu: insert or update on table "verses" violates foreign key constraint "verses_chapter_id_fkey"
DETAIL:  Key (chapter_id)=(956418b0-cdaa-405a-91f7-063f52c2283d) is not present in table "chapters".

2026-07-31 23:23:51,579 [ERROR] Сбой стиха 343 в файле C:\MyDev\OliverHellwig\sanskrit\dcs\data\conllu\files\Amarakośa\Amarakośa-0001-AKośa, 2-491.conllu: insert or update on table "verses" violates foreign key constraint "verses_chapter_id_fkey"
DETAIL:  Key (chapter_id)=(956418b0-cdaa-405a-91f7-063f52c2283d) is not present in table "chapters".

2026-07-31 23:23:51,585 [ERROR] Сбой стиха 343 в файле C:\MyDev\OliverHellwig\sanskrit\dcs\data\conllu\files\Amarakośa\Amarakośa-0001-AKośa, 2-491.conllu: insert or update on table "verses" violates foreign key constraint "verses_chapter_id_fkey"
DETAIL:  Key (chapter_id)=(956418b0-cdaa-405a-91f7-063f52c2283d) is not present in table "chapters".

2026-07-31 23:23:51,590 [ERROR] Сбой стиха 343 в файле C:\MyDev\OliverHellwig\sanskrit\dcs\data\conllu\files\Amarakośa\Amarakośa-0001-AKośa, 2-491.conllu: insert or update on table "verses" violates foreign key constraint "verses_chapter_id_fkey"
DETAIL:  Key (chapter_id)=(956418b0-cdaa-405a-91f7-063f52c2283d) is not present in table "chapters".

2026-07-31 23:23:51,595 [ERROR] Сбой стиха 343 в файле C:\MyDev\OliverHellwig\sanskrit\dcs\data\conllu\files\Amarakośa\Amarakośa-0001-AKośa, 2-491.conllu: insert or update on table "verses" violates foreign key constraint "verses_chapter_id_fkey"
DETAIL:  Key (chapter_id)=(956418b0-cdaa-405a-91f7-063f52c2283d) is not present in table "chapters".

2026-07-31 23:23:51,599 [ERROR] Сбой стиха 343 в файле C:\MyDev\OliverHellwig\sanskrit\dcs\data\conllu\files\Amarakośa\Amarakośa-0001-AKośa, 2-491.conllu: insert or update on table "verses" violates foreign key constraint "verses_chapter_id_fkey"
DETAIL:  Key (chapter_id)=(956418b0-cdaa-405a-91f7-063f52c2283d) is not present in table "chapters".

2026-07-31 23:23:51,604 [ERROR] Сбой стиха 343 в файле C:\MyDev\OliverHellwig\sanskrit\dcs\data\conllu\files\Amarakośa\Amarakośa-0001-AKośa, 2-491.conllu: insert or update on table "verses" violates foreign key constraint "verses_chapter_id_fkey"
DETAIL:  Key (chapter_id)=(956418b0-cdaa-405a-91f7-063f52c2283d) is not present in table "chapters".

2026-07-31 23:23:51,609 [ERROR] Сбой стиха 343 в файле C:\MyDev\OliverHellwig\sanskrit\dcs\data\conllu\files\Amarakośa\Amarakośa-0001-AKośa, 2-491.conllu: insert or update on table "verses" violates foreign key constraint "verses_chapter_id_fkey"
DETAIL:  Key (chapter_id)=(956418b0-cdaa-405a-91f7-063f52c2283d) is not present in table "chapters".

2026-07-31 23:23:51,615 [ERROR] Сбой стиха 343 в файле C:\MyDev\OliverHellwig\sanskrit\dcs\data\conllu\files\Amarakośa\Amarakośa-0001-AKośa, 2-491.conllu: insert or update on table "verses" violates foreign key constraint "verses_chapter_id_fkey"
DETAIL:  Key (chapter_id)=(956418b0-cdaa-405a-91f7-063f52c2283d) is not present in table "chapters".

2026-07-31 23:23:51,618 [ERROR] Сбой стиха 343 в файле C:\MyDev\OliverHellwig\sanskrit\dcs\data\conllu\files\Amarakośa\Amarakośa-0001-AKośa, 2-491.conllu: insert or update on table "verses" violates foreign key constraint "verses_chapter_id_fkey"
DETAIL:  Key (chapter_id)=(956418b0-cdaa-405a-91f7-063f52c2283d) is not present in table "chapters".

2026-07-31 23:23:51,622 [ERROR] Сбой стиха 343 в файле C:\MyDev\OliverHellwig\sanskrit\dcs\data\conllu\files\Amarakośa\Amarakośa-0001-AKośa, 2-491.conllu: insert or update on table "verses" violates foreign key constraint "verses_chapter_id_fkey"
DETAIL:  Key (chapter_id)=(956418b0-cdaa-405a-91f7-063f52c2283d) is not present in table "chapters".

2026-07-31 23:23:51,624 [ERROR] Сбой стиха 343 в файле C:\MyDev\OliverHellwig\sanskrit\dcs\data\conllu\files\Amarakośa\Amarakośa-0001-AKośa, 2-491.conllu: insert or update on table "verses" violates foreign key constraint "verses_chapter_id_fkey"
DETAIL:  Key (chapter_id)=(956418b0-cdaa-405a-91f7-063f52c2283d) is not present in table "chapters".

2026-07-31 23:23:51,627 [ERROR] Сбой стиха 343 в файле C:\MyDev\OliverHellwig\sanskrit\dcs\data\conllu\files\Amarakośa\Amarakośa-0001-AKośa, 2-491.conllu: insert or update on table "verses" violates foreign key constraint "verses_chapter_id_fkey"
DETAIL:  Key (chapter_id)=(956418b0-cdaa-405a-91f7-063f52c2283d) is not present in table "chapters".

2026-07-31 23:23:51,629 [ERROR] Сбой стиха 343 в файле C:\MyDev\OliverHellwig\sanskrit\dcs\data\conllu\files\Amarakośa\Amarakośa-0001-AKośa, 2-491.conllu: insert or update on table "verses" violates foreign key constraint "verses_chapter_id_fkey"
DETAIL:  Key (chapter_id)=(956418b0-cdaa-405a-91f7-063f52c2283d) is not present in table "chapters".

2026-07-31 23:23:51,631 [ERROR] Сбой стиха 343 в файле C:\MyDev\OliverHellwig\sanskrit\dcs\data\conllu\files\Amarakośa\Amarakośa-0001-AKośa, 2-491.conllu: insert or update on table "verses" violates foreign key constraint "verses_chapter_id_fkey"
DETAIL:  Key (chapter_id)=(956418b0-cdaa-405a-91f7-063f52c2283d) is not present in table "chapters".

2026-07-31 23:23:51,633 [ERROR] Сбой стиха 343 в файле C:\MyDev\OliverHellwig\sanskrit\dcs\data\conllu\files\Amarakośa\Amarakośa-0001-AKośa, 2-491.conllu: insert or update on table "verses" violates foreign key constraint "verses_chapter_id_fkey"
DETAIL:  Key (chapter_id)=(956418b0-cdaa-405a-91f7-063f52c2283d) is not present in table "chapters".

2026-07-31 23:23:51,635 [ERROR] Сбой стиха 343 в файле C:\MyDev\OliverHellwig\sanskrit\dcs\data\conllu\files\Amarakośa\Amarakośa-0001-AKośa, 2-491.conllu: insert or update on table "verses" violates foreign key constraint "verses_chapter_id_fkey"
DETAIL:  Key (chapter_id)=(956418b0-cdaa-405a-91f7-063f52c2283d) is not present in table "chapters".

2026-07-31 23:23:51,636 [ERROR] Сбой стиха 343 в файле C:\MyDev\OliverHellwig\sanskrit\dcs\data\conllu\files\Amarakośa\Amarakośa-0001-AKośa, 2-491.conllu: insert or update on table "verses" violates foreign key constraint "verses_chapter_id_fkey"
DETAIL:  Key (chapter_id)=(956418b0-cdaa-405a-91f7-063f52c2283d) is not present in table "chapters".

2026-07-31 23:23:51,638 [ERROR] Сбой стиха 343 в файле C:\MyDev\OliverHellwig\sanskrit\dcs\data\conllu\files\Amarakośa\Amarakośa-0001-AKośa, 2-491.conllu: insert or update on table "verses" violates foreign key constraint "verses_chapter_id_fkey"
DETAIL:  Key (chapter_id)=(956418b0-cdaa-405a-91f7-063f52c2283d) is not present in table "chapters".

2026-07-31 23:23:51,640 [ERROR] Сбой стиха 343 в файле C:\MyDev\OliverHellwig\sanskrit\dcs\data\conllu\files\Amarakośa\Amarakośa-0001-AKośa, 2-491.conllu: insert or update on table "verses" violates foreign key constraint "verses_chapter_id_fkey"
DETAIL:  Key (chapter_id)=(956418b0-cdaa-405a-91f7-063f52c2283d) is not present in table "chapters".

2026-07-31 23:23:51,644 [ERROR] Сбой стиха 343 в файле C:\MyDev\OliverHellwig\sanskrit\dcs\data\conllu\files\Amarakośa\Amarakośa-0001-AKośa, 2-491.conllu: insert or update on table "verses" violates foreign key constraint "verses_chapter_id_fkey"
DETAIL:  Key (chapter_id)=(956418b0-cdaa-405a-91f7-063f52c2283d) is not present in table "chapters".

2026-07-31 23:23:51,645 [ERROR] Сбой стиха 343 в файле C:\MyDev\OliverHellwig\sanskrit\dcs\data\conllu\files\Amarakośa\Amarakośa-0001-AKośa, 2-491.conllu: insert or update on table "verses" violates foreign key constraint "verses_chapter_id_fkey"
DETAIL:  Key (chapter_id)=(956418b0-cdaa-405a-91f7-063f52c2283d) is not present in table "chapters".

2026-07-31 23:23:51,647 [ERROR] Сбой стиха 343 в файле C:\MyDev\OliverHellwig\sanskrit\dcs\data\conllu\files\Amarakośa\Amarakośa-0001-AKośa, 2-491.conllu: insert or update on table "verses" violates foreign key constraint "verses_chapter_id_fkey"
DETAIL:  Key (chapter_id)=(956418b0-cdaa-405a-91f7-063f52c2283d) is not present in table "chapters".

2026-07-31 23:23:51,648 [ERROR] Сбой стиха 343 в файле C:\MyDev\OliverHellwig\sanskrit\dcs\data\conllu\files\Amarakośa\Amarakośa-0001-AKośa, 2-491.conllu: insert or update on table "verses" violates foreign key constraint "verses_chapter_id_fkey"
DETAIL:  Key (chapter_id)=(956418b0-cdaa-405a-91f7-063f52c2283d) is not present in table "chapters".

2026-07-31 23:23:51,650 [ERROR] Сбой стиха 343 в файле C:\MyDev\OliverHellwig\sanskrit\dcs\data\conllu\files\Amarakośa\Amarakośa-0001-AKośa, 2-491.conllu: insert or update on table "verses" violates foreign key constraint "verses_chapter_id_fkey"
DETAIL:  Key (chapter_id)=(956418b0-cdaa-405a-91f7-063f52c2283d) is not present in table "chapters".

2026-07-31 23:23:51,651 [ERROR] Сбой стиха 343 в файле C:\MyDev\OliverHellwig\sanskrit\dcs\data\conllu\files\Amarakośa\Amarakośa-0001-AKośa, 2-491.conllu: insert or update on table "verses" violates foreign key constraint "verses_chapter_id_fkey"
DETAIL:  Key (chapter_id)=(956418b0-cdaa-405a-91f7-063f52c2283d) is not present in table "chapters".

2026-07-31 23:23:51,653 [ERROR] Сбой стиха 343 в файле C:\MyDev\OliverHellwig\sanskrit\dcs\data\conllu\files\Amarakośa\Amarakośa-0001-AKośa, 2-491.conllu: insert or update on table "verses" violates foreign key constraint "verses_chapter_id_fkey"
DETAIL:  Key (chapter_id)=(956418b0-cdaa-405a-91f7-063f52c2283d) is not present in table "chapters".

2026-07-31 23:23:51,654 [ERROR] Сбой стиха 343 в файле C:\MyDev\OliverHellwig\sanskrit\dcs\data\conllu\files\Amarakośa\Amarakośa-0001-AKośa, 2-491.conllu: insert or update on table "verses" violates foreign key constraint "verses_chapter_id_fkey"
DETAIL:  Key (chapter_id)=(956418b0-cdaa-405a-91f7-063f52c2283d) is not present in table "chapters".

2026-07-31 23:23:51,656 [ERROR] Сбой стиха 343 в файле C:\MyDev\OliverHellwig\sanskrit\dcs\data\conllu\files\Amarakośa\Amarakośa-0001-AKośa, 2-491.conllu: insert or update on table "verses" violates foreign key constraint "verses_chapter_id_fkey"
DETAIL:  Key (chapter_id)=(956418b0-cdaa-405a-91f7-063f52c2283d) is not present in table "chapters".

2026-07-31 23:23:51,659 [ERROR] Сбой стиха 343 в файле C:\MyDev\OliverHellwig\sanskrit\dcs\data\conllu\files\Amarakośa\Amarakośa-0001-AKośa, 2-491.conllu: insert or update on table "verses" violates foreign key constraint "verses_chapter_id_fkey"
DETAIL:  Key (chapter_id)=(956418b0-cdaa-405a-91f7-063f52c2283d) is not present in table "chapters".

2026-07-31 23:23:51,660 [ERROR] Сбой стиха 343 в файле C:\MyDev\OliverHellwig\sanskrit\dcs\data\conllu\files\Amarakośa\Amarakośa-0001-AKośa, 2-491.conllu: insert or update on table "verses" violates foreign key constraint "verses_chapter_id_fkey"
DETAIL:  Key (chapter_id)=(956418b0-cdaa-405a-91f7-063f52c2283d) is not present in table "chapters".

2026-07-31 23:23:51,661 [ERROR] Сбой стиха 343 в файле C:\MyDev\OliverHellwig\sanskrit\dcs\data\conllu\files\Amarakośa\Amarakośa-0001-AKośa, 2-491.conllu: insert or update on table "verses" violates foreign key constraint "verses_chapter_id_fkey"
DETAIL:  Key (chapter_id)=(956418b0-cdaa-405a-91f7-063f52c2283d) is not present in table "chapters".

2026-07-31 23:23:51,663 [ERROR] Сбой стиха 343 в файле C:\MyDev\OliverHellwig\sanskrit\dcs\data\conllu\files\Amarakośa\Amarakośa-0001-AKośa, 2-491.conllu: insert or update on table "verses" violates foreign key constraint "verses_chapter_id_fkey"
DETAIL:  Key (chapter_id)=(956418b0-cdaa-405a-91f7-063f52c2283d) is not present in table "chapters".

2026-07-31 23:23:51,665 [ERROR] Сбой стиха 343 в файле C:\MyDev\OliverHellwig\sanskrit\dcs\data\conllu\files\Amarakośa\Amarakośa-0001-AKośa, 2-491.conllu: insert or update on table "verses" violates foreign key constraint "verses_chapter_id_fkey"
DETAIL:  Key (chapter_id)=(956418b0-cdaa-405a-91f7-063f52c2283d) is not present in table "chapters".

2026-07-31 23:23:51,666 [ERROR] Сбой стиха 343 в файле C:\MyDev\OliverHellwig\sanskrit\dcs\data\conllu\files\Amarakośa\Amarakośa-0001-AKośa, 2-491.conllu: insert or update on table "verses" violates foreign key constraint "verses_chapter_id_fkey"
DETAIL:  Key (chapter_id)=(956418b0-cdaa-405a-91f7-063f52c2283d) is not present in table "chapters".

2026-07-31 23:23:51,667 [ERROR] Сбой стиха 343 в файле C:\MyDev\OliverHellwig\sanskrit\dcs\data\conllu\files\Amarakośa\Amarakośa-0001-AKośa, 2-491.conllu: insert or update on table "verses" violates foreign key constraint "verses_chapter_id_fkey"
DETAIL:  Key (chapter_id)=(956418b0-cdaa-405a-91f7-063f52c2283d) is not present in table "chapters".

2026-07-31 23:23:51,669 [ERROR] Сбой стиха 343 в файле C:\MyDev\OliverHellwig\sanskrit\dcs\data\conllu\files\Amarakośa\Amarakośa-0001-AKośa, 2-491.conllu: insert or update on table "verses" violates foreign key constraint "verses_chapter_id_fkey"
DETAIL:  Key (chapter_id)=(956418b0-cdaa-405a-91f7-063f52c2283d) is not present in table "chapters".

2026-07-31 23:23:51,670 [ERROR] Сбой стиха 343 в файле C:\MyDev\OliverHellwig\sanskrit\dcs\data\conllu\files\Amarakośa\Amarakośa-0001-AKośa, 2-491.conllu: insert or update on table "verses" violates foreign key constraint "verses_chapter_id_fkey"
DETAIL:  Key (chapter_id)=(956418b0-cdaa-405a-91f7-063f52c2283d) is not present in table "chapters".

2026-07-31 23:23:51,672 [ERROR] Сбой стиха 343 в файле C:\MyDev\OliverHellwig\sanskrit\dcs\data\conllu\files\Amarakośa\Amarakośa-0001-AKośa, 2-491.conllu: insert or update on table "verses" violates foreign key constraint "verses_chapter_id_fkey"
DETAIL:  Key (chapter_id)=(956418b0-cdaa-405a-91f7-063f52c2283d) is not present in table "chapters".

2026-07-31 23:23:51,683 [ERROR] Сбой стиха 343 в файле C:\MyDev\OliverHellwig\sanskrit\dcs\data\conllu\files\Amarakośa\Amarakośa-0001-AKośa, 2-491.conllu: insert or update on table "verses" violates foreign key constraint "verses_chapter_id_fkey"
DETAIL:  Key (chapter_id)=(956418b0-cdaa-405a-91f7-063f52c2283d) is not present in table "chapters".

2026-07-31 23:23:51,693 [ERROR] Сбой стиха 343 в файле C:\MyDev\OliverHellwig\sanskrit\dcs\data\conllu\files\Amarakośa\Amarakośa-0001-AKośa, 2-491.conllu: insert or update on table "verses" violates foreign key constraint "verses_chapter_id_fkey"
DETAIL:  Key (chapter_id)=(956418b0-cdaa-405a-91f7-063f52c2283d) is not present in table "chapters".

2026-07-31 23:23:51,695 [ERROR] Сбой стиха 343 в файле C:\MyDev\OliverHellwig\sanskrit\dcs\data\conllu\files\Amarakośa\Amarakośa-0001-AKośa, 2-491.conllu: insert or update on table "verses" violates foreign key constraint "verses_chapter_id_fkey"
DETAIL:  Key (chapter_id)=(956418b0-cdaa-405a-91f7-063f52c2283d) is not present in table "chapters".

2026-07-31 23:23:51,696 [ERROR] Сбой стиха 343 в файле C:\MyDev\OliverHellwig\sanskrit\dcs\data\conllu\files\Amarakośa\Amarakośa-0001-AKośa, 2-491.conllu: insert or update on table "verses" violates foreign key constraint "verses_chapter_id_fkey"
DETAIL:  Key (chapter_id)=(956418b0-cdaa-405a-91f7-063f52c2283d) is not present in table "chapters".

2026-07-31 23:23:51,698 [ERROR] Сбой стиха 343 в файле C:\MyDev\OliverHellwig\sanskrit\dcs\data\conllu\files\Amarakośa\Amarakośa-0001-AKośa, 2-491.conllu: insert or update on table "verses" violates foreign key constraint "verses_chapter_id_fkey"
DETAIL:  Key (chapter_id)=(956418b0-cdaa-405a-91f7-063f52c2283d) is not present in table "chapters".

2026-07-31 23:23:51,699 [ERROR] Сбой стиха 343 в файле C:\MyDev\OliverHellwig\sanskrit\dcs\data\conllu\files\Amarakośa\Amarakośa-0001-AKośa, 2-491.conllu: insert or update on table "verses" violates foreign key constraint "verses_chapter_id_fkey"
DETAIL:  Key (chapter_id)=(956418b0-cdaa-405a-91f7-063f52c2283d) is not present in table "chapters".

2026-07-31 23:23:51,701 [ERROR] Сбой стиха 343 в файле C:\MyDev\OliverHellwig\sanskrit\dcs\data\conllu\files\Amarakośa\Amarakośa-0001-AKośa, 2-491.conllu: insert or update on table "verses" violates foreign key constraint "verses_chapter_id_fkey"
DETAIL:  Key (chapter_id)=(956418b0-cdaa-405a-91f7-063f52c2283d) is not present in table "chapters".

2026-07-31 23:23:51,703 [ERROR] Сбой стиха 343 в файле C:\MyDev\OliverHellwig\sanskrit\dcs\data\conllu\files\Amarakośa\Amarakośa-0001-AKośa, 2-491.conllu: insert or update on table "verses" violates foreign key constraint "verses_chapter_id_fkey"
DETAIL:  Key (chapter_id)=(956418b0-cdaa-405a-91f7-063f52c2283d) is not present in table "chapters".

2026-07-31 23:23:51,704 [ERROR] Сбой стиха 343 в файле C:\MyDev\OliverHellwig\sanskrit\dcs\data\conllu\files\Amarakośa\Amarakośa-0001-AKośa, 2-491.conllu: insert or update on table "verses" violates foreign key constraint "verses_chapter_id_fkey"
DETAIL:  Key (chapter_id)=(956418b0-cdaa-405a-91f7-063f52c2283d) is not present in table "chapters".

2026-07-31 23:23:51,705 [ERROR] Сбой стиха 343 в файле C:\MyDev\OliverHellwig\sanskrit\dcs\data\conllu\files\Amarakośa\Amarakośa-0001-AKośa, 2-491.conllu: insert or update on table "verses" violates foreign key constraint "verses_chapter_id_fkey"
DETAIL:  Key (chapter_id)=(956418b0-cdaa-405a-91f7-063f52c2283d) is not present in table "chapters".

2026-07-31 23:23:51,707 [ERROR] Сбой стиха 343 в файле C:\MyDev\OliverHellwig\sanskrit\dcs\data\conllu\files\Amarakośa\Amarakośa-0001-AKośa, 2-491.conllu: insert or update on table "verses" violates foreign key constraint "verses_chapter_id_fkey"
DETAIL:  Key (chapter_id)=(956418b0-cdaa-405a-91f7-063f52c2283d) is not present in table "chapters".

2026-07-31 23:23:51,708 [ERROR] Сбой стиха 343 в файле C:\MyDev\OliverHellwig\sanskrit\dcs\data\conllu\files\Amarakośa\Amarakośa-0001-AKośa, 2-491.conllu: insert or update on table "verses" violates foreign key constraint "verses_chapter_id_fkey"
DETAIL:  Key (chapter_id)=(956418b0-cdaa-405a-91f7-063f52c2283d) is not present in table "chapters".

2026-07-31 23:23:51,710 [ERROR] Сбой стиха 343 в файле C:\MyDev\OliverHellwig\sanskrit\dcs\data\conllu\files\Amarakośa\Amarakośa-0001-AKośa, 2-491.conllu: insert or update on table "verses" violates foreign key constraint "verses_chapter_id_fkey"
DETAIL:  Key (chapter_id)=(956418b0-cdaa-405a-91f7-063f52c2283d) is not present in table "chapters".

2026-07-31 23:23:51,711 [ERROR] Сбой стиха 343 в файле C:\MyDev\OliverHellwig\sanskrit\dcs\data\conllu\files\Amarakośa\Amarakośa-0001-AKośa, 2-491.conllu: insert or update on table "verses" violates foreign key constraint "verses_chapter_id_fkey"
DETAIL:  Key (chapter_id)=(956418b0-cdaa-405a-91f7-063f52c2283d) is not present in table "chapters".

2026-07-31 23:23:51,712 [ERROR] Сбой стиха 343 в файле C:\MyDev\OliverHellwig\sanskrit\dcs\data\conllu\files\Amarakośa\Amarakośa-0001-AKośa, 2-491.conllu: insert or update on table "verses" violates foreign key constraint "verses_chapter_id_fkey"
DETAIL:  Key (chapter_id)=(956418b0-cdaa-405a-91f7-063f52c2283d) is not present in table "chapters".

2026-07-31 23:23:51,714 [ERROR] Сбой стиха 343 в файле C:\MyDev\OliverHellwig\sanskrit\dcs\data\conllu\files\Amarakośa\Amarakośa-0001-AKośa, 2-491.conllu: insert or update on table "verses" violates foreign key constraint "verses_chapter_id_fkey"
DETAIL:  Key (chapter_id)=(956418b0-cdaa-405a-91f7-063f52c2283d) is not present in table "chapters".

2026-07-31 23:23:51,715 [ERROR] Сбой стиха 343 в файле C:\MyDev\OliverHellwig\sanskrit\dcs\data\conllu\files\Amarakośa\Amarakośa-0001-AKośa, 2-491.conllu: insert or update on table "verses" violates foreign key constraint "verses_chapter_id_fkey"
DETAIL:  Key (chapter_id)=(956418b0-cdaa-405a-91f7-063f52c2283d) is not present in table "chapters".

2026-07-31 23:23:51,719 [ERROR] Сбой стиха 343 в файле C:\MyDev\OliverHellwig\sanskrit\dcs\data\conllu\files\Amarakośa\Amarakośa-0001-AKośa, 2-491.conllu: insert or update on table "verses" violates foreign key constraint "verses_chapter_id_fkey"
DETAIL:  Key (chapter_id)=(956418b0-cdaa-405a-91f7-063f52c2283d) is not present in table "chapters".

2026-07-31 23:23:51,720 [ERROR] Сбой стиха 343 в файле C:\MyDev\OliverHellwig\sanskrit\dcs\data\conllu\files\Amarakośa\Amarakośa-0001-AKośa, 2-491.conllu: insert or update on table "verses" violates foreign key constraint "verses_chapter_id_fkey"
DETAIL:  Key (chapter_id)=(956418b0-cdaa-405a-91f7-063f52c2283d) is not present in table "chapters".

2026-07-31 23:23:51,721 [ERROR] Сбой стиха 343 в файле C:\MyDev\OliverHellwig\sanskrit\dcs\data\conllu\files\Amarakośa\Amarakośa-0001-AKośa, 2-491.conllu: insert or update on table "verses" violates foreign key constraint "verses_chapter_id_fkey"
DETAIL:  Key (chapter_id)=(956418b0-cdaa-405a-91f7-063f52c2283d) is not present in table "chapters".

2026-07-31 23:23:51,723 [ERROR] Сбой стиха 343 в файле C:\MyDev\OliverHellwig\sanskrit\dcs\data\conllu\files\Amarakośa\Amarakośa-0001-AKośa, 2-491.conllu: insert or update on table "verses" violates foreign key constraint "verses_chapter_id_fkey"
DETAIL:  Key (chapter_id)=(956418b0-cdaa-405a-91f7-063f52c2283d) is not present in table "chapters".

2026-07-31 23:23:51,724 [ERROR] Сбой стиха 343 в файле C:\MyDev\OliverHellwig\sanskrit\dcs\data\conllu\files\Amarakośa\Amarakośa-0001-AKośa, 2-491.conllu: insert or update on table "verses" violates foreign key constraint "verses_chapter_id_fkey"
DETAIL:  Key (chapter_id)=(956418b0-cdaa-405a-91f7-063f52c2283d) is not present in table "chapters".

2026-07-31 23:23:51,726 [ERROR] Сбой стиха 343 в файле C:\MyDev\OliverHellwig\sanskrit\dcs\data\conllu\files\Amarakośa\Amarakośa-0001-AKośa, 2-491.conllu: insert or update on table "verses" violates foreign key constraint "verses_chapter_id_fkey"
DETAIL:  Key (chapter_id)=(956418b0-cdaa-405a-91f7-063f52c2283d) is not present in table "chapters".

2026-07-31 23:23:51,727 [ERROR] Сбой стиха 343 в файле C:\MyDev\OliverHellwig\sanskrit\dcs\data\conllu\files\Amarakośa\Amarakośa-0001-AKośa, 2-491.conllu: insert or update on table "verses" violates foreign key constraint "verses_chapter_id_fkey"
DETAIL:  Key (chapter_id)=(956418b0-cdaa-405a-91f7-063f52c2283d) is not present in table "chapters".

2026-07-31 23:23:51,728 [ERROR] Сбой стиха 343 в файле C:\MyDev\OliverHellwig\sanskrit\dcs\data\conllu\files\Amarakośa\Amarakośa-0001-AKośa, 2-491.conllu: insert or update on table "verses" violates foreign key constraint "verses_chapter_id_fkey"
DETAIL:  Key (chapter_id)=(956418b0-cdaa-405a-91f7-063f52c2283d) is not present in table "chapters".

2026-07-31 23:23:51,730 [ERROR] Сбой стиха 343 в файле C:\MyDev\OliverHellwig\sanskrit\dcs\data\conllu\files\Amarakośa\Amarakośa-0001-AKośa, 2-491.conllu: insert or update on table "verses" violates foreign key constraint "verses_chapter_id_fkey"
DETAIL:  Key (chapter_id)=(956418b0-cdaa-405a-91f7-063f52c2283d) is not present in table "chapters".

2026-07-31 23:23:51,733 [ERROR] Сбой стиха 343 в файле C:\MyDev\OliverHellwig\sanskrit\dcs\data\conllu\files\Amarakośa\Amarakośa-0001-AKośa, 2-491.conllu: insert or update on table "verses" violates foreign key constraint "verses_chapter_id_fkey"
DETAIL:  Key (chapter_id)=(956418b0-cdaa-405a-91f7-063f52c2283d) is not present in table "chapters".

2026-07-31 23:23:51,737 [ERROR] Сбой стиха 343 в файле C:\MyDev\OliverHellwig\sanskrit\dcs\data\conllu\files\Amarakośa\Amarakośa-0001-AKośa, 2-491.conllu: insert or update on table "verses" violates foreign key constraint "verses_chapter_id_fkey"
DETAIL:  Key (chapter_id)=(956418b0-cdaa-405a-91f7-063f52c2283d) is not present in table "chapters".

2026-07-31 23:23:51,747 [ERROR] Сбой стиха 343 в файле C:\MyDev\OliverHellwig\sanskrit\dcs\data\conllu\files\Amarakośa\Amarakośa-0001-AKośa, 2-491.conllu: insert or update on table "verses" violates foreign key constraint "verses_chapter_id_fkey"
DETAIL:  Key (chapter_id)=(956418b0-cdaa-405a-91f7-063f52c2283d) is not present in table "chapters".

2026-07-31 23:23:51,756 [ERROR] Сбой стиха 343 в файле C:\MyDev\OliverHellwig\sanskrit\dcs\data\conllu\files\Amarakośa\Amarakośa-0001-AKośa, 2-491.conllu: insert or update on table "verses" violates foreign key constraint "verses_chapter_id_fkey"
DETAIL:  Key (chapter_id)=(956418b0-cdaa-405a-91f7-063f52c2283d) is not present in table "chapters".

2026-07-31 23:23:51,757 [ERROR] Сбой стиха 343 в файле C:\MyDev\OliverHellwig\sanskrit\dcs\data\conllu\files\Amarakośa\Amarakośa-0001-AKośa, 2-491.conllu: insert or update on table "verses" violates foreign key constraint "verses_chapter_id_fkey"
DETAIL:  Key (chapter_id)=(956418b0-cdaa-405a-91f7-063f52c2283d) is not present in table "chapters".

2026-07-31 23:23:51,759 [ERROR] Сбой стиха 343 в файле C:\MyDev\OliverHellwig\sanskrit\dcs\data\conllu\files\Amarakośa\Amarakośa-0001-AKośa, 2-491.conllu: insert or update on table "verses" violates foreign key constraint "verses_chapter_id_fkey"
DETAIL:  Key (chapter_id)=(956418b0-cdaa-405a-91f7-063f52c2283d) is not present in table "chapters".

2026-07-31 23:23:51,760 [ERROR] Сбой стиха 343 в файле C:\MyDev\OliverHellwig\sanskrit\dcs\data\conllu\files\Amarakośa\Amarakośa-0001-AKośa, 2-491.conllu: insert or update on table "verses" violates foreign key constraint "verses_chapter_id_fkey"
DETAIL:  Key (chapter_id)=(956418b0-cdaa-405a-91f7-063f52c2283d) is not present in table "chapters".

2026-07-31 23:23:51,762 [ERROR] Сбой стиха 343 в файле C:\MyDev\OliverHellwig\sanskrit\dcs\data\conllu\files\Amarakośa\Amarakośa-0001-AKośa, 2-491.conllu: insert or update on table "verses" violates foreign key constraint "verses_chapter_id_fkey"
DETAIL:  Key (chapter_id)=(956418b0-cdaa-405a-91f7-063f52c2283d) is not present in table "chapters".

2026-07-31 23:23:51,764 [ERROR] Сбой стиха 343 в файле C:\MyDev\OliverHellwig\sanskrit\dcs\data\conllu\files\Amarakośa\Amarakośa-0001-AKośa, 2-491.conllu: insert or update on table "verses" violates foreign key constraint "verses_chapter_id_fkey"
DETAIL:  Key (chapter_id)=(956418b0-cdaa-405a-91f7-063f52c2283d) is not present in table "chapters".

2026-07-31 23:23:51,765 [ERROR] Сбой стиха 343 в файле C:\MyDev\OliverHellwig\sanskrit\dcs\data\conllu\files\Amarakośa\Amarakośa-0001-AKośa, 2-491.conllu: insert or update on table "verses" violates foreign key constraint "verses_chapter_id_fkey"
DETAIL:  Key (chapter_id)=(956418b0-cdaa-405a-91f7-063f52c2283d) is not present in table "chapters".

2026-07-31 23:23:51,766 [ERROR] Сбой стиха 343 в файле C:\MyDev\OliverHellwig\sanskrit\dcs\data\conllu\files\Amarakośa\Amarakośa-0001-AKośa, 2-491.conllu: insert or update on table "verses" violates foreign key constraint "verses_chapter_id_fkey"
DETAIL:  Key (chapter_id)=(956418b0-cdaa-405a-91f7-063f52c2283d) is not present in table "chapters".

2026-07-31 23:23:51,768 [ERROR] Сбой стиха 343 в файле C:\MyDev\OliverHellwig\sanskrit\dcs\data\conllu\files\Amarakośa\Amarakośa-0001-AKośa, 2-491.conllu: insert or update on table "verses" violates foreign key constraint "verses_chapter_id_fkey"
DETAIL:  Key (chapter_id)=(956418b0-cdaa-405a-91f7-063f52c2283d) is not present in table "chapters".

2026-07-31 23:23:51,769 [ERROR] Сбой стиха 343 в файле C:\MyDev\OliverHellwig\sanskrit\dcs\data\conllu\files\Amarakośa\Amarakośa-0001-AKośa, 2-491.conllu: insert or update on table "verses" violates foreign key constraint "verses_chapter_id_fkey"
DETAIL:  Key (chapter_id)=(956418b0-cdaa-405a-91f7-063f52c2283d) is not present in table "chapters".

2026-07-31 23:23:51,770 [ERROR] Сбой стиха 343 в файле C:\MyDev\OliverHellwig\sanskrit\dcs\data\conllu\files\Amarakośa\Amarakośa-0001-AKośa, 2-491.conllu: insert or update on table "verses" violates foreign key constraint "verses_chapter_id_fkey"
DETAIL:  Key (chapter_id)=(956418b0-cdaa-405a-91f7-063f52c2283d) is not present in table "chapters".

2026-07-31 23:23:51,772 [ERROR] Сбой стиха 343 в файле C:\MyDev\OliverHellwig\sanskrit\dcs\data\conllu\files\Amarakośa\Amarakośa-0001-AKośa, 2-491.conllu: insert or update on table "verses" violates foreign key constraint "verses_chapter_id_fkey"
DETAIL:  Key (chapter_id)=(956418b0-cdaa-405a-91f7-063f52c2283d) is not present in table "chapters".

2026-07-31 23:23:51,773 [ERROR] Сбой стиха 343 в файле C:\MyDev\OliverHellwig\sanskrit\dcs\data\conllu\files\Amarakośa\Amarakośa-0001-AKośa, 2-491.conllu: insert or update on table "verses" violates foreign key constraint "verses_chapter_id_fkey"
DETAIL:  Key (chapter_id)=(956418b0-cdaa-405a-91f7-063f52c2283d) is not present in table "chapters".

2026-07-31 23:23:51,774 [ERROR] Сбой стиха 343 в файле C:\MyDev\OliverHellwig\sanskrit\dcs\data\conllu\files\Amarakośa\Amarakośa-0001-AKośa, 2-491.conllu: insert or update on table "verses" violates foreign key constraint "verses_chapter_id_fkey"
DETAIL:  Key (chapter_id)=(956418b0-cdaa-405a-91f7-063f52c2283d) is not present in table "chapters".

2026-07-31 23:23:51,776 [ERROR] Сбой стиха 343 в файле C:\MyDev\OliverHellwig\sanskrit\dcs\data\conllu\files\Amarakośa\Amarakośa-0001-AKośa, 2-491.conllu: insert or update on table "verses" violates foreign key constraint "verses_chapter_id_fkey"
DETAIL:  Key (chapter_id)=(956418b0-cdaa-405a-91f7-063f52c2283d) is not present in table "chapters".

2026-07-31 23:23:51,787 [ERROR] Сбой стиха 343 в файле C:\MyDev\OliverHellwig\sanskrit\dcs\data\conllu\files\Amarakośa\Amarakośa-0001-AKośa, 2-491.conllu: insert or update on table "verses" violates foreign key constraint "verses_chapter_id_fkey"
DETAIL:  Key (chapter_id)=(956418b0-cdaa-405a-91f7-063f52c2283d) is not present in table "chapters".

2026-07-31 23:23:51,796 [ERROR] Сбой стиха 343 в файле C:\MyDev\OliverHellwig\sanskrit\dcs\data\conllu\files\Amarakośa\Amarakośa-0001-AKośa, 2-491.conllu: insert or update on table "verses" violates foreign key constraint "verses_chapter_id_fkey"
DETAIL:  Key (chapter_id)=(956418b0-cdaa-405a-91f7-063f52c2283d) is not present in table "chapters".

2026-07-31 23:23:51,798 [ERROR] Сбой стиха 343 в файле C:\MyDev\OliverHellwig\sanskrit\dcs\data\conllu\files\Amarakośa\Amarakośa-0001-AKośa, 2-491.conllu: insert or update on table "verses" violates foreign key constraint "verses_chapter_id_fkey"
DETAIL:  Key (chapter_id)=(956418b0-cdaa-405a-91f7-063f52c2283d) is not present in table "chapters".

2026-07-31 23:23:51,799 [ERROR] Сбой стиха 343 в файле C:\MyDev\OliverHellwig\sanskrit\dcs\data\conllu\files\Amarakośa\Amarakośa-0001-AKośa, 2-491.conllu: insert or update on table "verses" violates foreign key constraint "verses_chapter_id_fkey"
DETAIL:  Key (chapter_id)=(956418b0-cdaa-405a-91f7-063f52c2283d) is not present in table "chapters".

2026-07-31 23:23:51,801 [ERROR] Сбой стиха 343 в файле C:\MyDev\OliverHellwig\sanskrit\dcs\data\conllu\files\Amarakośa\Amarakośa-0001-AKośa, 2-491.conllu: insert or update on table "verses" violates foreign key constraint "verses_chapter_id_fkey"
DETAIL:  Key (chapter_id)=(956418b0-cdaa-405a-91f7-063f52c2283d) is not present in table "chapters".

2026-07-31 23:23:51,802 [ERROR] Сбой стиха 343 в файле C:\MyDev\OliverHellwig\sanskrit\dcs\data\conllu\files\Amarakośa\Amarakośa-0001-AKośa, 2-491.conllu: insert or update on table "verses" violates foreign key constraint "verses_chapter_id_fkey"
DETAIL:  Key (chapter_id)=(956418b0-cdaa-405a-91f7-063f52c2283d) is not present in table "chapters".

2026-07-31 23:23:51,804 [ERROR] Сбой стиха 343 в файле C:\MyDev\OliverHellwig\sanskrit\dcs\data\conllu\files\Amarakośa\Amarakośa-0001-AKośa, 2-491.conllu: insert or update on table "verses" violates foreign key constraint "verses_chapter_id_fkey"
DETAIL:  Key (chapter_id)=(956418b0-cdaa-405a-91f7-063f52c2283d) is not present in table "chapters".

2026-07-31 23:23:51,805 [ERROR] Сбой стиха 343 в файле C:\MyDev\OliverHellwig\sanskrit\dcs\data\conllu\files\Amarakośa\Amarakośa-0001-AKośa, 2-491.conllu: insert or update on table "verses" violates foreign key constraint "verses_chapter_id_fkey"
DETAIL:  Key (chapter_id)=(956418b0-cdaa-405a-91f7-063f52c2283d) is not present in table "chapters".

2026-07-31 23:23:51,807 [ERROR] Сбой стиха 343 в файле C:\MyDev\OliverHellwig\sanskrit\dcs\data\conllu\files\Amarakośa\Amarakośa-0001-AKośa, 2-491.conllu: insert or update on table "verses" violates foreign key constraint "verses_chapter_id_fkey"
DETAIL:  Key (chapter_id)=(956418b0-cdaa-405a-91f7-063f52c2283d) is not present in table "chapters".

2026-07-31 23:23:51,808 [ERROR] Сбой стиха 343 в файле C:\MyDev\OliverHellwig\sanskrit\dcs\data\conllu\files\Amarakośa\Amarakośa-0001-AKośa, 2-491.conllu: insert or update on table "verses" violates foreign key constraint "verses_chapter_id_fkey"
DETAIL:  Key (chapter_id)=(956418b0-cdaa-405a-91f7-063f52c2283d) is not present in table "chapters".

2026-07-31 23:23:51,810 [ERROR] Сбой стиха 343 в файле C:\MyDev\OliverHellwig\sanskrit\dcs\data\conllu\files\Amarakośa\Amarakośa-0001-AKośa, 2-491.conllu: insert or update on table "verses" violates foreign key constraint "verses_chapter_id_fkey"
DETAIL:  Key (chapter_id)=(956418b0-cdaa-405a-91f7-063f52c2283d) is not present in table "chapters".

2026-07-31 23:23:51,812 [ERROR] Сбой стиха 343 в файле C:\MyDev\OliverHellwig\sanskrit\dcs\data\conllu\files\Amarakośa\Amarakośa-0001-AKośa, 2-491.conllu: insert or update on table "verses" violates foreign key constraint "verses_chapter_id_fkey"
DETAIL:  Key (chapter_id)=(956418b0-cdaa-405a-91f7-063f52c2283d) is not present in table "chapters".

2026-07-31 23:23:51,813 [ERROR] Сбой стиха 343 в файле C:\MyDev\OliverHellwig\sanskrit\dcs\data\conllu\files\Amarakośa\Amarakośa-0001-AKośa, 2-491.conllu: insert or update on table "verses" violates foreign key constraint "verses_chapter_id_fkey"
DETAIL:  Key (chapter_id)=(956418b0-cdaa-405a-91f7-063f52c2283d) is not present in table "chapters".

2026-07-31 23:23:51,814 [ERROR] Сбой стиха 343 в файле C:\MyDev\OliverHellwig\sanskrit\dcs\data\conllu\files\Amarakośa\Amarakośa-0001-AKośa, 2-491.conllu: insert or update on table "verses" violates foreign key constraint "verses_chapter_id_fkey"
DETAIL:  Key (chapter_id)=(956418b0-cdaa-405a-91f7-063f52c2283d) is not present in table "chapters".

2026-07-31 23:23:51,816 [ERROR] Сбой стиха 343 в файле C:\MyDev\OliverHellwig\sanskrit\dcs\data\conllu\files\Amarakośa\Amarakośa-0001-AKośa, 2-491.conllu: insert or update on table "verses" violates foreign key constraint "verses_chapter_id_fkey"
DETAIL:  Key (chapter_id)=(956418b0-cdaa-405a-91f7-063f52c2283d) is not present in table "chapters".

2026-07-31 23:23:51,817 [ERROR] Сбой стиха 343 в файле C:\MyDev\OliverHellwig\sanskrit\dcs\data\conllu\files\Amarakośa\Amarakośa-0001-AKośa, 2-491.conllu: insert or update on table "verses" violates foreign key constraint "verses_chapter_id_fkey"
DETAIL:  Key (chapter_id)=(956418b0-cdaa-405a-91f7-063f52c2283d) is not present in table "chapters".

2026-07-31 23:23:51,818 [ERROR] Сбой стиха 343 в файле C:\MyDev\OliverHellwig\sanskrit\dcs\data\conllu\files\Amarakośa\Amarakośa-0001-AKośa, 2-491.conllu: insert or update on table "verses" violates foreign key constraint "verses_chapter_id_fkey"
DETAIL:  Key (chapter_id)=(956418b0-cdaa-405a-91f7-063f52c2283d) is not present in table "chapters".

2026-07-31 23:23:51,820 [ERROR] Сбой стиха 343 в файле C:\MyDev\OliverHellwig\sanskrit\dcs\data\conllu\files\Amarakośa\Amarakośa-0001-AKośa, 2-491.conllu: insert or update on table "verses" violates foreign key constraint "verses_chapter_id_fkey"
DETAIL:  Key (chapter_id)=(956418b0-cdaa-405a-91f7-063f52c2283d) is not present in table "chapters".

2026-07-31 23:23:51,822 [ERROR] Сбой стиха 343 в файле C:\MyDev\OliverHellwig\sanskrit\dcs\data\conllu\files\Amarakośa\Amarakośa-0001-AKośa, 2-491.conllu: insert or update on table "verses" violates foreign key constraint "verses_chapter_id_fkey"
DETAIL:  Key (chapter_id)=(956418b0-cdaa-405a-91f7-063f52c2283d) is not present in table "chapters".

2026-07-31 23:23:51,824 [ERROR] Сбой стиха 343 в файле C:\MyDev\OliverHellwig\sanskrit\dcs\data\conllu\files\Amarakośa\Amarakośa-0001-AKośa, 2-491.conllu: insert or update on table "verses" violates foreign key constraint "verses_chapter_id_fkey"
DETAIL:  Key (chapter_id)=(956418b0-cdaa-405a-91f7-063f52c2283d) is not present in table "chapters".

2026-07-31 23:23:51,825 [ERROR] Сбой стиха 343 в файле C:\MyDev\OliverHellwig\sanskrit\dcs\data\conllu\files\Amarakośa\Amarakośa-0001-AKośa, 2-491.conllu: insert or update on table "verses" violates foreign key constraint "verses_chapter_id_fkey"
DETAIL:  Key (chapter_id)=(956418b0-cdaa-405a-91f7-063f52c2283d) is not present in table "chapters".

2026-07-31 23:23:51,827 [ERROR] Сбой стиха 343 в файле C:\MyDev\OliverHellwig\sanskrit\dcs\data\conllu\files\Amarakośa\Amarakośa-0001-AKośa, 2-491.conllu: insert or update on table "verses" violates foreign key constraint "verses_chapter_id_fkey"
DETAIL:  Key (chapter_id)=(956418b0-cdaa-405a-91f7-063f52c2283d) is not present in table "chapters".

2026-07-31 23:23:51,828 [ERROR] Сбой стиха 343 в файле C:\MyDev\OliverHellwig\sanskrit\dcs\data\conllu\files\Amarakośa\Amarakośa-0001-AKośa, 2-491.conllu: insert or update on table "verses" violates foreign key constraint "verses_chapter_id_fkey"
DETAIL:  Key (chapter_id)=(956418b0-cdaa-405a-91f7-063f52c2283d) is not present in table "chapters".

2026-07-31 23:23:51,830 [ERROR] Сбой стиха 343 в файле C:\MyDev\OliverHellwig\sanskrit\dcs\data\conllu\files\Amarakośa\Amarakośa-0001-AKośa, 2-491.conllu: insert or update on table "verses" violates foreign key constraint "verses_chapter_id_fkey"
DETAIL:  Key (chapter_id)=(956418b0-cdaa-405a-91f7-063f52c2283d) is not present in table "chapters".

2026-07-31 23:23:51,831 [ERROR] Сбой стиха 343 в файле C:\MyDev\OliverHellwig\sanskrit\dcs\data\conllu\files\Amarakośa\Amarakośa-0001-AKośa, 2-491.conllu: insert or update on table "verses" violates foreign key constraint "verses_chapter_id_fkey"
DETAIL:  Key (chapter_id)=(956418b0-cdaa-405a-91f7-063f52c2283d) is not present in table "chapters".

2026-07-31 23:23:51,832 [ERROR] Сбой стиха 343 в файле C:\MyDev\OliverHellwig\sanskrit\dcs\data\conllu\files\Amarakośa\Amarakośa-0001-AKośa, 2-491.conllu: insert or update on table "verses" violates foreign key constraint "verses_chapter_id_fkey"
DETAIL:  Key (chapter_id)=(956418b0-cdaa-405a-91f7-063f52c2283d) is not present in table "chapters".

2026-07-31 23:23:51,834 [ERROR] Сбой стиха 343 в файле C:\MyDev\OliverHellwig\sanskrit\dcs\data\conllu\files\Amarakośa\Amarakośa-0001-AKośa, 2-491.conllu: insert or update on table "verses" violates foreign key constraint "verses_chapter_id_fkey"
DETAIL:  Key (chapter_id)=(956418b0-cdaa-405a-91f7-063f52c2283d) is not present in table "chapters".

2026-07-31 23:23:51,835 [ERROR] Сбой стиха 343 в файле C:\MyDev\OliverHellwig\sanskrit\dcs\data\conllu\files\Amarakośa\Amarakośa-0001-AKośa, 2-491.conllu: insert or update on table "verses" violates foreign key constraint "verses_chapter_id_fkey"
DETAIL:  Key (chapter_id)=(956418b0-cdaa-405a-91f7-063f52c2283d) is not present in table "chapters".

2026-07-31 23:23:51,841 [ERROR] Сбой стиха 343 в файле C:\MyDev\OliverHellwig\sanskrit\dcs\data\conllu\files\Amarakośa\Amarakośa-0001-AKośa, 2-491.conllu: insert or update on table "verses" violates foreign key constraint "verses_chapter_id_fkey"
DETAIL:  Key (chapter_id)=(956418b0-cdaa-405a-91f7-063f52c2283d) is not present in table "chapters".

2026-07-31 23:23:51,850 [ERROR] Сбой стиха 343 в файле C:\MyDev\OliverHellwig\sanskrit\dcs\data\conllu\files\Amarakośa\Amarakośa-0001-AKośa, 2-491.conllu: insert or update on table "verses" violates foreign key constraint "verses_chapter_id_fkey"
DETAIL:  Key (chapter_id)=(956418b0-cdaa-405a-91f7-063f52c2283d) is not present in table "chapters".

2026-07-31 23:23:51,859 [ERROR] Сбой стиха 343 в файле C:\MyDev\OliverHellwig\sanskrit\dcs\data\conllu\files\Amarakośa\Amarakośa-0001-AKośa, 2-491.conllu: insert or update on table "verses" violates foreign key constraint "verses_chapter_id_fkey"
DETAIL:  Key (chapter_id)=(956418b0-cdaa-405a-91f7-063f52c2283d) is not present in table "chapters".

2026-07-31 23:23:51,860 [ERROR] Сбой стиха 343 в файле C:\MyDev\OliverHellwig\sanskrit\dcs\data\conllu\files\Amarakośa\Amarakośa-0001-AKośa, 2-491.conllu: insert or update on table "verses" violates foreign key constraint "verses_chapter_id_fkey"
DETAIL:  Key (chapter_id)=(956418b0-cdaa-405a-91f7-063f52c2283d) is not present in table "chapters".

2026-07-31 23:23:51,862 [ERROR] Сбой стиха 343 в файле C:\MyDev\OliverHellwig\sanskrit\dcs\data\conllu\files\Amarakośa\Amarakośa-0001-AKośa, 2-491.conllu: insert or update on table "verses" violates foreign key constraint "verses_chapter_id_fkey"
DETAIL:  Key (chapter_id)=(956418b0-cdaa-405a-91f7-063f52c2283d) is not present in table "chapters".

2026-07-31 23:23:51,863 [ERROR] Сбой стиха 343 в файле C:\MyDev\OliverHellwig\sanskrit\dcs\data\conllu\files\Amarakośa\Amarakośa-0001-AKośa, 2-491.conllu: insert or update on table "verses" violates foreign key constraint "verses_chapter_id_fkey"
DETAIL:  Key (chapter_id)=(956418b0-cdaa-405a-91f7-063f52c2283d) is not present in table "chapters".

2026-07-31 23:23:51,864 [ERROR] Сбой стиха 343 в файле C:\MyDev\OliverHellwig\sanskrit\dcs\data\conllu\files\Amarakośa\Amarakośa-0001-AKośa, 2-491.conllu: insert or update on table "verses" violates foreign key constraint "verses_chapter_id_fkey"
DETAIL:  Key (chapter_id)=(956418b0-cdaa-405a-91f7-063f52c2283d) is not present in table "chapters".

2026-07-31 23:23:51,866 [ERROR] Сбой стиха 343 в файле C:\MyDev\OliverHellwig\sanskrit\dcs\data\conllu\files\Amarakośa\Amarakośa-0001-AKośa, 2-491.conllu: insert or update on table "verses" violates foreign key constraint "verses_chapter_id_fkey"
DETAIL:  Key (chapter_id)=(956418b0-cdaa-405a-91f7-063f52c2283d) is not present in table "chapters".

2026-07-31 23:23:51,868 [ERROR] Сбой стиха 343 в файле C:\MyDev\OliverHellwig\sanskrit\dcs\data\conllu\files\Amarakośa\Amarakośa-0001-AKośa, 2-491.conllu: insert or update on table "verses" violates foreign key constraint "verses_chapter_id_fkey"
DETAIL:  Key (chapter_id)=(956418b0-cdaa-405a-91f7-063f52c2283d) is not present in table "chapters".

2026-07-31 23:23:51,869 [ERROR] Сбой стиха 343 в файле C:\MyDev\OliverHellwig\sanskrit\dcs\data\conllu\files\Amarakośa\Amarakośa-0001-AKośa, 2-491.conllu: insert or update on table "verses" violates foreign key constraint "verses_chapter_id_fkey"
DETAIL:  Key (chapter_id)=(956418b0-cdaa-405a-91f7-063f52c2283d) is not present in table "chapters".

2026-07-31 23:23:51,871 [ERROR] Сбой стиха 343 в файле C:\MyDev\OliverHellwig\sanskrit\dcs\data\conllu\files\Amarakośa\Amarakośa-0001-AKośa, 2-491.conllu: insert or update on table "verses" violates foreign key constraint "verses_chapter_id_fkey"
DETAIL:  Key (chapter_id)=(956418b0-cdaa-405a-91f7-063f52c2283d) is not present in table "chapters".

2026-07-31 23:23:51,872 [ERROR] Сбой стиха 343 в файле C:\MyDev\OliverHellwig\sanskrit\dcs\data\conllu\files\Amarakośa\Amarakośa-0001-AKośa, 2-491.conllu: insert or update on table "verses" violates foreign key constraint "verses_chapter_id_fkey"
DETAIL:  Key (chapter_id)=(956418b0-cdaa-405a-91f7-063f52c2283d) is not present in table "chapters".

2026-07-31 23:23:51,873 [ERROR] Сбой стиха 343 в файле C:\MyDev\OliverHellwig\sanskrit\dcs\data\conllu\files\Amarakośa\Amarakośa-0001-AKośa, 2-491.conllu: insert or update on table "verses" violates foreign key constraint "verses_chapter_id_fkey"
DETAIL:  Key (chapter_id)=(956418b0-cdaa-405a-91f7-063f52c2283d) is not present in table "chapters".

2026-07-31 23:23:51,875 [ERROR] Сбой стиха 343 в файле C:\MyDev\OliverHellwig\sanskrit\dcs\data\conllu\files\Amarakośa\Amarakośa-0001-AKośa, 2-491.conllu: insert or update on table "verses" violates foreign key constraint "verses_chapter_id_fkey"
DETAIL:  Key (chapter_id)=(956418b0-cdaa-405a-91f7-063f52c2283d) is not present in table "chapters".

2026-07-31 23:23:51,876 [ERROR] Сбой стиха 343 в файле C:\MyDev\OliverHellwig\sanskrit\dcs\data\conllu\files\Amarakośa\Amarakośa-0001-AKośa, 2-491.conllu: insert or update on table "verses" violates foreign key constraint "verses_chapter_id_fkey"
DETAIL:  Key (chapter_id)=(956418b0-cdaa-405a-91f7-063f52c2283d) is not present in table "chapters".

2026-07-31 23:23:51,877 [ERROR] Сбой стиха 343 в файле C:\MyDev\OliverHellwig\sanskrit\dcs\data\conllu\files\Amarakośa\Amarakośa-0001-AKośa, 2-491.conllu: insert or update on table "verses" violates foreign key constraint "verses_chapter_id_fkey"
DETAIL:  Key (chapter_id)=(956418b0-cdaa-405a-91f7-063f52c2283d) is not present in table "chapters".

2026-07-31 23:23:51,879 [ERROR] Сбой стиха 343 в файле C:\MyDev\OliverHellwig\sanskrit\dcs\data\conllu\files\Amarakośa\Amarakośa-0001-AKośa, 2-491.conllu: insert or update on table "verses" violates foreign key constraint "verses_chapter_id_fkey"
DETAIL:  Key (chapter_id)=(956418b0-cdaa-405a-91f7-063f52c2283d) is not present in table "chapters".

2026-07-31 23:23:51,890 [ERROR] Сбой стиха 343 в файле C:\MyDev\OliverHellwig\sanskrit\dcs\data\conllu\files\Amarakośa\Amarakośa-0001-AKośa, 2-491.conllu: insert or update on table "verses" violates foreign key constraint "verses_chapter_id_fkey"
DETAIL:  Key (chapter_id)=(956418b0-cdaa-405a-91f7-063f52c2283d) is not present in table "chapters".

2026-07-31 23:23:51,900 [ERROR] Сбой стиха 343 в файле C:\MyDev\OliverHellwig\sanskrit\dcs\data\conllu\files\Amarakośa\Amarakośa-0001-AKośa, 2-491.conllu: insert or update on table "verses" violates foreign key constraint "verses_chapter_id_fkey"
DETAIL:  Key (chapter_id)=(956418b0-cdaa-405a-91f7-063f52c2283d) is not present in table "chapters".

2026-07-31 23:23:51,901 [ERROR] Сбой стиха 343 в файле C:\MyDev\OliverHellwig\sanskrit\dcs\data\conllu\files\Amarakośa\Amarakośa-0001-AKośa, 2-491.conllu: insert or update on table "verses" violates foreign key constraint "verses_chapter_id_fkey"
DETAIL:  Key (chapter_id)=(956418b0-cdaa-405a-91f7-063f52c2283d) is not present in table "chapters".

2026-07-31 23:23:51,903 [ERROR] Сбой стиха 343 в файле C:\MyDev\OliverHellwig\sanskrit\dcs\data\conllu\files\Amarakośa\Amarakośa-0001-AKośa, 2-491.conllu: insert or update on table "verses" violates foreign key constraint "verses_chapter_id_fkey"
DETAIL:  Key (chapter_id)=(956418b0-cdaa-405a-91f7-063f52c2283d) is not present in table "chapters".

2026-07-31 23:23:51,904 [ERROR] Сбой стиха 343 в файле C:\MyDev\OliverHellwig\sanskrit\dcs\data\conllu\files\Amarakośa\Amarakośa-0001-AKośa, 2-491.conllu: insert or update on table "verses" violates foreign key constraint "verses_chapter_id_fkey"
DETAIL:  Key (chapter_id)=(956418b0-cdaa-405a-91f7-063f52c2283d) is not present in table "chapters".

2026-07-31 23:23:51,906 [ERROR] Сбой стиха 343 в файле C:\MyDev\OliverHellwig\sanskrit\dcs\data\conllu\files\Amarakośa\Amarakośa-0001-AKośa, 2-491.conllu: insert or update on table "verses" violates foreign key constraint "verses_chapter_id_fkey"
DETAIL:  Key (chapter_id)=(956418b0-cdaa-405a-91f7-063f52c2283d) is not present in table "chapters".

2026-07-31 23:23:51,907 [ERROR] Сбой стиха 343 в файле C:\MyDev\OliverHellwig\sanskrit\dcs\data\conllu\files\Amarakośa\Amarakośa-0001-AKośa, 2-491.conllu: insert or update on table "verses" violates foreign key constraint "verses_chapter_id_fkey"
DETAIL:  Key (chapter_id)=(956418b0-cdaa-405a-91f7-063f52c2283d) is not present in table "chapters".

2026-07-31 23:23:51,909 [ERROR] Сбой стиха 343 в файле C:\MyDev\OliverHellwig\sanskrit\dcs\data\conllu\files\Amarakośa\Amarakośa-0001-AKośa, 2-491.conllu: insert or update on table "verses" violates foreign key constraint "verses_chapter_id_fkey"
DETAIL:  Key (chapter_id)=(956418b0-cdaa-405a-91f7-063f52c2283d) is not present in table "chapters".

2026-07-31 23:23:51,910 [ERROR] Сбой стиха 343 в файле C:\MyDev\OliverHellwig\sanskrit\dcs\data\conllu\files\Amarakośa\Amarakośa-0001-AKośa, 2-491.conllu: insert or update on table "verses" violates foreign key constraint "verses_chapter_id_fkey"
DETAIL:  Key (chapter_id)=(956418b0-cdaa-405a-91f7-063f52c2283d) is not present in table "chapters".

2026-07-31 23:23:51,913 [ERROR] Сбой стиха 343 в файле C:\MyDev\OliverHellwig\sanskrit\dcs\data\conllu\files\Amarakośa\Amarakośa-0001-AKośa, 2-491.conllu: insert or update on table "verses" violates foreign key constraint "verses_chapter_id_fkey"
DETAIL:  Key (chapter_id)=(956418b0-cdaa-405a-91f7-063f52c2283d) is not present in table "chapters".

2026-07-31 23:23:51,914 [ERROR] Сбой стиха 343 в файле C:\MyDev\OliverHellwig\sanskrit\dcs\data\conllu\files\Amarakośa\Amarakośa-0001-AKośa, 2-491.conllu: insert or update on table "verses" violates foreign key constraint "verses_chapter_id_fkey"
DETAIL:  Key (chapter_id)=(956418b0-cdaa-405a-91f7-063f52c2283d) is not present in table "chapters".

2026-07-31 23:23:51,916 [ERROR] Сбой стиха 343 в файле C:\MyDev\OliverHellwig\sanskrit\dcs\data\conllu\files\Amarakośa\Amarakośa-0001-AKośa, 2-491.conllu: insert or update on table "verses" violates foreign key constraint "verses_chapter_id_fkey"
DETAIL:  Key (chapter_id)=(956418b0-cdaa-405a-91f7-063f52c2283d) is not present in table "chapters".

2026-07-31 23:23:51,917 [ERROR] Сбой стиха 343 в файле C:\MyDev\OliverHellwig\sanskrit\dcs\data\conllu\files\Amarakośa\Amarakośa-0001-AKośa, 2-491.conllu: insert or update on table "verses" violates foreign key constraint "verses_chapter_id_fkey"
DETAIL:  Key (chapter_id)=(956418b0-cdaa-405a-91f7-063f52c2283d) is not present in table "chapters".

2026-07-31 23:23:51,918 [ERROR] Сбой стиха 343 в файле C:\MyDev\OliverHellwig\sanskrit\dcs\data\conllu\files\Amarakośa\Amarakośa-0001-AKośa, 2-491.conllu: insert or update on table "verses" violates foreign key constraint "verses_chapter_id_fkey"
DETAIL:  Key (chapter_id)=(956418b0-cdaa-405a-91f7-063f52c2283d) is not present in table "chapters".

2026-07-31 23:23:51,920 [ERROR] Сбой стиха 343 в файле C:\MyDev\OliverHellwig\sanskrit\dcs\data\conllu\files\Amarakośa\Amarakośa-0001-AKośa, 2-491.conllu: insert or update on table "verses" violates foreign key constraint "verses_chapter_id_fkey"
DETAIL:  Key (chapter_id)=(956418b0-cdaa-405a-91f7-063f52c2283d) is not present in table "chapters".

2026-07-31 23:23:51,921 [ERROR] Сбой стиха 343 в файле C:\MyDev\OliverHellwig\sanskrit\dcs\data\conllu\files\Amarakośa\Amarakośa-0001-AKośa, 2-491.conllu: insert or update on table "verses" violates foreign key constraint "verses_chapter_id_fkey"
DETAIL:  Key (chapter_id)=(956418b0-cdaa-405a-91f7-063f52c2283d) is not present in table "chapters".

2026-07-31 23:23:51,922 [ERROR] Сбой стиха 343 в файле C:\MyDev\OliverHellwig\sanskrit\dcs\data\conllu\files\Amarakośa\Amarakośa-0001-AKośa, 2-491.conllu: insert or update on table "verses" violates foreign key constraint "verses_chapter_id_fkey"
DETAIL:  Key (chapter_id)=(956418b0-cdaa-405a-91f7-063f52c2283d) is not present in table "chapters".

2026-07-31 23:23:51,924 [ERROR] Сбой стиха 343 в файле C:\MyDev\OliverHellwig\sanskrit\dcs\data\conllu\files\Amarakośa\Amarakośa-0001-AKośa, 2-491.conllu: insert or update on table "verses" violates foreign key constraint "verses_chapter_id_fkey"
DETAIL:  Key (chapter_id)=(956418b0-cdaa-405a-91f7-063f52c2283d) is not present in table "chapters".

2026-07-31 23:23:51,925 [ERROR] Сбой стиха 343 в файле C:\MyDev\OliverHellwig\sanskrit\dcs\data\conllu\files\Amarakośa\Amarakośa-0001-AKośa, 2-491.conllu: insert or update on table "verses" violates foreign key constraint "verses_chapter_id_fkey"
DETAIL:  Key (chapter_id)=(956418b0-cdaa-405a-91f7-063f52c2283d) is not present in table "chapters".

2026-07-31 23:23:51,926 [ERROR] Сбой стиха 343 в файле C:\MyDev\OliverHellwig\sanskrit\dcs\data\conllu\files\Amarakośa\Amarakośa-0001-AKośa, 2-491.conllu: insert or update on table "verses" violates foreign key constraint "verses_chapter_id_fkey"
DETAIL:  Key (chapter_id)=(956418b0-cdaa-405a-91f7-063f52c2283d) is not present in table "chapters".

2026-07-31 23:23:51,928 [ERROR] Сбой стиха 343 в файле C:\MyDev\OliverHellwig\sanskrit\dcs\data\conllu\files\Amarakośa\Amarakośa-0001-AKośa, 2-491.conllu: insert or update on table "verses" violates foreign key constraint "verses_chapter_id_fkey"
DETAIL:  Key (chapter_id)=(956418b0-cdaa-405a-91f7-063f52c2283d) is not present in table "chapters".

2026-07-31 23:23:51,930 [ERROR] Сбой стиха 343 в файле C:\MyDev\OliverHellwig\sanskrit\dcs\data\conllu\files\Amarakośa\Amarakośa-0001-AKośa, 2-491.conllu: insert or update on table "verses" violates foreign key constraint "verses_chapter_id_fkey"
DETAIL:  Key (chapter_id)=(956418b0-cdaa-405a-91f7-063f52c2283d) is not present in table "chapters".

2026-07-31 23:23:51,931 [ERROR] Сбой стиха 343 в файле C:\MyDev\OliverHellwig\sanskrit\dcs\data\conllu\files\Amarakośa\Amarakośa-0001-AKośa, 2-491.conllu: insert or update on table "verses" violates foreign key constraint "verses_chapter_id_fkey"
DETAIL:  Key (chapter_id)=(956418b0-cdaa-405a-91f7-063f52c2283d) is not present in table "chapters".

2026-07-31 23:23:51,933 [ERROR] Сбой стиха 343 в файле C:\MyDev\OliverHellwig\sanskrit\dcs\data\conllu\files\Amarakośa\Amarakośa-0001-AKośa, 2-491.conllu: insert or update on table "verses" violates foreign key constraint "verses_chapter_id_fkey"
DETAIL:  Key (chapter_id)=(956418b0-cdaa-405a-91f7-063f52c2283d) is not present in table "chapters".

2026-07-31 23:23:51,934 [ERROR] Сбой стиха 343 в файле C:\MyDev\OliverHellwig\sanskrit\dcs\data\conllu\files\Amarakośa\Amarakośa-0001-AKośa, 2-491.conllu: insert or update on table "verses" violates foreign key constraint "verses_chapter_id_fkey"
DETAIL:  Key (chapter_id)=(956418b0-cdaa-405a-91f7-063f52c2283d) is not present in table "chapters".

2026-07-31 23:23:51,936 [ERROR] Сбой стиха 343 в файле C:\MyDev\OliverHellwig\sanskrit\dcs\data\conllu\files\Amarakośa\Amarakośa-0001-AKośa, 2-491.conllu: insert or update on table "verses" violates foreign key constraint "verses_chapter_id_fkey"
DETAIL:  Key (chapter_id)=(956418b0-cdaa-405a-91f7-063f52c2283d) is not present in table "chapters".

2026-07-31 23:23:51,937 [ERROR] Сбой стиха 343 в файле C:\MyDev\OliverHellwig\sanskrit\dcs\data\conllu\files\Amarakośa\Amarakośa-0001-AKośa, 2-491.conllu: insert or update on table "verses" violates foreign key constraint "verses_chapter_id_fkey"
DETAIL:  Key (chapter_id)=(956418b0-cdaa-405a-91f7-063f52c2283d) is not present in table "chapters".

2026-07-31 23:23:51,938 [ERROR] Сбой стиха 343 в файле C:\MyDev\OliverHellwig\sanskrit\dcs\data\conllu\files\Amarakośa\Amarakośa-0001-AKośa, 2-491.conllu: insert or update on table "verses" violates foreign key constraint "verses_chapter_id_fkey"
DETAIL:  Key (chapter_id)=(956418b0-cdaa-405a-91f7-063f52c2283d) is not present in table "chapters".

2026-07-31 23:23:51,939 [ERROR] Сбой стиха 343 в файле C:\MyDev\OliverHellwig\sanskrit\dcs\data\conllu\files\Amarakośa\Amarakośa-0001-AKośa, 2-491.conllu: insert or update on table "verses" violates foreign key constraint "verses_chapter_id_fkey"
DETAIL:  Key (chapter_id)=(956418b0-cdaa-405a-91f7-063f52c2283d) is not present in table "chapters".

2026-07-31 23:23:51,944 [ERROR] Сбой стиха 343 в файле C:\MyDev\OliverHellwig\sanskrit\dcs\data\conllu\files\Amarakośa\Amarakośa-0001-AKośa, 2-491.conllu: insert or update on table "verses" violates foreign key constraint "verses_chapter_id_fkey"
DETAIL:  Key (chapter_id)=(956418b0-cdaa-405a-91f7-063f52c2283d) is not present in table "chapters".

2026-07-31 23:23:51,956 [ERROR] Сбой стиха 343 в файле C:\MyDev\OliverHellwig\sanskrit\dcs\data\conllu\files\Amarakośa\Amarakośa-0001-AKośa, 2-491.conllu: insert or update on table "verses" violates foreign key constraint "verses_chapter_id_fkey"
DETAIL:  Key (chapter_id)=(956418b0-cdaa-405a-91f7-063f52c2283d) is not present in table "chapters".

2026-07-31 23:23:51,961 [ERROR] Сбой стиха 343 в файле C:\MyDev\OliverHellwig\sanskrit\dcs\data\conllu\files\Amarakośa\Amarakośa-0001-AKośa, 2-491.conllu: insert or update on table "verses" violates foreign key constraint "verses_chapter_id_fkey"
DETAIL:  Key (chapter_id)=(956418b0-cdaa-405a-91f7-063f52c2283d) is not present in table "chapters".

2026-07-31 23:23:51,963 [ERROR] Сбой стиха 343 в файле C:\MyDev\OliverHellwig\sanskrit\dcs\data\conllu\files\Amarakośa\Amarakośa-0001-AKośa, 2-491.conllu: insert or update on table "verses" violates foreign key constraint "verses_chapter_id_fkey"
DETAIL:  Key (chapter_id)=(956418b0-cdaa-405a-91f7-063f52c2283d) is not present in table "chapters".

2026-07-31 23:23:51,964 [ERROR] Сбой стиха 343 в файле C:\MyDev\OliverHellwig\sanskrit\dcs\data\conllu\files\Amarakośa\Amarakośa-0001-AKośa, 2-491.conllu: insert or update on table "verses" violates foreign key constraint "verses_chapter_id_fkey"
DETAIL:  Key (chapter_id)=(956418b0-cdaa-405a-91f7-063f52c2283d) is not present in table "chapters".

2026-07-31 23:23:51,965 [ERROR] Сбой стиха 343 в файле C:\MyDev\OliverHellwig\sanskrit\dcs\data\conllu\files\Amarakośa\Amarakośa-0001-AKośa, 2-491.conllu: insert or update on table "verses" violates foreign key constraint "verses_chapter_id_fkey"
DETAIL:  Key (chapter_id)=(956418b0-cdaa-405a-91f7-063f52c2283d) is not present in table "chapters".

2026-07-31 23:23:51,967 [ERROR] Сбой стиха 343 в файле C:\MyDev\OliverHellwig\sanskrit\dcs\data\conllu\files\Amarakośa\Amarakośa-0001-AKośa, 2-491.conllu: insert or update on table "verses" violates foreign key constraint "verses_chapter_id_fkey"
DETAIL:  Key (chapter_id)=(956418b0-cdaa-405a-91f7-063f52c2283d) is not present in table "chapters".

2026-07-31 23:23:51,968 [ERROR] Сбой стиха 343 в файле C:\MyDev\OliverHellwig\sanskrit\dcs\data\conllu\files\Amarakośa\Amarakośa-0001-AKośa, 2-491.conllu: insert or update on table "verses" violates foreign key constraint "verses_chapter_id_fkey"
DETAIL:  Key (chapter_id)=(956418b0-cdaa-405a-91f7-063f52c2283d) is not present in table "chapters".

2026-07-31 23:23:51,969 [ERROR] Сбой стиха 343 в файле C:\MyDev\OliverHellwig\sanskrit\dcs\data\conllu\files\Amarakośa\Amarakośa-0001-AKośa, 2-491.conllu: insert or update on table "verses" violates foreign key constraint "verses_chapter_id_fkey"
DETAIL:  Key (chapter_id)=(956418b0-cdaa-405a-91f7-063f52c2283d) is not present in table "chapters".

2026-07-31 23:23:51,971 [ERROR] Сбой стиха 343 в файле C:\MyDev\OliverHellwig\sanskrit\dcs\data\conllu\files\Amarakośa\Amarakośa-0001-AKośa, 2-491.conllu: insert or update on table "verses" violates foreign key constraint "verses_chapter_id_fkey"
DETAIL:  Key (chapter_id)=(956418b0-cdaa-405a-91f7-063f52c2283d) is not present in table "chapters".

2026-07-31 23:23:51,972 [ERROR] Сбой стиха 343 в файле C:\MyDev\OliverHellwig\sanskrit\dcs\data\conllu\files\Amarakośa\Amarakośa-0001-AKośa, 2-491.conllu: insert or update on table "verses" violates foreign key constraint "verses_chapter_id_fkey"
DETAIL:  Key (chapter_id)=(956418b0-cdaa-405a-91f7-063f52c2283d) is not present in table "chapters".

2026-07-31 23:23:51,973 [ERROR] Сбой стиха 343 в файле C:\MyDev\OliverHellwig\sanskrit\dcs\data\conllu\files\Amarakośa\Amarakośa-0001-AKośa, 2-491.conllu: insert or update on table "verses" violates foreign key constraint "verses_chapter_id_fkey"
DETAIL:  Key (chapter_id)=(956418b0-cdaa-405a-91f7-063f52c2283d) is not present in table "chapters".

2026-07-31 23:23:51,976 [ERROR] Сбой стиха 343 в файле C:\MyDev\OliverHellwig\sanskrit\dcs\data\conllu\files\Amarakośa\Amarakośa-0001-AKośa, 2-491.conllu: insert or update on table "verses" violates foreign key constraint "verses_chapter_id_fkey"
DETAIL:  Key (chapter_id)=(956418b0-cdaa-405a-91f7-063f52c2283d) is not present in table "chapters".

2026-07-31 23:23:51,977 [ERROR] Сбой стиха 343 в файле C:\MyDev\OliverHellwig\sanskrit\dcs\data\conllu\files\Amarakośa\Amarakośa-0001-AKośa, 2-491.conllu: insert or update on table "verses" violates foreign key constraint "verses_chapter_id_fkey"
DETAIL:  Key (chapter_id)=(956418b0-cdaa-405a-91f7-063f52c2283d) is not present in table "chapters".

2026-07-31 23:23:51,978 [ERROR] Сбой стиха 343 в файле C:\MyDev\OliverHellwig\sanskrit\dcs\data\conllu\files\Amarakośa\Amarakośa-0001-AKośa, 2-491.conllu: insert or update on table "verses" violates foreign key constraint "verses_chapter_id_fkey"
DETAIL:  Key (chapter_id)=(956418b0-cdaa-405a-91f7-063f52c2283d) is not present in table "chapters".

2026-07-31 23:23:51,979 [ERROR] Сбой стиха 343 в файле C:\MyDev\OliverHellwig\sanskrit\dcs\data\conllu\files\Amarakośa\Amarakośa-0001-AKośa, 2-491.conllu: insert or update on table "verses" violates foreign key constraint "verses_chapter_id_fkey"
DETAIL:  Key (chapter_id)=(956418b0-cdaa-405a-91f7-063f52c2283d) is not present in table "chapters".

2026-07-31 23:23:51,981 [ERROR] Сбой стиха 343 в файле C:\MyDev\OliverHellwig\sanskrit\dcs\data\conllu\files\Amarakośa\Amarakośa-0001-AKośa, 2-491.conllu: insert or update on table "verses" violates foreign key constraint "verses_chapter_id_fkey"
DETAIL:  Key (chapter_id)=(956418b0-cdaa-405a-91f7-063f52c2283d) is not present in table "chapters".

2026-07-31 23:23:51,992 [ERROR] Сбой стиха 343 в файле C:\MyDev\OliverHellwig\sanskrit\dcs\data\conllu\files\Amarakośa\Amarakośa-0001-AKośa, 2-491.conllu: insert or update on table "verses" violates foreign key constraint "verses_chapter_id_fkey"
DETAIL:  Key (chapter_id)=(956418b0-cdaa-405a-91f7-063f52c2283d) is not present in table "chapters".

2026-07-31 23:23:52,000 [ERROR] Сбой стиха 343 в файле C:\MyDev\OliverHellwig\sanskrit\dcs\data\conllu\files\Amarakośa\Amarakośa-0001-AKośa, 2-491.conllu: insert or update on table "verses" violates foreign key constraint "verses_chapter_id_fkey"
DETAIL:  Key (chapter_id)=(956418b0-cdaa-405a-91f7-063f52c2283d) is not present in table "chapters".

2026-07-31 23:23:52,004 [ERROR] Сбой стиха 343 в файле C:\MyDev\OliverHellwig\sanskrit\dcs\data\conllu\files\Amarakośa\Amarakośa-0001-AKośa, 2-491.conllu: insert or update on table "verses" violates foreign key constraint "verses_chapter_id_fkey"
DETAIL:  Key (chapter_id)=(956418b0-cdaa-405a-91f7-063f52c2283d) is not present in table "chapters".

2026-07-31 23:23:52,006 [ERROR] Сбой стиха 343 в файле C:\MyDev\OliverHellwig\sanskrit\dcs\data\conllu\files\Amarakośa\Amarakośa-0001-AKośa, 2-491.conllu: insert or update on table "verses" violates foreign key constraint "verses_chapter_id_fkey"
DETAIL:  Key (chapter_id)=(956418b0-cdaa-405a-91f7-063f52c2283d) is not present in table "chapters".

2026-07-31 23:23:52,007 [ERROR] Сбой стиха 343 в файле C:\MyDev\OliverHellwig\sanskrit\dcs\data\conllu\files\Amarakośa\Amarakośa-0001-AKośa, 2-491.conllu: insert or update on table "verses" violates foreign key constraint "verses_chapter_id_fkey"
DETAIL:  Key (chapter_id)=(956418b0-cdaa-405a-91f7-063f52c2283d) is not present in table "chapters".

2026-07-31 23:23:52,008 [ERROR] Сбой стиха 343 в файле C:\MyDev\OliverHellwig\sanskrit\dcs\data\conllu\files\Amarakośa\Amarakośa-0001-AKośa, 2-491.conllu: insert or update on table "verses" violates foreign key constraint "verses_chapter_id_fkey"
DETAIL:  Key (chapter_id)=(956418b0-cdaa-405a-91f7-063f52c2283d) is not present in table "chapters".

2026-07-31 23:23:52,009 [ERROR] Сбой стиха 343 в файле C:\MyDev\OliverHellwig\sanskrit\dcs\data\conllu\files\Amarakośa\Amarakośa-0001-AKośa, 2-491.conllu: insert or update on table "verses" violates foreign key constraint "verses_chapter_id_fkey"
DETAIL:  Key (chapter_id)=(956418b0-cdaa-405a-91f7-063f52c2283d) is not present in table "chapters".

2026-07-31 23:23:52,011 [ERROR] Сбой стиха 343 в файле C:\MyDev\OliverHellwig\sanskrit\dcs\data\conllu\files\Amarakośa\Amarakośa-0001-AKośa, 2-491.conllu: insert or update on table "verses" violates foreign key constraint "verses_chapter_id_fkey"
DETAIL:  Key (chapter_id)=(956418b0-cdaa-405a-91f7-063f52c2283d) is not present in table "chapters".

2026-07-31 23:23:52,012 [ERROR] Сбой стиха 343 в файле C:\MyDev\OliverHellwig\sanskrit\dcs\data\conllu\files\Amarakośa\Amarakośa-0001-AKośa, 2-491.conllu: insert or update on table "verses" violates foreign key constraint "verses_chapter_id_fkey"
DETAIL:  Key (chapter_id)=(956418b0-cdaa-405a-91f7-063f52c2283d) is not present in table "chapters".

2026-07-31 23:23:52,013 [ERROR] Сбой стиха 343 в файле C:\MyDev\OliverHellwig\sanskrit\dcs\data\conllu\files\Amarakośa\Amarakośa-0001-AKośa, 2-491.conllu: insert or update on table "verses" violates foreign key constraint "verses_chapter_id_fkey"
DETAIL:  Key (chapter_id)=(956418b0-cdaa-405a-91f7-063f52c2283d) is not present in table "chapters".

2026-07-31 23:23:52,015 [ERROR] Сбой стиха 343 в файле C:\MyDev\OliverHellwig\sanskrit\dcs\data\conllu\files\Amarakośa\Amarakośa-0001-AKośa, 2-491.conllu: insert or update on table "verses" violates foreign key constraint "verses_chapter_id_fkey"
DETAIL:  Key (chapter_id)=(956418b0-cdaa-405a-91f7-063f52c2283d) is not present in table "chapters".

2026-07-31 23:23:52,016 [ERROR] Сбой стиха 343 в файле C:\MyDev\OliverHellwig\sanskrit\dcs\data\conllu\files\Amarakośa\Amarakośa-0001-AKośa, 2-491.conllu: insert or update on table "verses" violates foreign key constraint "verses_chapter_id_fkey"
DETAIL:  Key (chapter_id)=(956418b0-cdaa-405a-91f7-063f52c2283d) is not present in table "chapters".

2026-07-31 23:23:52,017 [ERROR] Сбой стиха 343 в файле C:\MyDev\OliverHellwig\sanskrit\dcs\data\conllu\files\Amarakośa\Amarakośa-0001-AKośa, 2-491.conllu: insert or update on table "verses" violates foreign key constraint "verses_chapter_id_fkey"
DETAIL:  Key (chapter_id)=(956418b0-cdaa-405a-91f7-063f52c2283d) is not present in table "chapters".

2026-07-31 23:23:52,019 [ERROR] Сбой стиха 343 в файле C:\MyDev\OliverHellwig\sanskrit\dcs\data\conllu\files\Amarakośa\Amarakośa-0001-AKośa, 2-491.conllu: insert or update on table "verses" violates foreign key constraint "verses_chapter_id_fkey"
DETAIL:  Key (chapter_id)=(956418b0-cdaa-405a-91f7-063f52c2283d) is not present in table "chapters".

2026-07-31 23:23:52,021 [ERROR] Сбой стиха 343 в файле C:\MyDev\OliverHellwig\sanskrit\dcs\data\conllu\files\Amarakośa\Amarakośa-0001-AKośa, 2-491.conllu: insert or update on table "verses" violates foreign key constraint "verses_chapter_id_fkey"
DETAIL:  Key (chapter_id)=(956418b0-cdaa-405a-91f7-063f52c2283d) is not present in table "chapters".

2026-07-31 23:23:52,022 [ERROR] Сбой стиха 343 в файле C:\MyDev\OliverHellwig\sanskrit\dcs\data\conllu\files\Amarakośa\Amarakośa-0001-AKośa, 2-491.conllu: insert or update on table "verses" violates foreign key constraint "verses_chapter_id_fkey"
DETAIL:  Key (chapter_id)=(956418b0-cdaa-405a-91f7-063f52c2283d) is not present in table "chapters".

2026-07-31 23:23:52,023 [ERROR] Сбой стиха 343 в файле C:\MyDev\OliverHellwig\sanskrit\dcs\data\conllu\files\Amarakośa\Amarakośa-0001-AKośa, 2-491.conllu: insert or update on table "verses" violates foreign key constraint "verses_chapter_id_fkey"
DETAIL:  Key (chapter_id)=(956418b0-cdaa-405a-91f7-063f52c2283d) is not present in table "chapters".

2026-07-31 23:23:52,024 [ERROR] Сбой стиха 343 в файле C:\MyDev\OliverHellwig\sanskrit\dcs\data\conllu\files\Amarakośa\Amarakośa-0001-AKośa, 2-491.conllu: insert or update on table "verses" violates foreign key constraint "verses_chapter_id_fkey"
DETAIL:  Key (chapter_id)=(956418b0-cdaa-405a-91f7-063f52c2283d) is not present in table "chapters".

2026-07-31 23:23:52,026 [ERROR] Сбой стиха 343 в файле C:\MyDev\OliverHellwig\sanskrit\dcs\data\conllu\files\Amarakośa\Amarakośa-0001-AKośa, 2-491.conllu: insert or update on table "verses" violates foreign key constraint "verses_chapter_id_fkey"
DETAIL:  Key (chapter_id)=(956418b0-cdaa-405a-91f7-063f52c2283d) is not present in table "chapters".

2026-07-31 23:23:52,027 [ERROR] Сбой стиха 343 в файле C:\MyDev\OliverHellwig\sanskrit\dcs\data\conllu\files\Amarakośa\Amarakośa-0001-AKośa, 2-491.conllu: insert or update on table "verses" violates foreign key constraint "verses_chapter_id_fkey"
DETAIL:  Key (chapter_id)=(956418b0-cdaa-405a-91f7-063f52c2283d) is not present in table "chapters".

2026-07-31 23:23:52,028 [ERROR] Сбой стиха 343 в файле C:\MyDev\OliverHellwig\sanskrit\dcs\data\conllu\files\Amarakośa\Amarakośa-0001-AKośa, 2-491.conllu: insert or update on table "verses" violates foreign key constraint "verses_chapter_id_fkey"
DETAIL:  Key (chapter_id)=(956418b0-cdaa-405a-91f7-063f52c2283d) is not present in table "chapters".

2026-07-31 23:23:52,030 [ERROR] Сбой стиха 343 в файле C:\MyDev\OliverHellwig\sanskrit\dcs\data\conllu\files\Amarakośa\Amarakośa-0001-AKośa, 2-491.conllu: insert or update on table "verses" violates foreign key constraint "verses_chapter_id_fkey"
DETAIL:  Key (chapter_id)=(956418b0-cdaa-405a-91f7-063f52c2283d) is not present in table "chapters".

2026-07-31 23:23:52,031 [ERROR] Сбой стиха 343 в файле C:\MyDev\OliverHellwig\sanskrit\dcs\data\conllu\files\Amarakośa\Amarakośa-0001-AKośa, 2-491.conllu: insert or update on table "verses" violates foreign key constraint "verses_chapter_id_fkey"
DETAIL:  Key (chapter_id)=(956418b0-cdaa-405a-91f7-063f52c2283d) is not present in table "chapters".

2026-07-31 23:23:52,032 [ERROR] Сбой стиха 343 в файле C:\MyDev\OliverHellwig\sanskrit\dcs\data\conllu\files\Amarakośa\Amarakośa-0001-AKośa, 2-491.conllu: insert or update on table "verses" violates foreign key constraint "verses_chapter_id_fkey"
DETAIL:  Key (chapter_id)=(956418b0-cdaa-405a-91f7-063f52c2283d) is not present in table "chapters".

2026-07-31 23:23:52,033 [ERROR] Сбой стиха 343 в файле C:\MyDev\OliverHellwig\sanskrit\dcs\data\conllu\files\Amarakośa\Amarakośa-0001-AKośa, 2-491.conllu: insert or update on table "verses" violates foreign key constraint "verses_chapter_id_fkey"
DETAIL:  Key (chapter_id)=(956418b0-cdaa-405a-91f7-063f52c2283d) is not present in table "chapters".

2026-07-31 23:23:52,036 [ERROR] Сбой стиха 343 в файле C:\MyDev\OliverHellwig\sanskrit\dcs\data\conllu\files\Amarakośa\Amarakośa-0001-AKośa, 2-491.conllu: insert or update on table "verses" violates foreign key constraint "verses_chapter_id_fkey"
DETAIL:  Key (chapter_id)=(956418b0-cdaa-405a-91f7-063f52c2283d) is not present in table "chapters".

2026-07-31 23:23:52,038 [ERROR] Сбой стиха 343 в файле C:\MyDev\OliverHellwig\sanskrit\dcs\data\conllu\files\Amarakośa\Amarakośa-0001-AKośa, 2-491.conllu: insert or update on table "verses" violates foreign key constraint "verses_chapter_id_fkey"
DETAIL:  Key (chapter_id)=(956418b0-cdaa-405a-91f7-063f52c2283d) is not present in table "chapters".

2026-07-31 23:23:52,039 [ERROR] Сбой стиха 343 в файле C:\MyDev\OliverHellwig\sanskrit\dcs\data\conllu\files\Amarakośa\Amarakośa-0001-AKośa, 2-491.conllu: insert or update on table "verses" violates foreign key constraint "verses_chapter_id_fkey"
DETAIL:  Key (chapter_id)=(956418b0-cdaa-405a-91f7-063f52c2283d) is not present in table "chapters".

2026-07-31 23:23:52,041 [ERROR] Сбой стиха 343 в файле C:\MyDev\OliverHellwig\sanskrit\dcs\data\conllu\files\Amarakośa\Amarakośa-0001-AKośa, 2-491.conllu: insert or update on table "verses" violates foreign key constraint "verses_chapter_id_fkey"
DETAIL:  Key (chapter_id)=(956418b0-cdaa-405a-91f7-063f52c2283d) is not present in table "chapters".

2026-07-31 23:23:52,046 [ERROR] Сбой стиха 343 в файле C:\MyDev\OliverHellwig\sanskrit\dcs\data\conllu\files\Amarakośa\Amarakośa-0001-AKośa, 2-491.conllu: insert or update on table "verses" violates foreign key constraint "verses_chapter_id_fkey"
DETAIL:  Key (chapter_id)=(956418b0-cdaa-405a-91f7-063f52c2283d) is not present in table "chapters".

2026-07-31 23:23:52,054 [ERROR] Сбой стиха 343 в файле C:\MyDev\OliverHellwig\sanskrit\dcs\data\conllu\files\Amarakośa\Amarakośa-0001-AKośa, 2-491.conllu: insert or update on table "verses" violates foreign key constraint "verses_chapter_id_fkey"
DETAIL:  Key (chapter_id)=(956418b0-cdaa-405a-91f7-063f52c2283d) is not present in table "chapters".

2026-07-31 23:23:52,063 [ERROR] Сбой стиха 343 в файле C:\MyDev\OliverHellwig\sanskrit\dcs\data\conllu\files\Amarakośa\Amarakośa-0001-AKośa, 2-491.conllu: insert or update on table "verses" violates foreign key constraint "verses_chapter_id_fkey"
DETAIL:  Key (chapter_id)=(956418b0-cdaa-405a-91f7-063f52c2283d) is not present in table "chapters".

2026-07-31 23:23:52,065 [ERROR] Сбой стиха 343 в файле C:\MyDev\OliverHellwig\sanskrit\dcs\data\conllu\files\Amarakośa\Amarakośa-0001-AKośa, 2-491.conllu: insert or update on table "verses" violates foreign key constraint "verses_chapter_id_fkey"
DETAIL:  Key (chapter_id)=(956418b0-cdaa-405a-91f7-063f52c2283d) is not present in table "chapters".

2026-07-31 23:23:52,066 [ERROR] Сбой стиха 343 в файле C:\MyDev\OliverHellwig\sanskrit\dcs\data\conllu\files\Amarakośa\Amarakośa-0001-AKośa, 2-491.conllu: insert or update on table "verses" violates foreign key constraint "verses_chapter_id_fkey"
DETAIL:  Key (chapter_id)=(956418b0-cdaa-405a-91f7-063f52c2283d) is not present in table "chapters".

2026-07-31 23:23:52,068 [ERROR] Сбой стиха 343 в файле C:\MyDev\OliverHellwig\sanskrit\dcs\data\conllu\files\Amarakośa\Amarakośa-0001-AKośa, 2-491.conllu: insert or update on table "verses" violates foreign key constraint "verses_chapter_id_fkey"
DETAIL:  Key (chapter_id)=(956418b0-cdaa-405a-91f7-063f52c2283d) is not present in table "chapters".

2026-07-31 23:23:52,069 [ERROR] Сбой стиха 343 в файле C:\MyDev\OliverHellwig\sanskrit\dcs\data\conllu\files\Amarakośa\Amarakośa-0001-AKośa, 2-491.conllu: insert or update on table "verses" violates foreign key constraint "verses_chapter_id_fkey"
DETAIL:  Key (chapter_id)=(956418b0-cdaa-405a-91f7-063f52c2283d) is not present in table "chapters".

2026-07-31 23:23:52,070 [ERROR] Сбой стиха 343 в файле C:\MyDev\OliverHellwig\sanskrit\dcs\data\conllu\files\Amarakośa\Amarakośa-0001-AKośa, 2-491.conllu: insert or update on table "verses" violates foreign key constraint "verses_chapter_id_fkey"
DETAIL:  Key (chapter_id)=(956418b0-cdaa-405a-91f7-063f52c2283d) is not present in table "chapters".

2026-07-31 23:23:52,071 [ERROR] Сбой стиха 343 в файле C:\MyDev\OliverHellwig\sanskrit\dcs\data\conllu\files\Amarakośa\Amarakośa-0001-AKośa, 2-491.conllu: insert or update on table "verses" violates foreign key constraint "verses_chapter_id_fkey"
DETAIL:  Key (chapter_id)=(956418b0-cdaa-405a-91f7-063f52c2283d) is not present in table "chapters".

2026-07-31 23:23:52,073 [ERROR] Сбой стиха 343 в файле C:\MyDev\OliverHellwig\sanskrit\dcs\data\conllu\files\Amarakośa\Amarakośa-0001-AKośa, 2-491.conllu: insert or update on table "verses" violates foreign key constraint "verses_chapter_id_fkey"
DETAIL:  Key (chapter_id)=(956418b0-cdaa-405a-91f7-063f52c2283d) is not present in table "chapters".

2026-07-31 23:23:52,074 [ERROR] Сбой стиха 343 в файле C:\MyDev\OliverHellwig\sanskrit\dcs\data\conllu\files\Amarakośa\Amarakośa-0001-AKośa, 2-491.conllu: insert or update on table "verses" violates foreign key constraint "verses_chapter_id_fkey"
DETAIL:  Key (chapter_id)=(956418b0-cdaa-405a-91f7-063f52c2283d) is not present in table "chapters".

2026-07-31 23:23:52,075 [ERROR] Сбой стиха 343 в файле C:\MyDev\OliverHellwig\sanskrit\dcs\data\conllu\files\Amarakośa\Amarakośa-0001-AKośa, 2-491.conllu: insert or update on table "verses" violates foreign key constraint "verses_chapter_id_fkey"
DETAIL:  Key (chapter_id)=(956418b0-cdaa-405a-91f7-063f52c2283d) is not present in table "chapters".

2026-07-31 23:23:52,077 [ERROR] Сбой стиха 343 в файле C:\MyDev\OliverHellwig\sanskrit\dcs\data\conllu\files\Amarakośa\Amarakośa-0001-AKośa, 2-491.conllu: insert or update on table "verses" violates foreign key constraint "verses_chapter_id_fkey"
DETAIL:  Key (chapter_id)=(956418b0-cdaa-405a-91f7-063f52c2283d) is not present in table "chapters".

2026-07-31 23:23:52,078 [ERROR] Сбой стиха 343 в файле C:\MyDev\OliverHellwig\sanskrit\dcs\data\conllu\files\Amarakośa\Amarakośa-0001-AKośa, 2-491.conllu: insert or update on table "verses" violates foreign key constraint "verses_chapter_id_fkey"
DETAIL:  Key (chapter_id)=(956418b0-cdaa-405a-91f7-063f52c2283d) is not present in table "chapters".

2026-07-31 23:23:52,079 [ERROR] Сбой стиха 343 в файле C:\MyDev\OliverHellwig\sanskrit\dcs\data\conllu\files\Amarakośa\Amarakośa-0001-AKośa, 2-491.conllu: insert or update on table "verses" violates foreign key constraint "verses_chapter_id_fkey"
DETAIL:  Key (chapter_id)=(956418b0-cdaa-405a-91f7-063f52c2283d) is not present in table "chapters".

2026-07-31 23:23:52,081 [ERROR] Сбой стиха 343 в файле C:\MyDev\OliverHellwig\sanskrit\dcs\data\conllu\files\Amarakośa\Amarakośa-0001-AKośa, 2-491.conllu: insert or update on table "verses" violates foreign key constraint "verses_chapter_id_fkey"
DETAIL:  Key (chapter_id)=(956418b0-cdaa-405a-91f7-063f52c2283d) is not present in table "chapters".

2026-07-31 23:23:52,083 [ERROR] Сбой стиха 343 в файле C:\MyDev\OliverHellwig\sanskrit\dcs\data\conllu\files\Amarakośa\Amarakośa-0001-AKośa, 2-491.conllu: insert or update on table "verses" violates foreign key constraint "verses_chapter_id_fkey"
DETAIL:  Key (chapter_id)=(956418b0-cdaa-405a-91f7-063f52c2283d) is not present in table "chapters".

2026-07-31 23:23:52,089 [ERROR] Сбой стиха 343 в файле C:\MyDev\OliverHellwig\sanskrit\dcs\data\conllu\files\Amarakośa\Amarakośa-0001-AKośa, 2-491.conllu: insert or update on table "verses" violates foreign key constraint "verses_chapter_id_fkey"
DETAIL:  Key (chapter_id)=(956418b0-cdaa-405a-91f7-063f52c2283d) is not present in table "chapters".

2026-07-31 23:23:52,100 [ERROR] Сбой стиха 343 в файле C:\MyDev\OliverHellwig\sanskrit\dcs\data\conllu\files\Amarakośa\Amarakośa-0001-AKośa, 2-491.conllu: insert or update on table "verses" violates foreign key constraint "verses_chapter_id_fkey"
DETAIL:  Key (chapter_id)=(956418b0-cdaa-405a-91f7-063f52c2283d) is not present in table "chapters".

2026-07-31 23:23:52,107 [ERROR] Сбой стиха 343 в файле C:\MyDev\OliverHellwig\sanskrit\dcs\data\conllu\files\Amarakośa\Amarakośa-0001-AKośa, 2-491.conllu: insert or update on table "verses" violates foreign key constraint "verses_chapter_id_fkey"
DETAIL:  Key (chapter_id)=(956418b0-cdaa-405a-91f7-063f52c2283d) is not present in table "chapters".

2026-07-31 23:23:52,109 [ERROR] Сбой стиха 343 в файле C:\MyDev\OliverHellwig\sanskrit\dcs\data\conllu\files\Amarakośa\Amarakośa-0001-AKośa, 2-491.conllu: insert or update on table "verses" violates foreign key constraint "verses_chapter_id_fkey"
DETAIL:  Key (chapter_id)=(956418b0-cdaa-405a-91f7-063f52c2283d) is not present in table "chapters".

2026-07-31 23:23:52,111 [ERROR] Сбой стиха 343 в файле C:\MyDev\OliverHellwig\sanskrit\dcs\data\conllu\files\Amarakośa\Amarakośa-0001-AKośa, 2-491.conllu: insert or update on table "verses" violates foreign key constraint "verses_chapter_id_fkey"
DETAIL:  Key (chapter_id)=(956418b0-cdaa-405a-91f7-063f52c2283d) is not present in table "chapters".

2026-07-31 23:23:52,113 [ERROR] Сбой стиха 343 в файле C:\MyDev\OliverHellwig\sanskrit\dcs\data\conllu\files\Amarakośa\Amarakośa-0001-AKośa, 2-491.conllu: insert or update on table "verses" violates foreign key constraint "verses_chapter_id_fkey"
DETAIL:  Key (chapter_id)=(956418b0-cdaa-405a-91f7-063f52c2283d) is not present in table "chapters".

2026-07-31 23:23:52,114 [ERROR] Сбой стиха 343 в файле C:\MyDev\OliverHellwig\sanskrit\dcs\data\conllu\files\Amarakośa\Amarakośa-0001-AKośa, 2-491.conllu: insert or update on table "verses" violates foreign key constraint "verses_chapter_id_fkey"
DETAIL:  Key (chapter_id)=(956418b0-cdaa-405a-91f7-063f52c2283d) is not present in table "chapters".

2026-07-31 23:23:52,115 [ERROR] Сбой стиха 343 в файле C:\MyDev\OliverHellwig\sanskrit\dcs\data\conllu\files\Amarakośa\Amarakośa-0001-AKośa, 2-491.conllu: insert or update on table "verses" violates foreign key constraint "verses_chapter_id_fkey"
DETAIL:  Key (chapter_id)=(956418b0-cdaa-405a-91f7-063f52c2283d) is not present in table "chapters".

2026-07-31 23:23:52,117 [ERROR] Сбой стиха 343 в файле C:\MyDev\OliverHellwig\sanskrit\dcs\data\conllu\files\Amarakośa\Amarakośa-0001-AKośa, 2-491.conllu: insert or update on table "verses" violates foreign key constraint "verses_chapter_id_fkey"
DETAIL:  Key (chapter_id)=(956418b0-cdaa-405a-91f7-063f52c2283d) is not present in table "chapters".

2026-07-31 23:23:52,118 [ERROR] Сбой стиха 343 в файле C:\MyDev\OliverHellwig\sanskrit\dcs\data\conllu\files\Amarakośa\Amarakośa-0001-AKośa, 2-491.conllu: insert or update on table "verses" violates foreign key constraint "verses_chapter_id_fkey"
DETAIL:  Key (chapter_id)=(956418b0-cdaa-405a-91f7-063f52c2283d) is not present in table "chapters".

2026-07-31 23:23:52,119 [ERROR] Сбой стиха 343 в файле C:\MyDev\OliverHellwig\sanskrit\dcs\data\conllu\files\Amarakośa\Amarakośa-0001-AKośa, 2-491.conllu: insert or update on table "verses" violates foreign key constraint "verses_chapter_id_fkey"
DETAIL:  Key (chapter_id)=(956418b0-cdaa-405a-91f7-063f52c2283d) is not present in table "chapters".

2026-07-31 23:23:52,121 [ERROR] Сбой стиха 343 в файле C:\MyDev\OliverHellwig\sanskrit\dcs\data\conllu\files\Amarakośa\Amarakośa-0001-AKośa, 2-491.conllu: insert or update on table "verses" violates foreign key constraint "verses_chapter_id_fkey"
DETAIL:  Key (chapter_id)=(956418b0-cdaa-405a-91f7-063f52c2283d) is not present in table "chapters".

2026-07-31 23:23:52,122 [ERROR] Сбой стиха 343 в файле C:\MyDev\OliverHellwig\sanskrit\dcs\data\conllu\files\Amarakośa\Amarakośa-0001-AKośa, 2-491.conllu: insert or update on table "verses" violates foreign key constraint "verses_chapter_id_fkey"
DETAIL:  Key (chapter_id)=(956418b0-cdaa-405a-91f7-063f52c2283d) is not present in table "chapters".

2026-07-31 23:23:52,124 [ERROR] Сбой стиха 343 в файле C:\MyDev\OliverHellwig\sanskrit\dcs\data\conllu\files\Amarakośa\Amarakośa-0001-AKośa, 2-491.conllu: insert or update on table "verses" violates foreign key constraint "verses_chapter_id_fkey"
DETAIL:  Key (chapter_id)=(956418b0-cdaa-405a-91f7-063f52c2283d) is not present in table "chapters".

2026-07-31 23:23:52,125 [ERROR] Сбой стиха 343 в файле C:\MyDev\OliverHellwig\sanskrit\dcs\data\conllu\files\Amarakośa\Amarakośa-0001-AKośa, 2-491.conllu: insert or update on table "verses" violates foreign key constraint "verses_chapter_id_fkey"
DETAIL:  Key (chapter_id)=(956418b0-cdaa-405a-91f7-063f52c2283d) is not present in table "chapters".

2026-07-31 23:23:52,126 [ERROR] Сбой стиха 343 в файле C:\MyDev\OliverHellwig\sanskrit\dcs\data\conllu\files\Amarakośa\Amarakośa-0001-AKośa, 2-491.conllu: insert or update on table "verses" violates foreign key constraint "verses_chapter_id_fkey"
DETAIL:  Key (chapter_id)=(956418b0-cdaa-405a-91f7-063f52c2283d) is not present in table "chapters".

2026-07-31 23:23:52,128 [ERROR] Сбой стиха 343 в файле C:\MyDev\OliverHellwig\sanskrit\dcs\data\conllu\files\Amarakośa\Amarakośa-0001-AKośa, 2-491.conllu: insert or update on table "verses" violates foreign key constraint "verses_chapter_id_fkey"
DETAIL:  Key (chapter_id)=(956418b0-cdaa-405a-91f7-063f52c2283d) is not present in table "chapters".

2026-07-31 23:23:52,129 [ERROR] Сбой стиха 343 в файле C:\MyDev\OliverHellwig\sanskrit\dcs\data\conllu\files\Amarakośa\Amarakośa-0001-AKośa, 2-491.conllu: insert or update on table "verses" violates foreign key constraint "verses_chapter_id_fkey"
DETAIL:  Key (chapter_id)=(956418b0-cdaa-405a-91f7-063f52c2283d) is not present in table "chapters".

2026-07-31 23:23:52,130 [ERROR] Сбой стиха 343 в файле C:\MyDev\OliverHellwig\sanskrit\dcs\data\conllu\files\Amarakośa\Amarakośa-0001-AKośa, 2-491.conllu: insert or update on table "verses" violates foreign key constraint "verses_chapter_id_fkey"
DETAIL:  Key (chapter_id)=(956418b0-cdaa-405a-91f7-063f52c2283d) is not present in table "chapters".

2026-07-31 23:23:52,132 [ERROR] Сбой стиха 343 в файле C:\MyDev\OliverHellwig\sanskrit\dcs\data\conllu\files\Amarakośa\Amarakośa-0001-AKośa, 2-491.conllu: insert or update on table "verses" violates foreign key constraint "verses_chapter_id_fkey"
DETAIL:  Key (chapter_id)=(956418b0-cdaa-405a-91f7-063f52c2283d) is not present in table "chapters".

2026-07-31 23:23:52,133 [ERROR] Сбой стиха 343 в файле C:\MyDev\OliverHellwig\sanskrit\dcs\data\conllu\files\Amarakośa\Amarakośa-0001-AKośa, 2-491.conllu: insert or update on table "verses" violates foreign key constraint "verses_chapter_id_fkey"
DETAIL:  Key (chapter_id)=(956418b0-cdaa-405a-91f7-063f52c2283d) is not present in table "chapters".

2026-07-31 23:23:52,134 [ERROR] Сбой стиха 343 в файле C:\MyDev\OliverHellwig\sanskrit\dcs\data\conllu\files\Amarakośa\Amarakośa-0001-AKośa, 2-491.conllu: insert or update on table "verses" violates foreign key constraint "verses_chapter_id_fkey"
DETAIL:  Key (chapter_id)=(956418b0-cdaa-405a-91f7-063f52c2283d) is not present in table "chapters".

2026-07-31 23:23:52,136 [ERROR] Сбой стиха 343 в файле C:\MyDev\OliverHellwig\sanskrit\dcs\data\conllu\files\Amarakośa\Amarakośa-0001-AKośa, 2-491.conllu: insert or update on table "verses" violates foreign key constraint "verses_chapter_id_fkey"
DETAIL:  Key (chapter_id)=(956418b0-cdaa-405a-91f7-063f52c2283d) is not present in table "chapters".

2026-07-31 23:23:52,137 [ERROR] Сбой стиха 343 в файле C:\MyDev\OliverHellwig\sanskrit\dcs\data\conllu\files\Amarakośa\Amarakośa-0001-AKośa, 2-491.conllu: insert or update on table "verses" violates foreign key constraint "verses_chapter_id_fkey"
DETAIL:  Key (chapter_id)=(956418b0-cdaa-405a-91f7-063f52c2283d) is not present in table "chapters".

2026-07-31 23:23:52,138 [ERROR] Сбой стиха 343 в файле C:\MyDev\OliverHellwig\sanskrit\dcs\data\conllu\files\Amarakośa\Amarakośa-0001-AKośa, 2-491.conllu: insert or update on table "verses" violates foreign key constraint "verses_chapter_id_fkey"
DETAIL:  Key (chapter_id)=(956418b0-cdaa-405a-91f7-063f52c2283d) is not present in table "chapters".

2026-07-31 23:23:52,139 [ERROR] Сбой стиха 343 в файле C:\MyDev\OliverHellwig\sanskrit\dcs\data\conllu\files\Amarakośa\Amarakośa-0001-AKośa, 2-491.conllu: insert or update on table "verses" violates foreign key constraint "verses_chapter_id_fkey"
DETAIL:  Key (chapter_id)=(956418b0-cdaa-405a-91f7-063f52c2283d) is not present in table "chapters".

2026-07-31 23:23:52,141 [ERROR] Сбой стиха 343 в файле C:\MyDev\OliverHellwig\sanskrit\dcs\data\conllu\files\Amarakośa\Amarakośa-0001-AKośa, 2-491.conllu: insert or update on table "verses" violates foreign key constraint "verses_chapter_id_fkey"
DETAIL:  Key (chapter_id)=(956418b0-cdaa-405a-91f7-063f52c2283d) is not present in table "chapters".

2026-07-31 23:23:52,142 [ERROR] Сбой стиха 343 в файле C:\MyDev\OliverHellwig\sanskrit\dcs\data\conllu\files\Amarakośa\Amarakośa-0001-AKośa, 2-491.conllu: insert or update on table "verses" violates foreign key constraint "verses_chapter_id_fkey"
DETAIL:  Key (chapter_id)=(956418b0-cdaa-405a-91f7-063f52c2283d) is not present in table "chapters".

2026-07-31 23:23:52,144 [ERROR] Сбой стиха 343 в файле C:\MyDev\OliverHellwig\sanskrit\dcs\data\conllu\files\Amarakośa\Amarakośa-0001-AKośa, 2-491.conllu: insert or update on table "verses" violates foreign key constraint "verses_chapter_id_fkey"
DETAIL:  Key (chapter_id)=(956418b0-cdaa-405a-91f7-063f52c2283d) is not present in table "chapters".

2026-07-31 23:23:52,146 [ERROR] Сбой стиха 343 в файле C:\MyDev\OliverHellwig\sanskrit\dcs\data\conllu\files\Amarakośa\Amarakośa-0001-AKośa, 2-491.conllu: insert or update on table "verses" violates foreign key constraint "verses_chapter_id_fkey"
DETAIL:  Key (chapter_id)=(956418b0-cdaa-405a-91f7-063f52c2283d) is not present in table "chapters".

2026-07-31 23:23:52,147 [ERROR] Сбой стиха 343 в файле C:\MyDev\OliverHellwig\sanskrit\dcs\data\conllu\files\Amarakośa\Amarakośa-0001-AKośa, 2-491.conllu: insert or update on table "verses" violates foreign key constraint "verses_chapter_id_fkey"
DETAIL:  Key (chapter_id)=(956418b0-cdaa-405a-91f7-063f52c2283d) is not present in table "chapters".

2026-07-31 23:23:52,158 [ERROR] Сбой стиха 343 в файле C:\MyDev\OliverHellwig\sanskrit\dcs\data\conllu\files\Amarakośa\Amarakośa-0001-AKośa, 2-491.conllu: insert or update on table "verses" violates foreign key constraint "verses_chapter_id_fkey"
DETAIL:  Key (chapter_id)=(956418b0-cdaa-405a-91f7-063f52c2283d) is not present in table "chapters".

2026-07-31 23:23:52,168 [ERROR] Сбой стиха 343 в файле C:\MyDev\OliverHellwig\sanskrit\dcs\data\conllu\files\Amarakośa\Amarakośa-0001-AKośa, 2-491.conllu: insert or update on table "verses" violates foreign key constraint "verses_chapter_id_fkey"
DETAIL:  Key (chapter_id)=(956418b0-cdaa-405a-91f7-063f52c2283d) is not present in table "chapters".

2026-07-31 23:23:52,169 [ERROR] Сбой стиха 343 в файле C:\MyDev\OliverHellwig\sanskrit\dcs\data\conllu\files\Amarakośa\Amarakośa-0001-AKośa, 2-491.conllu: insert or update on table "verses" violates foreign key constraint "verses_chapter_id_fkey"
DETAIL:  Key (chapter_id)=(956418b0-cdaa-405a-91f7-063f52c2283d) is not present in table "chapters".

2026-07-31 23:23:52,170 [ERROR] Сбой стиха 343 в файле C:\MyDev\OliverHellwig\sanskrit\dcs\data\conllu\files\Amarakośa\Amarakośa-0001-AKośa, 2-491.conllu: insert or update on table "verses" violates foreign key constraint "verses_chapter_id_fkey"
DETAIL:  Key (chapter_id)=(956418b0-cdaa-405a-91f7-063f52c2283d) is not present in table "chapters".

2026-07-31 23:23:52,172 [ERROR] Сбой стиха 343 в файле C:\MyDev\OliverHellwig\sanskrit\dcs\data\conllu\files\Amarakośa\Amarakośa-0001-AKośa, 2-491.conllu: insert or update on table "verses" violates foreign key constraint "verses_chapter_id_fkey"
DETAIL:  Key (chapter_id)=(956418b0-cdaa-405a-91f7-063f52c2283d) is not present in table "chapters".

2026-07-31 23:23:52,173 [ERROR] Сбой стиха 343 в файле C:\MyDev\OliverHellwig\sanskrit\dcs\data\conllu\files\Amarakośa\Amarakośa-0001-AKośa, 2-491.conllu: insert or update on table "verses" violates foreign key constraint "verses_chapter_id_fkey"
DETAIL:  Key (chapter_id)=(956418b0-cdaa-405a-91f7-063f52c2283d) is not present in table "chapters".

2026-07-31 23:23:52,175 [ERROR] Сбой стиха 343 в файле C:\MyDev\OliverHellwig\sanskrit\dcs\data\conllu\files\Amarakośa\Amarakośa-0001-AKośa, 2-491.conllu: insert or update on table "verses" violates foreign key constraint "verses_chapter_id_fkey"
DETAIL:  Key (chapter_id)=(956418b0-cdaa-405a-91f7-063f52c2283d) is not present in table "chapters".

2026-07-31 23:23:52,176 [ERROR] Сбой стиха 343 в файле C:\MyDev\OliverHellwig\sanskrit\dcs\data\conllu\files\Amarakośa\Amarakośa-0001-AKośa, 2-491.conllu: insert or update on table "verses" violates foreign key constraint "verses_chapter_id_fkey"
DETAIL:  Key (chapter_id)=(956418b0-cdaa-405a-91f7-063f52c2283d) is not present in table "chapters".

2026-07-31 23:23:52,177 [ERROR] Сбой стиха 343 в файле C:\MyDev\OliverHellwig\sanskrit\dcs\data\conllu\files\Amarakośa\Amarakośa-0001-AKośa, 2-491.conllu: insert or update on table "verses" violates foreign key constraint "verses_chapter_id_fkey"
DETAIL:  Key (chapter_id)=(956418b0-cdaa-405a-91f7-063f52c2283d) is not present in table "chapters".

2026-07-31 23:23:52,178 [ERROR] Сбой стиха 343 в файле C:\MyDev\OliverHellwig\sanskrit\dcs\data\conllu\files\Amarakośa\Amarakośa-0001-AKośa, 2-491.conllu: insert or update on table "verses" violates foreign key constraint "verses_chapter_id_fkey"
DETAIL:  Key (chapter_id)=(956418b0-cdaa-405a-91f7-063f52c2283d) is not present in table "chapters".

2026-07-31 23:23:52,180 [ERROR] Сбой стиха 343 в файле C:\MyDev\OliverHellwig\sanskrit\dcs\data\conllu\files\Amarakośa\Amarakośa-0001-AKośa, 2-491.conllu: insert or update on table "verses" violates foreign key constraint "verses_chapter_id_fkey"
DETAIL:  Key (chapter_id)=(956418b0-cdaa-405a-91f7-063f52c2283d) is not present in table "chapters".

2026-07-31 23:23:52,181 [ERROR] Сбой стиха 343 в файле C:\MyDev\OliverHellwig\sanskrit\dcs\data\conllu\files\Amarakośa\Amarakośa-0001-AKośa, 2-491.conllu: insert or update on table "verses" violates foreign key constraint "verses_chapter_id_fkey"
DETAIL:  Key (chapter_id)=(956418b0-cdaa-405a-91f7-063f52c2283d) is not present in table "chapters".

2026-07-31 23:23:52,182 [ERROR] Сбой стиха 343 в файле C:\MyDev\OliverHellwig\sanskrit\dcs\data\conllu\files\Amarakośa\Amarakośa-0001-AKośa, 2-491.conllu: insert or update on table "verses" violates foreign key constraint "verses_chapter_id_fkey"
DETAIL:  Key (chapter_id)=(956418b0-cdaa-405a-91f7-063f52c2283d) is not present in table "chapters".

2026-07-31 23:23:52,184 [ERROR] Сбой стиха 343 в файле C:\MyDev\OliverHellwig\sanskrit\dcs\data\conllu\files\Amarakośa\Amarakośa-0001-AKośa, 2-491.conllu: insert or update on table "verses" violates foreign key constraint "verses_chapter_id_fkey"
DETAIL:  Key (chapter_id)=(956418b0-cdaa-405a-91f7-063f52c2283d) is not present in table "chapters".

2026-07-31 23:23:52,185 [ERROR] Сбой стиха 343 в файле C:\MyDev\OliverHellwig\sanskrit\dcs\data\conllu\files\Amarakośa\Amarakośa-0001-AKośa, 2-491.conllu: insert or update on table "verses" violates foreign key constraint "verses_chapter_id_fkey"
DETAIL:  Key (chapter_id)=(956418b0-cdaa-405a-91f7-063f52c2283d) is not present in table "chapters".

2026-07-31 23:23:52,186 [ERROR] Сбой стиха 343 в файле C:\MyDev\OliverHellwig\sanskrit\dcs\data\conllu\files\Amarakośa\Amarakośa-0001-AKośa, 2-491.conllu: insert or update on table "verses" violates foreign key constraint "verses_chapter_id_fkey"
DETAIL:  Key (chapter_id)=(956418b0-cdaa-405a-91f7-063f52c2283d) is not present in table "chapters".

2026-07-31 23:23:52,193 [ERROR] Сбой стиха 343 в файле C:\MyDev\OliverHellwig\sanskrit\dcs\data\conllu\files\Amarakośa\Amarakośa-0001-AKośa, 2-491.conllu: insert or update on table "verses" violates foreign key constraint "verses_chapter_id_fkey"
DETAIL:  Key (chapter_id)=(956418b0-cdaa-405a-91f7-063f52c2283d) is not present in table "chapters".

2026-07-31 23:23:52,205 [ERROR] Сбой стиха 343 в файле C:\MyDev\OliverHellwig\sanskrit\dcs\data\conllu\files\Amarakośa\Amarakośa-0001-AKośa, 2-491.conllu: insert or update on table "verses" violates foreign key constraint "verses_chapter_id_fkey"
DETAIL:  Key (chapter_id)=(956418b0-cdaa-405a-91f7-063f52c2283d) is not present in table "chapters".

2026-07-31 23:23:52,210 [ERROR] Сбой стиха 343 в файле C:\MyDev\OliverHellwig\sanskrit\dcs\data\conllu\files\Amarakośa\Amarakośa-0001-AKośa, 2-491.conllu: insert or update on table "verses" violates foreign key constraint "verses_chapter_id_fkey"
DETAIL:  Key (chapter_id)=(956418b0-cdaa-405a-91f7-063f52c2283d) is not present in table "chapters".

2026-07-31 23:23:52,212 [ERROR] Сбой стиха 343 в файле C:\MyDev\OliverHellwig\sanskrit\dcs\data\conllu\files\Amarakośa\Amarakośa-0001-AKośa, 2-491.conllu: insert or update on table "verses" violates foreign key constraint "verses_chapter_id_fkey"
DETAIL:  Key (chapter_id)=(956418b0-cdaa-405a-91f7-063f52c2283d) is not present in table "chapters".

2026-07-31 23:23:52,213 [ERROR] Сбой стиха 343 в файле C:\MyDev\OliverHellwig\sanskrit\dcs\data\conllu\files\Amarakośa\Amarakośa-0001-AKośa, 2-491.conllu: insert or update on table "verses" violates foreign key constraint "verses_chapter_id_fkey"
DETAIL:  Key (chapter_id)=(956418b0-cdaa-405a-91f7-063f52c2283d) is not present in table "chapters".

2026-07-31 23:23:52,214 [ERROR] Сбой стиха 343 в файле C:\MyDev\OliverHellwig\sanskrit\dcs\data\conllu\files\Amarakośa\Amarakośa-0001-AKośa, 2-491.conllu: insert or update on table "verses" violates foreign key constraint "verses_chapter_id_fkey"
DETAIL:  Key (chapter_id)=(956418b0-cdaa-405a-91f7-063f52c2283d) is not present in table "chapters".

2026-07-31 23:23:52,216 [ERROR] Сбой стиха 343 в файле C:\MyDev\OliverHellwig\sanskrit\dcs\data\conllu\files\Amarakośa\Amarakośa-0001-AKośa, 2-491.conllu: insert or update on table "verses" violates foreign key constraint "verses_chapter_id_fkey"
DETAIL:  Key (chapter_id)=(956418b0-cdaa-405a-91f7-063f52c2283d) is not present in table "chapters".

2026-07-31 23:23:52,222 [ERROR] Сбой стиха 343 в файле C:\MyDev\OliverHellwig\sanskrit\dcs\data\conllu\files\Amarakośa\Amarakośa-0001-AKośa, 2-491.conllu: insert or update on table "verses" violates foreign key constraint "verses_chapter_id_fkey"
DETAIL:  Key (chapter_id)=(956418b0-cdaa-405a-91f7-063f52c2283d) is not present in table "chapters".

2026-07-31 23:23:52,230 [ERROR] Сбой стиха 343 в файле C:\MyDev\OliverHellwig\sanskrit\dcs\data\conllu\files\Amarakośa\Amarakośa-0001-AKośa, 2-491.conllu: insert or update on table "verses" violates foreign key constraint "verses_chapter_id_fkey"
DETAIL:  Key (chapter_id)=(956418b0-cdaa-405a-91f7-063f52c2283d) is not present in table "chapters".

2026-07-31 23:23:52,235 [ERROR] Сбой стиха 343 в файле C:\MyDev\OliverHellwig\sanskrit\dcs\data\conllu\files\Amarakośa\Amarakośa-0001-AKośa, 2-491.conllu: insert or update on table "verses" violates foreign key constraint "verses_chapter_id_fkey"
DETAIL:  Key (chapter_id)=(956418b0-cdaa-405a-91f7-063f52c2283d) is not present in table "chapters".

2026-07-31 23:23:52,246 [ERROR] Сбой стиха 343 в файле C:\MyDev\OliverHellwig\sanskrit\dcs\data\conllu\files\Amarakośa\Amarakośa-0001-AKośa, 2-491.conllu: insert or update on table "verses" violates foreign key constraint "verses_chapter_id_fkey"
DETAIL:  Key (chapter_id)=(956418b0-cdaa-405a-91f7-063f52c2283d) is not present in table "chapters".

2026-07-31 23:23:52,256 [ERROR] Сбой стиха 343 в файле C:\MyDev\OliverHellwig\sanskrit\dcs\data\conllu\files\Amarakośa\Amarakośa-0001-AKośa, 2-491.conllu: insert or update on table "verses" violates foreign key constraint "verses_chapter_id_fkey"
DETAIL:  Key (chapter_id)=(956418b0-cdaa-405a-91f7-063f52c2283d) is not present in table "chapters".

2026-07-31 23:23:52,261 [ERROR] Сбой стиха 343 в файле C:\MyDev\OliverHellwig\sanskrit\dcs\data\conllu\files\Amarakośa\Amarakośa-0001-AKośa, 2-491.conllu: insert or update on table "verses" violates foreign key constraint "verses_chapter_id_fkey"
DETAIL:  Key (chapter_id)=(956418b0-cdaa-405a-91f7-063f52c2283d) is not present in table "chapters".

2026-07-31 23:23:52,263 [ERROR] Сбой стиха 343 в файле C:\MyDev\OliverHellwig\sanskrit\dcs\data\conllu\files\Amarakośa\Amarakośa-0001-AKośa, 2-491.conllu: insert or update on table "verses" violates foreign key constraint "verses_chapter_id_fkey"
DETAIL:  Key (chapter_id)=(956418b0-cdaa-405a-91f7-063f52c2283d) is not present in table "chapters".

2026-07-31 23:23:52,265 [ERROR] Сбой стиха 343 в файле C:\MyDev\OliverHellwig\sanskrit\dcs\data\conllu\files\Amarakośa\Amarakośa-0001-AKośa, 2-491.conllu: insert or update on table "verses" violates foreign key constraint "verses_chapter_id_fkey"
DETAIL:  Key (chapter_id)=(956418b0-cdaa-405a-91f7-063f52c2283d) is not present in table "chapters".

2026-07-31 23:23:52,267 [ERROR] Сбой стиха 343 в файле C:\MyDev\OliverHellwig\sanskrit\dcs\data\conllu\files\Amarakośa\Amarakośa-0001-AKośa, 2-491.conllu: insert or update on table "verses" violates foreign key constraint "verses_chapter_id_fkey"
DETAIL:  Key (chapter_id)=(956418b0-cdaa-405a-91f7-063f52c2283d) is not present in table "chapters".

2026-07-31 23:23:52,269 [ERROR] Сбой стиха 343 в файле C:\MyDev\OliverHellwig\sanskrit\dcs\data\conllu\files\Amarakośa\Amarakośa-0001-AKośa, 2-491.conllu: insert or update on table "verses" violates foreign key constraint "verses_chapter_id_fkey"
DETAIL:  Key (chapter_id)=(956418b0-cdaa-405a-91f7-063f52c2283d) is not present in table "chapters".

2026-07-31 23:23:52,271 [ERROR] Сбой стиха 343 в файле C:\MyDev\OliverHellwig\sanskrit\dcs\data\conllu\files\Amarakośa\Amarakośa-0001-AKośa, 2-491.conllu: insert or update on table "verses" violates foreign key constraint "verses_chapter_id_fkey"
DETAIL:  Key (chapter_id)=(956418b0-cdaa-405a-91f7-063f52c2283d) is not present in table "chapters".

2026-07-31 23:23:52,273 [ERROR] Сбой стиха 343 в файле C:\MyDev\OliverHellwig\sanskrit\dcs\data\conllu\files\Amarakośa\Amarakośa-0001-AKośa, 2-491.conllu: insert or update on table "verses" violates foreign key constraint "verses_chapter_id_fkey"
DETAIL:  Key (chapter_id)=(956418b0-cdaa-405a-91f7-063f52c2283d) is not present in table "chapters".

2026-07-31 23:23:52,275 [ERROR] Сбой стиха 343 в файле C:\MyDev\OliverHellwig\sanskrit\dcs\data\conllu\files\Amarakośa\Amarakośa-0001-AKośa, 2-491.conllu: insert or update on table "verses" violates foreign key constraint "verses_chapter_id_fkey"
DETAIL:  Key (chapter_id)=(956418b0-cdaa-405a-91f7-063f52c2283d) is not present in table "chapters".

2026-07-31 23:23:52,276 [ERROR] Сбой стиха 343 в файле C:\MyDev\OliverHellwig\sanskrit\dcs\data\conllu\files\Amarakośa\Amarakośa-0001-AKośa, 2-491.conllu: insert or update on table "verses" violates foreign key constraint "verses_chapter_id_fkey"
DETAIL:  Key (chapter_id)=(956418b0-cdaa-405a-91f7-063f52c2283d) is not present in table "chapters".

2026-07-31 23:23:52,279 [ERROR] Сбой стиха 343 в файле C:\MyDev\OliverHellwig\sanskrit\dcs\data\conllu\files\Amarakośa\Amarakośa-0001-AKośa, 2-491.conllu: insert or update on table "verses" violates foreign key constraint "verses_chapter_id_fkey"
DETAIL:  Key (chapter_id)=(956418b0-cdaa-405a-91f7-063f52c2283d) is not present in table "chapters".

2026-07-31 23:23:52,280 [ERROR] Сбой стиха 343 в файле C:\MyDev\OliverHellwig\sanskrit\dcs\data\conllu\files\Amarakośa\Amarakośa-0001-AKośa, 2-491.conllu: insert or update on table "verses" violates foreign key constraint "verses_chapter_id_fkey"
DETAIL:  Key (chapter_id)=(956418b0-cdaa-405a-91f7-063f52c2283d) is not present in table "chapters".

2026-07-31 23:23:52,282 [ERROR] Сбой стиха 343 в файле C:\MyDev\OliverHellwig\sanskrit\dcs\data\conllu\files\Amarakośa\Amarakośa-0001-AKośa, 2-491.conllu: insert or update on table "verses" violates foreign key constraint "verses_chapter_id_fkey"
DETAIL:  Key (chapter_id)=(956418b0-cdaa-405a-91f7-063f52c2283d) is not present in table "chapters".

2026-07-31 23:23:52,283 [ERROR] Сбой стиха 343 в файле C:\MyDev\OliverHellwig\sanskrit\dcs\data\conllu\files\Amarakośa\Amarakośa-0001-AKośa, 2-491.conllu: insert or update on table "verses" violates foreign key constraint "verses_chapter_id_fkey"
DETAIL:  Key (chapter_id)=(956418b0-cdaa-405a-91f7-063f52c2283d) is not present in table "chapters".

2026-07-31 23:23:52,285 [ERROR] Сбой стиха 343 в файле C:\MyDev\OliverHellwig\sanskrit\dcs\data\conllu\files\Amarakośa\Amarakośa-0001-AKośa, 2-491.conllu: insert or update on table "verses" violates foreign key constraint "verses_chapter_id_fkey"
DETAIL:  Key (chapter_id)=(956418b0-cdaa-405a-91f7-063f52c2283d) is not present in table "chapters".

2026-07-31 23:23:52,286 [ERROR] Сбой стиха 343 в файле C:\MyDev\OliverHellwig\sanskrit\dcs\data\conllu\files\Amarakośa\Amarakośa-0001-AKośa, 2-491.conllu: insert or update on table "verses" violates foreign key constraint "verses_chapter_id_fkey"
DETAIL:  Key (chapter_id)=(956418b0-cdaa-405a-91f7-063f52c2283d) is not present in table "chapters".

2026-07-31 23:23:52,288 [ERROR] Сбой стиха 343 в файле C:\MyDev\OliverHellwig\sanskrit\dcs\data\conllu\files\Amarakośa\Amarakośa-0001-AKośa, 2-491.conllu: insert or update on table "verses" violates foreign key constraint "verses_chapter_id_fkey"
DETAIL:  Key (chapter_id)=(956418b0-cdaa-405a-91f7-063f52c2283d) is not present in table "chapters".

2026-07-31 23:23:52,289 [ERROR] Сбой стиха 343 в файле C:\MyDev\OliverHellwig\sanskrit\dcs\data\conllu\files\Amarakośa\Amarakośa-0001-AKośa, 2-491.conllu: insert or update on table "verses" violates foreign key constraint "verses_chapter_id_fkey"
DETAIL:  Key (chapter_id)=(956418b0-cdaa-405a-91f7-063f52c2283d) is not present in table "chapters".

2026-07-31 23:23:52,291 [ERROR] Сбой стиха 343 в файле C:\MyDev\OliverHellwig\sanskrit\dcs\data\conllu\files\Amarakośa\Amarakośa-0001-AKośa, 2-491.conllu: insert or update on table "verses" violates foreign key constraint "verses_chapter_id_fkey"
DETAIL:  Key (chapter_id)=(956418b0-cdaa-405a-91f7-063f52c2283d) is not present in table "chapters".

2026-07-31 23:23:52,294 [ERROR] Сбой стиха 343 в файле C:\MyDev\OliverHellwig\sanskrit\dcs\data\conllu\files\Amarakośa\Amarakośa-0001-AKośa, 2-491.conllu: insert or update on table "verses" violates foreign key constraint "verses_chapter_id_fkey"
DETAIL:  Key (chapter_id)=(956418b0-cdaa-405a-91f7-063f52c2283d) is not present in table "chapters".

2026-07-31 23:23:52,295 [ERROR] Сбой стиха 343 в файле C:\MyDev\OliverHellwig\sanskrit\dcs\data\conllu\files\Amarakośa\Amarakośa-0001-AKośa, 2-491.conllu: insert or update on table "verses" violates foreign key constraint "verses_chapter_id_fkey"
DETAIL:  Key (chapter_id)=(956418b0-cdaa-405a-91f7-063f52c2283d) is not present in table "chapters".

2026-07-31 23:23:52,297 [ERROR] Сбой стиха 343 в файле C:\MyDev\OliverHellwig\sanskrit\dcs\data\conllu\files\Amarakośa\Amarakośa-0001-AKośa, 2-491.conllu: insert or update on table "verses" violates foreign key constraint "verses_chapter_id_fkey"
DETAIL:  Key (chapter_id)=(956418b0-cdaa-405a-91f7-063f52c2283d) is not present in table "chapters".

2026-07-31 23:23:52,299 [ERROR] Сбой стиха 343 в файле C:\MyDev\OliverHellwig\sanskrit\dcs\data\conllu\files\Amarakośa\Amarakośa-0001-AKośa, 2-491.conllu: insert or update on table "verses" violates foreign key constraint "verses_chapter_id_fkey"
DETAIL:  Key (chapter_id)=(956418b0-cdaa-405a-91f7-063f52c2283d) is not present in table "chapters".

2026-07-31 23:23:52,300 [ERROR] Сбой стиха 343 в файле C:\MyDev\OliverHellwig\sanskrit\dcs\data\conllu\files\Amarakośa\Amarakośa-0001-AKośa, 2-491.conllu: insert or update on table "verses" violates foreign key constraint "verses_chapter_id_fkey"
DETAIL:  Key (chapter_id)=(956418b0-cdaa-405a-91f7-063f52c2283d) is not present in table "chapters".

2026-07-31 23:23:52,301 [ERROR] Сбой стиха 343 в файле C:\MyDev\OliverHellwig\sanskrit\dcs\data\conllu\files\Amarakośa\Amarakośa-0001-AKośa, 2-491.conllu: insert or update on table "verses" violates foreign key constraint "verses_chapter_id_fkey"
DETAIL:  Key (chapter_id)=(956418b0-cdaa-405a-91f7-063f52c2283d) is not present in table "chapters".

2026-07-31 23:23:52,303 [ERROR] Сбой стиха 343 в файле C:\MyDev\OliverHellwig\sanskrit\dcs\data\conllu\files\Amarakośa\Amarakośa-0001-AKośa, 2-491.conllu: insert or update on table "verses" violates foreign key constraint "verses_chapter_id_fkey"
DETAIL:  Key (chapter_id)=(956418b0-cdaa-405a-91f7-063f52c2283d) is not present in table "chapters".

2026-07-31 23:23:52,305 [ERROR] Сбой стиха 343 в файле C:\MyDev\OliverHellwig\sanskrit\dcs\data\conllu\files\Amarakośa\Amarakośa-0001-AKośa, 2-491.conllu: insert or update on table "verses" violates foreign key constraint "verses_chapter_id_fkey"
DETAIL:  Key (chapter_id)=(956418b0-cdaa-405a-91f7-063f52c2283d) is not present in table "chapters".

2026-07-31 23:23:52,307 [ERROR] Сбой стиха 343 в файле C:\MyDev\OliverHellwig\sanskrit\dcs\data\conllu\files\Amarakośa\Amarakośa-0001-AKośa, 2-491.conllu: insert or update on table "verses" violates foreign key constraint "verses_chapter_id_fkey"
DETAIL:  Key (chapter_id)=(956418b0-cdaa-405a-91f7-063f52c2283d) is not present in table "chapters".

2026-07-31 23:23:52,308 [ERROR] Сбой стиха 343 в файле C:\MyDev\OliverHellwig\sanskrit\dcs\data\conllu\files\Amarakośa\Amarakośa-0001-AKośa, 2-491.conllu: insert or update on table "verses" violates foreign key constraint "verses_chapter_id_fkey"
DETAIL:  Key (chapter_id)=(956418b0-cdaa-405a-91f7-063f52c2283d) is not present in table "chapters".

2026-07-31 23:23:52,310 [ERROR] Сбой стиха 343 в файле C:\MyDev\OliverHellwig\sanskrit\dcs\data\conllu\files\Amarakośa\Amarakośa-0001-AKośa, 2-491.conllu: insert or update on table "verses" violates foreign key constraint "verses_chapter_id_fkey"
DETAIL:  Key (chapter_id)=(956418b0-cdaa-405a-91f7-063f52c2283d) is not present in table "chapters".

2026-07-31 23:23:52,317 [ERROR] Сбой стиха 343 в файле C:\MyDev\OliverHellwig\sanskrit\dcs\data\conllu\files\Amarakośa\Amarakośa-0001-AKośa, 2-491.conllu: insert or update on table "verses" violates foreign key constraint "verses_chapter_id_fkey"
DETAIL:  Key (chapter_id)=(956418b0-cdaa-405a-91f7-063f52c2283d) is not present in table "chapters".

2026-07-31 23:23:52,328 [ERROR] Сбой стиха 343 в файле C:\MyDev\OliverHellwig\sanskrit\dcs\data\conllu\files\Amarakośa\Amarakośa-0001-AKośa, 2-491.conllu: insert or update on table "verses" violates foreign key constraint "verses_chapter_id_fkey"
DETAIL:  Key (chapter_id)=(956418b0-cdaa-405a-91f7-063f52c2283d) is not present in table "chapters".

2026-07-31 23:23:52,332 [ERROR] Сбой стиха 343 в файле C:\MyDev\OliverHellwig\sanskrit\dcs\data\conllu\files\Amarakośa\Amarakośa-0001-AKośa, 2-491.conllu: insert or update on table "verses" violates foreign key constraint "verses_chapter_id_fkey"
DETAIL:  Key (chapter_id)=(956418b0-cdaa-405a-91f7-063f52c2283d) is not present in table "chapters".

2026-07-31 23:23:52,334 [ERROR] Сбой стиха 343 в файле C:\MyDev\OliverHellwig\sanskrit\dcs\data\conllu\files\Amarakośa\Amarakośa-0001-AKośa, 2-491.conllu: insert or update on table "verses" violates foreign key constraint "verses_chapter_id_fkey"
DETAIL:  Key (chapter_id)=(956418b0-cdaa-405a-91f7-063f52c2283d) is not present in table "chapters".

2026-07-31 23:23:52,336 [ERROR] Сбой стиха 343 в файле C:\MyDev\OliverHellwig\sanskrit\dcs\data\conllu\files\Amarakośa\Amarakośa-0001-AKośa, 2-491.conllu: insert or update on table "verses" violates foreign key constraint "verses_chapter_id_fkey"
DETAIL:  Key (chapter_id)=(956418b0-cdaa-405a-91f7-063f52c2283d) is not present in table "chapters".

2026-07-31 23:23:52,338 [ERROR] Сбой стиха 343 в файле C:\MyDev\OliverHellwig\sanskrit\dcs\data\conllu\files\Amarakośa\Amarakośa-0001-AKośa, 2-491.conllu: insert or update on table "verses" violates foreign key constraint "verses_chapter_id_fkey"
DETAIL:  Key (chapter_id)=(956418b0-cdaa-405a-91f7-063f52c2283d) is not present in table "chapters".

2026-07-31 23:23:52,339 [ERROR] Сбой стиха 343 в файле C:\MyDev\OliverHellwig\sanskrit\dcs\data\conllu\files\Amarakośa\Amarakośa-0001-AKośa, 2-491.conllu: insert or update on table "verses" violates foreign key constraint "verses_chapter_id_fkey"
DETAIL:  Key (chapter_id)=(956418b0-cdaa-405a-91f7-063f52c2283d) is not present in table "chapters".

2026-07-31 23:23:52,341 [ERROR] Сбой стиха 343 в файле C:\MyDev\OliverHellwig\sanskrit\dcs\data\conllu\files\Amarakośa\Amarakośa-0001-AKośa, 2-491.conllu: insert or update on table "verses" violates foreign key constraint "verses_chapter_id_fkey"
DETAIL:  Key (chapter_id)=(956418b0-cdaa-405a-91f7-063f52c2283d) is not present in table "chapters".

2026-07-31 23:23:52,343 [ERROR] Сбой стиха 343 в файле C:\MyDev\OliverHellwig\sanskrit\dcs\data\conllu\files\Amarakośa\Amarakośa-0001-AKośa, 2-491.conllu: insert or update on table "verses" violates foreign key constraint "verses_chapter_id_fkey"
DETAIL:  Key (chapter_id)=(956418b0-cdaa-405a-91f7-063f52c2283d) is not present in table "chapters".

2026-07-31 23:23:52,345 [ERROR] Сбой стиха 343 в файле C:\MyDev\OliverHellwig\sanskrit\dcs\data\conllu\files\Amarakośa\Amarakośa-0001-AKośa, 2-491.conllu: insert or update on table "verses" violates foreign key constraint "verses_chapter_id_fkey"
DETAIL:  Key (chapter_id)=(956418b0-cdaa-405a-91f7-063f52c2283d) is not present in table "chapters".

2026-07-31 23:23:52,346 [ERROR] Сбой стиха 343 в файле C:\MyDev\OliverHellwig\sanskrit\dcs\data\conllu\files\Amarakośa\Amarakośa-0001-AKośa, 2-491.conllu: insert or update on table "verses" violates foreign key constraint "verses_chapter_id_fkey"
DETAIL:  Key (chapter_id)=(956418b0-cdaa-405a-91f7-063f52c2283d) is not present in table "chapters".

2026-07-31 23:23:52,347 [ERROR] Сбой стиха 343 в файле C:\MyDev\OliverHellwig\sanskrit\dcs\data\conllu\files\Amarakośa\Amarakośa-0001-AKośa, 2-491.conllu: insert or update on table "verses" violates foreign key constraint "verses_chapter_id_fkey"
DETAIL:  Key (chapter_id)=(956418b0-cdaa-405a-91f7-063f52c2283d) is not present in table "chapters".

2026-07-31 23:23:52,349 [ERROR] Сбой стиха 343 в файле C:\MyDev\OliverHellwig\sanskrit\dcs\data\conllu\files\Amarakośa\Amarakośa-0001-AKośa, 2-491.conllu: insert or update on table "verses" violates foreign key constraint "verses_chapter_id_fkey"
DETAIL:  Key (chapter_id)=(956418b0-cdaa-405a-91f7-063f52c2283d) is not present in table "chapters".

2026-07-31 23:23:52,350 [ERROR] Сбой стиха 343 в файле C:\MyDev\OliverHellwig\sanskrit\dcs\data\conllu\files\Amarakośa\Amarakośa-0001-AKośa, 2-491.conllu: insert or update on table "verses" violates foreign key constraint "verses_chapter_id_fkey"
DETAIL:  Key (chapter_id)=(956418b0-cdaa-405a-91f7-063f52c2283d) is not present in table "chapters".

2026-07-31 23:23:52,351 [ERROR] Сбой стиха 343 в файле C:\MyDev\OliverHellwig\sanskrit\dcs\data\conllu\files\Amarakośa\Amarakośa-0001-AKośa, 2-491.conllu: insert or update on table "verses" violates foreign key constraint "verses_chapter_id_fkey"
DETAIL:  Key (chapter_id)=(956418b0-cdaa-405a-91f7-063f52c2283d) is not present in table "chapters".

2026-07-31 23:23:52,355 [ERROR] Сбой стиха 343 в файле C:\MyDev\OliverHellwig\sanskrit\dcs\data\conllu\files\Amarakośa\Amarakośa-0001-AKośa, 2-491.conllu: insert or update on table "verses" violates foreign key constraint "verses_chapter_id_fkey"
DETAIL:  Key (chapter_id)=(956418b0-cdaa-405a-91f7-063f52c2283d) is not present in table "chapters".

2026-07-31 23:23:52,356 [ERROR] Сбой стиха 343 в файле C:\MyDev\OliverHellwig\sanskrit\dcs\data\conllu\files\Amarakośa\Amarakośa-0001-AKośa, 2-491.conllu: insert or update on table "verses" violates foreign key constraint "verses_chapter_id_fkey"
DETAIL:  Key (chapter_id)=(956418b0-cdaa-405a-91f7-063f52c2283d) is not present in table "chapters".

2026-07-31 23:23:52,357 [ERROR] Сбой стиха 343 в файле C:\MyDev\OliverHellwig\sanskrit\dcs\data\conllu\files\Amarakośa\Amarakośa-0001-AKośa, 2-491.conllu: insert or update on table "verses" violates foreign key constraint "verses_chapter_id_fkey"
DETAIL:  Key (chapter_id)=(956418b0-cdaa-405a-91f7-063f52c2283d) is not present in table "chapters".

2026-07-31 23:23:52,359 [ERROR] Сбой стиха 343 в файле C:\MyDev\OliverHellwig\sanskrit\dcs\data\conllu\files\Amarakośa\Amarakośa-0001-AKośa, 2-491.conllu: insert or update on table "verses" violates foreign key constraint "verses_chapter_id_fkey"
DETAIL:  Key (chapter_id)=(956418b0-cdaa-405a-91f7-063f52c2283d) is not present in table "chapters".

2026-07-31 23:23:52,361 [ERROR] Сбой стиха 343 в файле C:\MyDev\OliverHellwig\sanskrit\dcs\data\conllu\files\Amarakośa\Amarakośa-0001-AKośa, 2-491.conllu: insert or update on table "verses" violates foreign key constraint "verses_chapter_id_fkey"
DETAIL:  Key (chapter_id)=(956418b0-cdaa-405a-91f7-063f52c2283d) is not present in table "chapters".

2026-07-31 23:23:52,362 [ERROR] Сбой стиха 343 в файле C:\MyDev\OliverHellwig\sanskrit\dcs\data\conllu\files\Amarakośa\Amarakośa-0001-AKośa, 2-491.conllu: insert or update on table "verses" violates foreign key constraint "verses_chapter_id_fkey"
DETAIL:  Key (chapter_id)=(956418b0-cdaa-405a-91f7-063f52c2283d) is not present in table "chapters".

2026-07-31 23:23:52,364 [ERROR] Сбой стиха 343 в файле C:\MyDev\OliverHellwig\sanskrit\dcs\data\conllu\files\Amarakośa\Amarakośa-0001-AKośa, 2-491.conllu: insert or update on table "verses" violates foreign key constraint "verses_chapter_id_fkey"
DETAIL:  Key (chapter_id)=(956418b0-cdaa-405a-91f7-063f52c2283d) is not present in table "chapters".

2026-07-31 23:23:52,365 [ERROR] Сбой стиха 343 в файле C:\MyDev\OliverHellwig\sanskrit\dcs\data\conllu\files\Amarakośa\Amarakośa-0001-AKośa, 2-491.conllu: insert or update on table "verses" violates foreign key constraint "verses_chapter_id_fkey"
DETAIL:  Key (chapter_id)=(956418b0-cdaa-405a-91f7-063f52c2283d) is not present in table "chapters".

2026-07-31 23:23:52,366 [ERROR] Сбой стиха 343 в файле C:\MyDev\OliverHellwig\sanskrit\dcs\data\conllu\files\Amarakośa\Amarakośa-0001-AKośa, 2-491.conllu: insert or update on table "verses" violates foreign key constraint "verses_chapter_id_fkey"
DETAIL:  Key (chapter_id)=(956418b0-cdaa-405a-91f7-063f52c2283d) is not present in table "chapters".

2026-07-31 23:23:52,368 [ERROR] Сбой стиха 343 в файле C:\MyDev\OliverHellwig\sanskrit\dcs\data\conllu\files\Amarakośa\Amarakośa-0001-AKośa, 2-491.conllu: insert or update on table "verses" violates foreign key constraint "verses_chapter_id_fkey"
DETAIL:  Key (chapter_id)=(956418b0-cdaa-405a-91f7-063f52c2283d) is not present in table "chapters".

2026-07-31 23:23:52,369 [ERROR] Сбой стиха 343 в файле C:\MyDev\OliverHellwig\sanskrit\dcs\data\conllu\files\Amarakośa\Amarakośa-0001-AKośa, 2-491.conllu: insert or update on table "verses" violates foreign key constraint "verses_chapter_id_fkey"
DETAIL:  Key (chapter_id)=(956418b0-cdaa-405a-91f7-063f52c2283d) is not present in table "chapters".

2026-07-31 23:23:52,371 [ERROR] Сбой стиха 343 в файле C:\MyDev\OliverHellwig\sanskrit\dcs\data\conllu\files\Amarakośa\Amarakośa-0001-AKośa, 2-491.conllu: insert or update on table "verses" violates foreign key constraint "verses_chapter_id_fkey"
DETAIL:  Key (chapter_id)=(956418b0-cdaa-405a-91f7-063f52c2283d) is not present in table "chapters".

2026-07-31 23:23:52,372 [ERROR] Сбой стиха 343 в файле C:\MyDev\OliverHellwig\sanskrit\dcs\data\conllu\files\Amarakośa\Amarakośa-0001-AKośa, 2-491.conllu: insert or update on table "verses" violates foreign key constraint "verses_chapter_id_fkey"
DETAIL:  Key (chapter_id)=(956418b0-cdaa-405a-91f7-063f52c2283d) is not present in table "chapters".

2026-07-31 23:23:52,373 [ERROR] Сбой стиха 343 в файле C:\MyDev\OliverHellwig\sanskrit\dcs\data\conllu\files\Amarakośa\Amarakośa-0001-AKośa, 2-491.conllu: insert or update on table "verses" violates foreign key constraint "verses_chapter_id_fkey"
DETAIL:  Key (chapter_id)=(956418b0-cdaa-405a-91f7-063f52c2283d) is not present in table "chapters".

2026-07-31 23:23:52,378 [ERROR] Сбой стиха 343 в файле C:\MyDev\OliverHellwig\sanskrit\dcs\data\conllu\files\Amarakośa\Amarakośa-0001-AKośa, 2-491.conllu: insert or update on table "verses" violates foreign key constraint "verses_chapter_id_fkey"
DETAIL:  Key (chapter_id)=(956418b0-cdaa-405a-91f7-063f52c2283d) is not present in table "chapters".

2026-07-31 23:23:52,387 [ERROR] Сбой стиха 343 в файле C:\MyDev\OliverHellwig\sanskrit\dcs\data\conllu\files\Amarakośa\Amarakośa-0001-AKośa, 2-491.conllu: insert or update on table "verses" violates foreign key constraint "verses_chapter_id_fkey"
DETAIL:  Key (chapter_id)=(956418b0-cdaa-405a-91f7-063f52c2283d) is not present in table "chapters".

2026-07-31 23:23:52,394 [ERROR] Сбой стиха 343 в файле C:\MyDev\OliverHellwig\sanskrit\dcs\data\conllu\files\Amarakośa\Amarakośa-0001-AKośa, 2-491.conllu: insert or update on table "verses" violates foreign key constraint "verses_chapter_id_fkey"
DETAIL:  Key (chapter_id)=(956418b0-cdaa-405a-91f7-063f52c2283d) is not present in table "chapters".

2026-07-31 23:23:52,395 [ERROR] Сбой стиха 343 в файле C:\MyDev\OliverHellwig\sanskrit\dcs\data\conllu\files\Amarakośa\Amarakośa-0001-AKośa, 2-491.conllu: insert or update on table "verses" violates foreign key constraint "verses_chapter_id_fkey"
DETAIL:  Key (chapter_id)=(956418b0-cdaa-405a-91f7-063f52c2283d) is not present in table "chapters".

2026-07-31 23:23:52,397 [ERROR] Сбой стиха 343 в файле C:\MyDev\OliverHellwig\sanskrit\dcs\data\conllu\files\Amarakośa\Amarakośa-0001-AKośa, 2-491.conllu: insert or update on table "verses" violates foreign key constraint "verses_chapter_id_fkey"
DETAIL:  Key (chapter_id)=(956418b0-cdaa-405a-91f7-063f52c2283d) is not present in table "chapters".

2026-07-31 23:23:52,399 [ERROR] Сбой стиха 343 в файле C:\MyDev\OliverHellwig\sanskrit\dcs\data\conllu\files\Amarakośa\Amarakośa-0001-AKośa, 2-491.conllu: insert or update on table "verses" violates foreign key constraint "verses_chapter_id_fkey"
DETAIL:  Key (chapter_id)=(956418b0-cdaa-405a-91f7-063f52c2283d) is not present in table "chapters".

2026-07-31 23:23:52,401 [ERROR] Сбой стиха 343 в файле C:\MyDev\OliverHellwig\sanskrit\dcs\data\conllu\files\Amarakośa\Amarakośa-0001-AKośa, 2-491.conllu: insert or update on table "verses" violates foreign key constraint "verses_chapter_id_fkey"
DETAIL:  Key (chapter_id)=(956418b0-cdaa-405a-91f7-063f52c2283d) is not present in table "chapters".

2026-07-31 23:23:52,403 [ERROR] Сбой стиха 343 в файле C:\MyDev\OliverHellwig\sanskrit\dcs\data\conllu\files\Amarakośa\Amarakośa-0001-AKośa, 2-491.conllu: insert or update on table "verses" violates foreign key constraint "verses_chapter_id_fkey"
DETAIL:  Key (chapter_id)=(956418b0-cdaa-405a-91f7-063f52c2283d) is not present in table "chapters".

2026-07-31 23:23:52,404 [ERROR] Сбой стиха 343 в файле C:\MyDev\OliverHellwig\sanskrit\dcs\data\conllu\files\Amarakośa\Amarakośa-0001-AKośa, 2-491.conllu: insert or update on table "verses" violates foreign key constraint "verses_chapter_id_fkey"
DETAIL:  Key (chapter_id)=(956418b0-cdaa-405a-91f7-063f52c2283d) is not present in table "chapters".

2026-07-31 23:23:52,406 [ERROR] Сбой стиха 343 в файле C:\MyDev\OliverHellwig\sanskrit\dcs\data\conllu\files\Amarakośa\Amarakośa-0001-AKośa, 2-491.conllu: insert or update on table "verses" violates foreign key constraint "verses_chapter_id_fkey"
DETAIL:  Key (chapter_id)=(956418b0-cdaa-405a-91f7-063f52c2283d) is not present in table "chapters".

2026-07-31 23:23:52,407 [ERROR] Сбой стиха 343 в файле C:\MyDev\OliverHellwig\sanskrit\dcs\data\conllu\files\Amarakośa\Amarakośa-0001-AKośa, 2-491.conllu: insert or update on table "verses" violates foreign key constraint "verses_chapter_id_fkey"
DETAIL:  Key (chapter_id)=(956418b0-cdaa-405a-91f7-063f52c2283d) is not present in table "chapters".

2026-07-31 23:23:52,408 [ERROR] Сбой стиха 343 в файле C:\MyDev\OliverHellwig\sanskrit\dcs\data\conllu\files\Amarakośa\Amarakośa-0001-AKośa, 2-491.conllu: insert or update on table "verses" violates foreign key constraint "verses_chapter_id_fkey"
DETAIL:  Key (chapter_id)=(956418b0-cdaa-405a-91f7-063f52c2283d) is not present in table "chapters".

2026-07-31 23:23:52,409 [ERROR] Сбой стиха 343 в файле C:\MyDev\OliverHellwig\sanskrit\dcs\data\conllu\files\Amarakośa\Amarakośa-0001-AKośa, 2-491.conllu: insert or update on table "verses" violates foreign key constraint "verses_chapter_id_fkey"
DETAIL:  Key (chapter_id)=(956418b0-cdaa-405a-91f7-063f52c2283d) is not present in table "chapters".

2026-07-31 23:23:52,411 [ERROR] Сбой стиха 343 в файле C:\MyDev\OliverHellwig\sanskrit\dcs\data\conllu\files\Amarakośa\Amarakośa-0001-AKośa, 2-491.conllu: insert or update on table "verses" violates foreign key constraint "verses_chapter_id_fkey"
DETAIL:  Key (chapter_id)=(956418b0-cdaa-405a-91f7-063f52c2283d) is not present in table "chapters".

2026-07-31 23:23:52,412 [ERROR] Сбой стиха 343 в файле C:\MyDev\OliverHellwig\sanskrit\dcs\data\conllu\files\Amarakośa\Amarakośa-0001-AKośa, 2-491.conllu: insert or update on table "verses" violates foreign key constraint "verses_chapter_id_fkey"
DETAIL:  Key (chapter_id)=(956418b0-cdaa-405a-91f7-063f52c2283d) is not present in table "chapters".

2026-07-31 23:23:52,415 [ERROR] Сбой стиха 343 в файле C:\MyDev\OliverHellwig\sanskrit\dcs\data\conllu\files\Amarakośa\Amarakośa-0001-AKośa, 2-491.conllu: insert or update on table "verses" violates foreign key constraint "verses_chapter_id_fkey"
DETAIL:  Key (chapter_id)=(956418b0-cdaa-405a-91f7-063f52c2283d) is not present in table "chapters".

2026-07-31 23:23:52,416 [ERROR] Сбой стиха 343 в файле C:\MyDev\OliverHellwig\sanskrit\dcs\data\conllu\files\Amarakośa\Amarakośa-0001-AKośa, 2-491.conllu: insert or update on table "verses" violates foreign key constraint "verses_chapter_id_fkey"
DETAIL:  Key (chapter_id)=(956418b0-cdaa-405a-91f7-063f52c2283d) is not present in table "chapters".

2026-07-31 23:23:52,418 [ERROR] Сбой стиха 343 в файле C:\MyDev\OliverHellwig\sanskrit\dcs\data\conllu\files\Amarakośa\Amarakośa-0001-AKośa, 2-491.conllu: insert or update on table "verses" violates foreign key constraint "verses_chapter_id_fkey"
DETAIL:  Key (chapter_id)=(956418b0-cdaa-405a-91f7-063f52c2283d) is not present in table "chapters".

2026-07-31 23:23:52,419 [ERROR] Сбой стиха 343 в файле C:\MyDev\OliverHellwig\sanskrit\dcs\data\conllu\files\Amarakośa\Amarakośa-0001-AKośa, 2-491.conllu: insert or update on table "verses" violates foreign key constraint "verses_chapter_id_fkey"
DETAIL:  Key (chapter_id)=(956418b0-cdaa-405a-91f7-063f52c2283d) is not present in table "chapters".

2026-07-31 23:23:52,420 [ERROR] Сбой стиха 343 в файле C:\MyDev\OliverHellwig\sanskrit\dcs\data\conllu\files\Amarakośa\Amarakośa-0001-AKośa, 2-491.conllu: insert or update on table "verses" violates foreign key constraint "verses_chapter_id_fkey"
DETAIL:  Key (chapter_id)=(956418b0-cdaa-405a-91f7-063f52c2283d) is not present in table "chapters".

2026-07-31 23:23:52,421 [ERROR] Сбой стиха 343 в файле C:\MyDev\OliverHellwig\sanskrit\dcs\data\conllu\files\Amarakośa\Amarakośa-0001-AKośa, 2-491.conllu: insert or update on table "verses" violates foreign key constraint "verses_chapter_id_fkey"
DETAIL:  Key (chapter_id)=(956418b0-cdaa-405a-91f7-063f52c2283d) is not present in table "chapters".

2026-07-31 23:23:52,423 [ERROR] Сбой стиха 343 в файле C:\MyDev\OliverHellwig\sanskrit\dcs\data\conllu\files\Amarakośa\Amarakośa-0001-AKośa, 2-491.conllu: insert or update on table "verses" violates foreign key constraint "verses_chapter_id_fkey"
DETAIL:  Key (chapter_id)=(956418b0-cdaa-405a-91f7-063f52c2283d) is not present in table "chapters".

2026-07-31 23:23:52,424 [ERROR] Сбой стиха 343 в файле C:\MyDev\OliverHellwig\sanskrit\dcs\data\conllu\files\Amarakośa\Amarakośa-0001-AKośa, 2-491.conllu: insert or update on table "verses" violates foreign key constraint "verses_chapter_id_fkey"
DETAIL:  Key (chapter_id)=(956418b0-cdaa-405a-91f7-063f52c2283d) is not present in table "chapters".

2026-07-31 23:23:52,425 [ERROR] Сбой стиха 343 в файле C:\MyDev\OliverHellwig\sanskrit\dcs\data\conllu\files\Amarakośa\Amarakośa-0001-AKośa, 2-491.conllu: insert or update on table "verses" violates foreign key constraint "verses_chapter_id_fkey"
DETAIL:  Key (chapter_id)=(956418b0-cdaa-405a-91f7-063f52c2283d) is not present in table "chapters".

2026-07-31 23:23:52,427 [ERROR] Сбой стиха 343 в файле C:\MyDev\OliverHellwig\sanskrit\dcs\data\conllu\files\Amarakośa\Amarakośa-0001-AKośa, 2-491.conllu: insert or update on table "verses" violates foreign key constraint "verses_chapter_id_fkey"
DETAIL:  Key (chapter_id)=(956418b0-cdaa-405a-91f7-063f52c2283d) is not present in table "chapters".

2026-07-31 23:23:52,428 [ERROR] Сбой стиха 343 в файле C:\MyDev\OliverHellwig\sanskrit\dcs\data\conllu\files\Amarakośa\Amarakośa-0001-AKośa, 2-491.conllu: insert or update on table "verses" violates foreign key constraint "verses_chapter_id_fkey"
DETAIL:  Key (chapter_id)=(956418b0-cdaa-405a-91f7-063f52c2283d) is not present in table "chapters".

2026-07-31 23:23:52,431 [ERROR] Сбой стиха 343 в файле C:\MyDev\OliverHellwig\sanskrit\dcs\data\conllu\files\Amarakośa\Amarakośa-0001-AKośa, 2-491.conllu: insert or update on table "verses" violates foreign key constraint "verses_chapter_id_fkey"
DETAIL:  Key (chapter_id)=(956418b0-cdaa-405a-91f7-063f52c2283d) is not present in table "chapters".

2026-07-31 23:23:52,432 [ERROR] Сбой стиха 343 в файле C:\MyDev\OliverHellwig\sanskrit\dcs\data\conllu\files\Amarakośa\Amarakośa-0001-AKośa, 2-491.conllu: insert or update on table "verses" violates foreign key constraint "verses_chapter_id_fkey"
DETAIL:  Key (chapter_id)=(956418b0-cdaa-405a-91f7-063f52c2283d) is not present in table "chapters".

2026-07-31 23:23:52,439 [ERROR] Сбой стиха 343 в файле C:\MyDev\OliverHellwig\sanskrit\dcs\data\conllu\files\Amarakośa\Amarakośa-0001-AKośa, 2-491.conllu: insert or update on table "verses" violates foreign key constraint "verses_chapter_id_fkey"
DETAIL:  Key (chapter_id)=(956418b0-cdaa-405a-91f7-063f52c2283d) is not present in table "chapters".

2026-07-31 23:23:52,447 [ERROR] Сбой стиха 343 в файле C:\MyDev\OliverHellwig\sanskrit\dcs\data\conllu\files\Amarakośa\Amarakośa-0001-AKośa, 2-491.conllu: insert or update on table "verses" violates foreign key constraint "verses_chapter_id_fkey"
DETAIL:  Key (chapter_id)=(956418b0-cdaa-405a-91f7-063f52c2283d) is not present in table "chapters".

2026-07-31 23:23:52,456 [ERROR] Сбой стиха 343 в файле C:\MyDev\OliverHellwig\sanskrit\dcs\data\conllu\files\Amarakośa\Amarakośa-0001-AKośa, 2-491.conllu: insert or update on table "verses" violates foreign key constraint "verses_chapter_id_fkey"
DETAIL:  Key (chapter_id)=(956418b0-cdaa-405a-91f7-063f52c2283d) is not present in table "chapters".

2026-07-31 23:23:52,457 [ERROR] Сбой стиха 343 в файле C:\MyDev\OliverHellwig\sanskrit\dcs\data\conllu\files\Amarakośa\Amarakośa-0001-AKośa, 2-491.conllu: insert or update on table "verses" violates foreign key constraint "verses_chapter_id_fkey"
DETAIL:  Key (chapter_id)=(956418b0-cdaa-405a-91f7-063f52c2283d) is not present in table "chapters".

2026-07-31 23:23:52,459 [ERROR] Сбой стиха 343 в файле C:\MyDev\OliverHellwig\sanskrit\dcs\data\conllu\files\Amarakośa\Amarakośa-0001-AKośa, 2-491.conllu: insert or update on table "verses" violates foreign key constraint "verses_chapter_id_fkey"
DETAIL:  Key (chapter_id)=(956418b0-cdaa-405a-91f7-063f52c2283d) is not present in table "chapters".

2026-07-31 23:23:52,461 [ERROR] Сбой стиха 343 в файле C:\MyDev\OliverHellwig\sanskrit\dcs\data\conllu\files\Amarakośa\Amarakośa-0001-AKośa, 2-491.conllu: insert or update on table "verses" violates foreign key constraint "verses_chapter_id_fkey"
DETAIL:  Key (chapter_id)=(956418b0-cdaa-405a-91f7-063f52c2283d) is not present in table "chapters".

2026-07-31 23:23:52,462 [ERROR] Сбой стиха 343 в файле C:\MyDev\OliverHellwig\sanskrit\dcs\data\conllu\files\Amarakośa\Amarakośa-0001-AKośa, 2-491.conllu: insert or update on table "verses" violates foreign key constraint "verses_chapter_id_fkey"
DETAIL:  Key (chapter_id)=(956418b0-cdaa-405a-91f7-063f52c2283d) is not present in table "chapters".

2026-07-31 23:23:52,463 [ERROR] Сбой стиха 343 в файле C:\MyDev\OliverHellwig\sanskrit\dcs\data\conllu\files\Amarakośa\Amarakośa-0001-AKośa, 2-491.conllu: insert or update on table "verses" violates foreign key constraint "verses_chapter_id_fkey"
DETAIL:  Key (chapter_id)=(956418b0-cdaa-405a-91f7-063f52c2283d) is not present in table "chapters".

2026-07-31 23:23:52,465 [ERROR] Сбой стиха 343 в файле C:\MyDev\OliverHellwig\sanskrit\dcs\data\conllu\files\Amarakośa\Amarakośa-0001-AKośa, 2-491.conllu: insert or update on table "verses" violates foreign key constraint "verses_chapter_id_fkey"
DETAIL:  Key (chapter_id)=(956418b0-cdaa-405a-91f7-063f52c2283d) is not present in table "chapters".

2026-07-31 23:23:52,466 [ERROR] Сбой стиха 343 в файле C:\MyDev\OliverHellwig\sanskrit\dcs\data\conllu\files\Amarakośa\Amarakośa-0001-AKośa, 2-491.conllu: insert or update on table "verses" violates foreign key constraint "verses_chapter_id_fkey"
DETAIL:  Key (chapter_id)=(956418b0-cdaa-405a-91f7-063f52c2283d) is not present in table "chapters".

2026-07-31 23:23:52,468 [ERROR] Сбой стиха 343 в файле C:\MyDev\OliverHellwig\sanskrit\dcs\data\conllu\files\Amarakośa\Amarakośa-0001-AKośa, 2-491.conllu: insert or update on table "verses" violates foreign key constraint "verses_chapter_id_fkey"
DETAIL:  Key (chapter_id)=(956418b0-cdaa-405a-91f7-063f52c2283d) is not present in table "chapters".

2026-07-31 23:23:52,469 [ERROR] Сбой стиха 343 в файле C:\MyDev\OliverHellwig\sanskrit\dcs\data\conllu\files\Amarakośa\Amarakośa-0001-AKośa, 2-491.conllu: insert or update on table "verses" violates foreign key constraint "verses_chapter_id_fkey"
DETAIL:  Key (chapter_id)=(956418b0-cdaa-405a-91f7-063f52c2283d) is not present in table "chapters".

2026-07-31 23:23:52,470 [ERROR] Сбой стиха 343 в файле C:\MyDev\OliverHellwig\sanskrit\dcs\data\conllu\files\Amarakośa\Amarakośa-0001-AKośa, 2-491.conllu: insert or update on table "verses" violates foreign key constraint "verses_chapter_id_fkey"
DETAIL:  Key (chapter_id)=(956418b0-cdaa-405a-91f7-063f52c2283d) is not present in table "chapters".

2026-07-31 23:23:52,472 [ERROR] Сбой стиха 343 в файле C:\MyDev\OliverHellwig\sanskrit\dcs\data\conllu\files\Amarakośa\Amarakośa-0001-AKośa, 2-491.conllu: insert or update on table "verses" violates foreign key constraint "verses_chapter_id_fkey"
DETAIL:  Key (chapter_id)=(956418b0-cdaa-405a-91f7-063f52c2283d) is not present in table "chapters".

2026-07-31 23:23:52,473 [ERROR] Сбой стиха 343 в файле C:\MyDev\OliverHellwig\sanskrit\dcs\data\conllu\files\Amarakośa\Amarakośa-0001-AKośa, 2-491.conllu: insert or update on table "verses" violates foreign key constraint "verses_chapter_id_fkey"
DETAIL:  Key (chapter_id)=(956418b0-cdaa-405a-91f7-063f52c2283d) is not present in table "chapters".

2026-07-31 23:23:52,476 [ERROR] Сбой стиха 343 в файле C:\MyDev\OliverHellwig\sanskrit\dcs\data\conllu\files\Amarakośa\Amarakośa-0001-AKośa, 2-491.conllu: insert or update on table "verses" violates foreign key constraint "verses_chapter_id_fkey"
DETAIL:  Key (chapter_id)=(956418b0-cdaa-405a-91f7-063f52c2283d) is not present in table "chapters".

2026-07-31 23:23:52,477 [ERROR] Сбой стиха 343 в файле C:\MyDev\OliverHellwig\sanskrit\dcs\data\conllu\files\Amarakośa\Amarakośa-0001-AKośa, 2-491.conllu: insert or update on table "verses" violates foreign key constraint "verses_chapter_id_fkey"
DETAIL:  Key (chapter_id)=(956418b0-cdaa-405a-91f7-063f52c2283d) is not present in table "chapters".

2026-07-31 23:23:52,487 [ERROR] Сбой стиха 343 в файле C:\MyDev\OliverHellwig\sanskrit\dcs\data\conllu\files\Amarakośa\Amarakośa-0001-AKośa, 2-491.conllu: insert or update on table "verses" violates foreign key constraint "verses_chapter_id_fkey"
DETAIL:  Key (chapter_id)=(956418b0-cdaa-405a-91f7-063f52c2283d) is not present in table "chapters".

2026-07-31 23:23:52,497 [ERROR] Сбой стиха 343 в файле C:\MyDev\OliverHellwig\sanskrit\dcs\data\conllu\files\Amarakośa\Amarakośa-0001-AKośa, 2-491.conllu: insert or update on table "verses" violates foreign key constraint "verses_chapter_id_fkey"
DETAIL:  Key (chapter_id)=(956418b0-cdaa-405a-91f7-063f52c2283d) is not present in table "chapters".

2026-07-31 23:23:52,499 [ERROR] Сбой стиха 343 в файле C:\MyDev\OliverHellwig\sanskrit\dcs\data\conllu\files\Amarakośa\Amarakośa-0001-AKośa, 2-491.conllu: insert or update on table "verses" violates foreign key constraint "verses_chapter_id_fkey"
DETAIL:  Key (chapter_id)=(956418b0-cdaa-405a-91f7-063f52c2283d) is not present in table "chapters".

2026-07-31 23:23:52,500 [ERROR] Сбой стиха 343 в файле C:\MyDev\OliverHellwig\sanskrit\dcs\data\conllu\files\Amarakośa\Amarakośa-0001-AKośa, 2-491.conllu: insert or update on table "verses" violates foreign key constraint "verses_chapter_id_fkey"
DETAIL:  Key (chapter_id)=(956418b0-cdaa-405a-91f7-063f52c2283d) is not present in table "chapters".

2026-07-31 23:23:52,501 [ERROR] Сбой стиха 343 в файле C:\MyDev\OliverHellwig\sanskrit\dcs\data\conllu\files\Amarakośa\Amarakośa-0001-AKośa, 2-491.conllu: insert or update on table "verses" violates foreign key constraint "verses_chapter_id_fkey"
DETAIL:  Key (chapter_id)=(956418b0-cdaa-405a-91f7-063f52c2283d) is not present in table "chapters".

2026-07-31 23:23:52,503 [ERROR] Сбой стиха 343 в файле C:\MyDev\OliverHellwig\sanskrit\dcs\data\conllu\files\Amarakośa\Amarakośa-0001-AKośa, 2-491.conllu: insert or update on table "verses" violates foreign key constraint "verses_chapter_id_fkey"
DETAIL:  Key (chapter_id)=(956418b0-cdaa-405a-91f7-063f52c2283d) is not present in table "chapters".

2026-07-31 23:23:52,504 [ERROR] Сбой стиха 343 в файле C:\MyDev\OliverHellwig\sanskrit\dcs\data\conllu\files\Amarakośa\Amarakośa-0001-AKośa, 2-491.conllu: insert or update on table "verses" violates foreign key constraint "verses_chapter_id_fkey"
DETAIL:  Key (chapter_id)=(956418b0-cdaa-405a-91f7-063f52c2283d) is not present in table "chapters".

2026-07-31 23:23:52,505 [ERROR] Сбой стиха 343 в файле C:\MyDev\OliverHellwig\sanskrit\dcs\data\conllu\files\Amarakośa\Amarakośa-0001-AKośa, 2-491.conllu: insert or update on table "verses" violates foreign key constraint "verses_chapter_id_fkey"
DETAIL:  Key (chapter_id)=(956418b0-cdaa-405a-91f7-063f52c2283d) is not present in table "chapters".

2026-07-31 23:23:52,507 [ERROR] Сбой стиха 343 в файле C:\MyDev\OliverHellwig\sanskrit\dcs\data\conllu\files\Amarakośa\Amarakośa-0001-AKośa, 2-491.conllu: insert or update on table "verses" violates foreign key constraint "verses_chapter_id_fkey"
DETAIL:  Key (chapter_id)=(956418b0-cdaa-405a-91f7-063f52c2283d) is not present in table "chapters".

2026-07-31 23:23:52,508 [ERROR] Сбой стиха 343 в файле C:\MyDev\OliverHellwig\sanskrit\dcs\data\conllu\files\Amarakośa\Amarakośa-0001-AKośa, 2-491.conllu: insert or update on table "verses" violates foreign key constraint "verses_chapter_id_fkey"
DETAIL:  Key (chapter_id)=(956418b0-cdaa-405a-91f7-063f52c2283d) is not present in table "chapters".

2026-07-31 23:23:52,509 [ERROR] Сбой стиха 343 в файле C:\MyDev\OliverHellwig\sanskrit\dcs\data\conllu\files\Amarakośa\Amarakośa-0001-AKośa, 2-491.conllu: insert or update on table "verses" violates foreign key constraint "verses_chapter_id_fkey"
DETAIL:  Key (chapter_id)=(956418b0-cdaa-405a-91f7-063f52c2283d) is not present in table "chapters".

2026-07-31 23:23:52,511 [ERROR] Сбой стиха 343 в файле C:\MyDev\OliverHellwig\sanskrit\dcs\data\conllu\files\Amarakośa\Amarakośa-0001-AKośa, 2-491.conllu: insert or update on table "verses" violates foreign key constraint "verses_chapter_id_fkey"
DETAIL:  Key (chapter_id)=(956418b0-cdaa-405a-91f7-063f52c2283d) is not present in table "chapters".

2026-07-31 23:23:52,512 [ERROR] Сбой стиха 343 в файле C:\MyDev\OliverHellwig\sanskrit\dcs\data\conllu\files\Amarakośa\Amarakośa-0001-AKośa, 2-491.conllu: insert or update on table "verses" violates foreign key constraint "verses_chapter_id_fkey"
DETAIL:  Key (chapter_id)=(956418b0-cdaa-405a-91f7-063f52c2283d) is not present in table "chapters".

2026-07-31 23:23:52,513 [ERROR] Сбой стиха 343 в файле C:\MyDev\OliverHellwig\sanskrit\dcs\data\conllu\files\Amarakośa\Amarakośa-0001-AKośa, 2-491.conllu: insert or update on table "verses" violates foreign key constraint "verses_chapter_id_fkey"
DETAIL:  Key (chapter_id)=(956418b0-cdaa-405a-91f7-063f52c2283d) is not present in table "chapters".

2026-07-31 23:23:52,514 [INFO] Импорт завершен. Файлов обработано: 2, Стихов/предложений: 950
2026-07-31 23:23:53,685 [INFO] Импорт завершен. Файлов обработано: 1, Стихов/предложений: 81
2026-07-31 23:23:59,408 [INFO] Импорт завершен. Файлов обработано: 2, Стихов/предложений: 147
2026-07-31 23:23:59,613 [INFO] Импорт завершен. Файлов обработано: 1, Стихов/предложений: 8
2026-07-31 23:24:05,669 [INFO] Импорт завершен. Файлов обработано: 3, Стихов/предложений: 677
2026-07-31 23:24:08,961 [INFO] Импорт завершен. Файлов обработано: 2, Стихов/предложений: 332
2026-07-31 23:24:10,107 [INFO] Импорт завершен. Файлов обработано: 1, Стихов/предложений: 119
2026-07-31 23:24:10,915 [INFO] Импорт завершен. Файлов обработано: 1, Стихов/предложений: 86
2026-07-31 23:24:21,467 [INFO] Импорт завершен. Файлов обработано: 25, Стихов/предложений: 1232
2026-07-31 23:24:41,846 [INFO] Импорт завершен. Файлов обработано: 2, Стихов/предложений: 147
2026-07-31 23:24:42,067 [INFO] Импорт завершен. Файлов обработано: 1, Стихов/предложений: 8
2026-07-31 23:24:47,746 [INFO] Импорт завершен. Файлов обработано: 3, Стихов/предложений: 677
2026-07-31 23:24:50,836 [INFO] Импорт завершен. Файлов обработано: 2, Стихов/предложений: 332
2026-07-31 23:24:51,984 [INFO] Импорт завершен. Файлов обработано: 1, Стихов/предложений: 119
2026-07-31 23:24:52,796 [INFO] Импорт завершен. Файлов обработано: 1, Стихов/предложений: 86
2026-07-31 23:25:03,436 [INFO] Импорт завершен. Файлов обработано: 25, Стихов/предложений: 1232
2026-07-31 23:25:15,721 [INFO] Импорт завершен. Файлов обработано: 58, Стихов/предложений: 937
2026-07-31 23:26:19,168 [INFO] Импорт завершен. Файлов обработано: 285, Стихов/предложений: 4200
2026-07-31 23:26:20,394 [INFO] Импорт завершен. Файлов обработано: 13, Стихов/предложений: 141
2026-07-31 23:26:35,926 [INFO] Импорт завершен. Файлов обработано: 2, Стихов/предложений: 1888
2026-07-31 23:26:37,068 [INFO] Импорт завершен. Файлов обработано: 1, Стихов/предложений: 81
2026-07-31 23:26:40,592 [INFO] Импорт завершен. Файлов обработано: 1, Стихов/предложений: 212
2026-07-31 23:26:40,821 [INFO] Импорт завершен. Файлов обработано: 1, Стихов/предложений: 15
2026-07-31 23:27:03,678 [INFO] Импорт завершен. Файлов обработано: 60, Стихов/предложений: 2071
2026-07-31 23:27:13,455 [INFO] Импорт завершен. Файлов обработано: 43, Стихов/предложений: 984
2026-07-31 23:27:54,166 [INFO] Импорт завершен. Файлов обработано: 257, Стихов/предложений: 4099
2026-07-31 23:29:26,557 [INFO] Импорт завершен. Файлов обработано: 519, Стихов/предложений: 9105
2026-07-31 23:29:28,646 [INFO] Импорт завершен. Файлов обработано: 8, Стихов/предложений: 245
2026-07-31 23:29:50,400 [INFO] Импорт завершен. Файлов обработано: 22, Стихов/предложений: 1496
2026-07-31 23:29:55,399 [INFO] Импорт завершен. Файлов обработано: 68, Стихов/предложений: 561
2026-07-31 23:30:48,585 [INFO] Импорт завершен. Файлов обработано: 12, Стихов/предложений: 2362
2026-07-31 23:31:27,555 [INFO] Импорт завершен. Файлов обработано: 32, Стихов/предложений: 3982
2026-07-31 23:31:33,009 [INFO] Импорт завершен. Файлов обработано: 20, Стихов/предложений: 617
2026-07-31 23:33:36,100 [INFO] Импорт завершен. Файлов обработано: 120, Стихов/предложений: 14944
2026-07-31 23:33:41,767 [INFO] Импорт завершен. Файлов обработано: 1, Стихов/предложений: 814
2026-07-31 23:33:44,266 [INFO] Импорт завершен. Файлов обработано: 3, Стихов/предложений: 246
2026-07-31 23:34:02,316 [INFO] Импорт завершен. Файлов обработано: 57, Стихов/предложений: 2151
2026-07-31 23:34:19,588 [INFO] Импорт завершен. Файлов обработано: 50, Стихов/предложений: 1498
